title,journal,year,cites,type,doi,pmid,pmcid,isOA,facets,key,Titin domain architecture (Ig/Fn3),Titin elasticity & PEVK spring,Z-disc / Z-band,M-band / M-line,Thick filament / myosin,Thin filament / actin-tropomyosin,Sarcomere lattice & mechanics,Cryo-EM / structural biology,Titin signaling / kinase / N2B-N2A,Cardiac disease / cardiomyopathy,Skeletal muscle disease / myopathy,Phosphorylation / PTM,Isoforms & splicing
Myocardial stiffness in patients with heart failure and a preserved ejection fraction: contributions of collagen and titin.,Circulation,2015,539,,10.1161/circulationaha.114.013215,25637629.0,PMC4390480,N,"['titin_general', 'titin_mechanics']",10.1161/circulationaha.114.013215,False,True,False,False,False,False,False,False,True,True,False,True,True
HEART DISEASE. Titin mutations in iPS cells define sarcomere insufficiency as a cause of dilated cardiomyopathy.,"Science (New York, N.Y.)",2015,481,,10.1126/science.aaa5458,26315439.0,PMC4618316,N,['titin_general'],10.1126/science.aaa5458,False,False,False,False,False,False,False,False,False,True,True,False,False
"Integrated allelic, transcriptional, and phenomic dissection of the cardiac effects of titin truncations in health and disease.",Science translational medicine,2015,398,,10.1126/scitranslmed.3010134,25589632.0,PMC4560092,N,['titin_general'],10.1126/scitranslmed.3010134,False,False,False,False,False,False,False,False,False,True,True,False,True
Titin-truncating variants affect heart function in disease cohorts and the general population.,Nature genetics,2017,282,,10.1038/ng.3719,27869827.0,PMC5201198,Y,['titin_general'],10.1038/ng.3719,False,False,False,False,False,False,False,False,False,True,True,False,False
RBM20 Regulates Circular RNA Production From the Titin Gene.,Circulation research,2016,246,,10.1161/circresaha.116.309568,27531932.0,,N,['titin_general'],10.1161/circresaha.116.309568,False,False,False,False,False,False,False,False,False,True,True,False,True
Association Between Titin Loss-of-Function Variants and Early-Onset Atrial Fibrillation.,JAMA,2018,201,,10.1001/jama.2018.18179,30535219.0,PMC6436530,N,['titin_general'],10.1001/jama.2018.18179,False,False,False,False,False,False,False,False,False,True,False,False,False
Titin Gene and Protein Functions in Passive and Active Muscle.,Annual review of physiology,2018,169,,10.1146/annurev-physiol-021317-121234,29131758.0,,N,['titin_general'],10.1146/annurev-physiol-021317-121234,False,True,False,False,True,False,True,False,False,True,True,False,False
"Muscle structure, sarcomere length and influences on meat quality: A review.",Meat science,2017,156,,10.1016/j.meatsci.2017.04.261,28552497.0,,N,['sarcomere_architecture'],10.1016/j.meatsci.2017.04.261,False,False,True,False,True,True,True,False,False,False,False,False,False
Titin strain contributes to the Frank-Starling law of the heart by structural rearrangements of both thin- and thick-filament proteins.,Proceedings of the National Academy of Sciences of the United States of America,2016,154,,10.1073/pnas.1516732113,26858417.0,PMC4776536,N,"['thick_filament', 'titin_general']",10.1073/pnas.1516732113,False,False,False,False,True,True,True,True,False,False,False,False,True
Cryo-EM structure of the human cardiac myosin filament.,Nature,2023,147,,10.1038/s41586-023-06691-4,37914935.0,PMC10846670,N,['titin_cryoem'],10.1038/s41586-023-06691-4,False,False,False,False,True,True,False,True,False,True,False,False,False
Work Done by Titin Protein Folding Assists Muscle Contraction.,Cell reports,2016,143,,10.1016/j.celrep.2016.01.025,26854230.0,PMC4865255,N,['titin_general'],10.1016/j.celrep.2016.01.025,True,False,False,False,False,False,True,False,False,False,False,False,False
Truncating titin mutations are associated with a mild and treatable form of dilated cardiomyopathy.,European journal of heart failure,2017,142,,10.1002/ejhf.673,27813223.0,,N,['titin_general'],10.1002/ejhf.673,False,False,False,False,False,False,False,False,False,True,True,False,False
"Force Generation via β-Cardiac Myosin, Titin, and α-Actinin Drives Cardiac Sarcomere Assembly from Cell-Matrix Adhesions.",Developmental cell,2018,140,,10.1016/j.devcel.2017.12.012,29316444.0,PMC6421364,N,['titin_general'],10.1016/j.devcel.2017.12.012,False,False,True,False,False,False,False,False,False,True,True,False,False
"Titin cardiomyopathy leads to altered mitochondrial energetics, increased fibrosis and long-term life-threatening arrhythmias.",European heart journal,2018,138,,10.1093/eurheartj/ehx808,29377983.0,,N,['titin_general'],10.1093/eurheartj/ehx808,False,False,False,False,False,False,False,False,False,True,True,False,False
Structure of the native myosin filament in the relaxed cardiac sarcomere.,Nature,2023,129,,10.1038/s41586-023-06690-5,37914933.0,PMC10665186,Y,['sarcomere_architecture'],10.1038/s41586-023-06690-5,False,False,False,False,True,False,False,True,False,True,True,False,False
Role of titin in cardiomyopathy: from DNA variants to patient stratification.,Nature reviews. Cardiology,2018,127,,10.1038/nrcardio.2017.190,29238064.0,,N,['titin_general'],10.1038/nrcardio.2017.190,False,False,False,False,False,False,False,False,False,True,True,False,False
Genomics-First Evaluation of Heart Disease Associated With Titin-Truncating Variants.,Circulation,2019,125,,10.1161/circulationaha.119.039573,31216868.0,PMC6602806,N,['titin_general'],10.1161/circulationaha.119.039573,False,False,False,False,False,False,False,False,False,True,True,False,True
Titin mutation associated with responsiveness to checkpoint blockades in solid tumors.,JCI insight,2019,125,,10.1172/jci.insight.127901,31092729.0,PMC6542599,N,['titin_general'],10.1172/jci.insight.127901,False,False,False,False,False,False,False,False,False,False,False,False,False
The molecular basis for sarcomere organization in vertebrate skeletal muscle.,Cell,2021,125,,10.1016/j.cell.2021.02.047,33765442.0,PMC8054911,Y,['sarcomere_architecture'],10.1016/j.cell.2021.02.047,False,False,True,False,False,True,False,True,False,False,False,False,False
Rare truncating variants in the sarcomeric protein titin associate with familial and early-onset atrial fibrillation.,Nature communications,2018,117,,10.1038/s41467-018-06618-y,30333491.0,PMC6193003,Y,['titin_general'],10.1038/s41467-018-06618-y,False,False,False,False,False,False,False,False,False,True,False,False,False
The multiple roles of titin in muscle contraction and force production.,Biophysical reviews,2018,111,,10.1007/s12551-017-0395-y,29353351.0,PMC6082311,N,['titin_general'],10.1007/s12551-017-0395-y,False,False,False,False,False,False,True,False,False,False,False,False,False
Maturation status of sarcomere structure and function in human iPSC-derived cardiac myocytes.,Biochimica et biophysica acta,2016,109,,10.1016/j.bbamcr.2015.11.005,26578113.0,PMC4864165,N,['sarcomere_architecture'],10.1016/j.bbamcr.2015.11.005,False,False,False,False,False,False,True,False,False,True,False,False,False
Thick filament mechano-sensing is a calcium-independent regulatory mechanism in skeletal muscle.,Nature communications,2016,108,,10.1038/ncomms13281,27796302.0,PMC5095582,Y,['thick_filament'],10.1038/ncomms13281,False,False,False,False,True,True,False,True,False,False,False,False,False
Increasing Role of Titin Mutations in Neuromuscular Disorders.,Journal of neuromuscular diseases,2016,106,,10.3233/jnd-160158,27854229.0,PMC5123623,Y,['titin_general'],10.3233/jnd-160158,False,False,True,True,False,False,False,False,False,True,True,False,False
Truncated titin proteins and titin haploinsufficiency are targets for functional recovery in human cardiomyopathy due to <i>TTN</i> mutations.,Science translational medicine,2021,105,,10.1126/scitranslmed.abd3079,34731013.0,,N,['titin_general'],10.1126/scitranslmed.abd3079,False,False,False,True,False,False,False,False,False,True,True,False,True
"Titin (TTN): from molecule to modifications, mechanics, and medical significance.",Cardiovascular research,2022,105,,10.1093/cvr/cvab328,34662387.0,PMC9648829,Y,"['titin_general', 'titin_mechanics']",10.1093/cvr/cvab328,False,True,False,False,False,False,False,False,False,True,True,True,True
Antisense-mediated exon skipping: a therapeutic strategy for titin-based dilated cardiomyopathy.,EMBO molecular medicine,2015,103,,10.15252/emmm.201505047,25759365.0,PMC4492817,Y,['titin_general'],10.15252/emmm.201505047,False,False,False,False,False,False,False,False,False,True,True,False,False
Experimentally Increasing the Compliance of Titin Through RNA Binding Motif-20 (RBM20) Inhibition Improves Diastolic Function In a Mouse Model of Heart Failure With Preserved Ejection Fraction.,Circulation,2016,103,,10.1161/circulationaha.116.023003,27630136.0,PMC5069184,N,['titin_general'],10.1161/circulationaha.116.023003,False,False,False,False,False,False,False,False,True,True,False,False,True
Dynamics of equilibrium folding and unfolding transitions of titin immunoglobulin domain under constant forces.,Journal of the American Chemical Society,2015,102,,10.1021/ja5119368,25726700.0,PMC4446711,N,"['titin_general', 'titin_structure_domain']",10.1021/ja5119368,True,False,False,False,False,False,False,False,False,False,False,False,False
Titin as a force-generating muscle protein under regulatory control.,"Journal of applied physiology (Bethesda, Md. : 1985)",2019,97,,10.1152/japplphysiol.00865.2018,30521425.0,,N,['titin_general'],10.1152/japplphysiol.00865.2018,True,False,False,False,False,True,False,False,True,False,False,True,False
A mutation in the glutamate-rich region of RNA-binding motif protein 20 causes dilated cardiomyopathy through missplicing of titin and impaired Frank-Starling mechanism.,Cardiovascular research,2016,91,,10.1093/cvr/cvw192,27496873.0,,N,['titin_general'],10.1093/cvr/cvw192,False,False,False,False,False,False,False,False,True,True,True,False,True
Phenotype and Clinical Outcomes of Titin Cardiomyopathy.,Journal of the American College of Cardiology,2017,89,,10.1016/j.jacc.2017.08.063,29073955.0,PMC5666113,Y,['titin_general'],10.1016/j.jacc.2017.08.063,False,False,False,False,False,False,False,False,False,True,True,False,False
An internal promoter underlies the difference in disease severity between N- and C-terminal truncation mutations of Titin in zebrafish.,eLife,2015,89,,10.7554/elife.09406,26473617.0,PMC4720518,Y,['titin_general'],10.7554/elife.09406,False,False,False,False,False,False,False,False,False,True,True,False,False
Calcium increases titin N2A binding to F-actin and regulated thin filaments.,Scientific reports,2018,88,,10.1038/s41598-018-32952-8,30275509.0,PMC6167357,Y,['titin_general'],10.1038/s41598-018-32952-8,False,True,False,False,False,True,False,False,True,False,True,False,False
A Review of the Giant Protein Titin in Clinical Molecular Diagnostics of Cardiomyopathies.,Frontiers in cardiovascular medicine,2016,88,,10.3389/fcvm.2016.00021,27493940.0,PMC4954824,Y,['titin_general'],10.3389/fcvm.2016.00021,False,False,True,True,False,False,False,False,True,True,True,False,True
Prevalence of Titin Truncating Variants in General Population.,PloS one,2015,88,,10.1371/journal.pone.0145284,26701604.0,PMC4689403,Y,['titin_general'],10.1371/journal.pone.0145284,False,False,False,False,False,False,False,False,False,True,True,False,True
Folding pathway of an Ig domain is conserved on and off the ribosome.,Proceedings of the National Academy of Sciences of the United States of America,2018,81,,10.1073/pnas.1810523115,30413621.0,PMC6275497,Y,['titin_cryoem'],10.1073/pnas.1810523115,True,False,False,False,False,False,False,True,False,False,False,False,False
The M-band: The underestimated part of the sarcomere.,Biochimica et biophysica acta. Molecular cell research,2020,81,,10.1016/j.bbamcr.2019.02.003,30738787.0,PMC7023976,Y,['mband'],10.1016/j.bbamcr.2019.02.003,False,False,True,True,False,False,False,False,False,False,False,False,False
The giant protein titin regulates the length of the striated muscle thick filament.,Nature communications,2017,80,,10.1038/s41467-017-01144-9,29051486.0,PMC5648799,Y,"['thick_filament', 'titin_general']",10.1038/s41467-017-01144-9,False,False,False,False,True,False,False,False,False,True,True,False,False
Downsizing the molecular spring of the giant protein titin reveals that skeletal muscle titin determines passive stiffness and drives longitudinal hypertrophy.,eLife,2018,78,,10.7554/elife.40532,30565562.0,PMC6300359,Y,"['titin_general', 'titin_mechanics']",10.7554/elife.40532,False,False,False,False,False,True,True,False,False,False,False,False,False
Disulfide isomerization reactions in titin immunoglobulin domains enable a mode of protein elasticity.,Nature communications,2018,77,,10.1038/s41467-017-02528-7,29330363.0,PMC5766482,Y,"['titin_general', 'titin_mechanics']",10.1038/s41467-017-02528-7,True,False,False,False,False,False,False,False,False,False,False,False,False
Structure and Function of Filamin C in the Muscle Z-Disc.,International journal of molecular sciences,2020,77,,10.3390/ijms21082696,32295012.0,PMC7216277,Y,['zdisc'],10.3390/ijms21082696,False,False,True,False,False,True,False,False,True,True,True,True,False
Role of Titin Missense Variants in Dilated Cardiomyopathy.,Journal of the American Heart Association,2015,74,,10.1161/jaha.115.002645,26567375.0,PMC4845231,Y,['titin_general'],10.1161/jaha.115.002645,False,False,False,False,False,False,False,False,True,True,True,False,True
Residual Force Enhancement Following Eccentric Contractions: A New Mechanism Involving Titin.,"Physiology (Bethesda, Md.)",2016,74,,10.1152/physiol.00049.2014,27252165.0,,N,['titin_general'],10.1152/physiol.00049.2014,False,False,False,False,False,False,False,False,False,False,False,False,False
Physiological Mechanisms of Eccentric Contraction and Its Applications: A Role for the Giant Titin Protein.,Frontiers in physiology,2017,74,,10.3389/fphys.2017.00070,28232805.0,PMC5299520,Y,['titin_general'],10.3389/fphys.2017.00070,False,True,False,False,False,True,False,False,False,False,False,False,False
Diabetes-Induced Cardiomyocyte Passive Stiffening Is Caused by Impaired Insulin-Dependent Titin Modification and Can Be Modulated by Neuregulin-1.,Circulation research,2018,73,,10.1161/circresaha.117.312166,29760016.0,,N,['titin_general'],10.1161/circresaha.117.312166,False,False,False,False,False,False,True,False,False,True,False,True,False
Titin-Based Nanoparticle Tension Sensors Map High-Magnitude Integrin Forces within Focal Adhesions.,Nano letters,2016,73,,10.1021/acs.nanolett.5b03888,26598972.0,PMC5592801,N,['titin_general'],10.1021/acs.nanolett.5b03888,False,False,False,False,False,False,False,False,False,False,False,False,False
"Titin, a Central Mediator for Hypertrophic Signaling, Exercise-Induced Mechanosignaling and Skeletal Muscle Remodeling.",Frontiers in physiology,2016,73,,10.3389/fphys.2016.00076,26973541.0,PMC4771757,Y,['titin_general'],10.3389/fphys.2016.00076,False,False,False,True,False,False,False,False,False,False,False,False,False
Site-specific phosphorylation of myosin binding protein-C coordinates thin and thick filament activation in cardiac muscle.,Proceedings of the National Academy of Sciences of the United States of America,2019,70,,10.1073/pnas.1903033116,31308242.0,PMC6681757,Y,['thick_filament'],10.1073/pnas.1903033116,False,False,False,False,True,True,False,False,False,False,False,True,False
Thick-Filament Extensibility in Intact Skeletal Muscle.,Biophysical journal,2018,69,,10.1016/j.bpj.2018.08.038,30266320.0,PMC6196444,N,['thick_filament'],10.1016/j.bpj.2018.08.038,False,True,False,False,True,False,False,False,False,False,False,False,False
"Thick Filament Protein Network, Functions, and Disease Association.",Comprehensive Physiology,2018,66,,10.1002/cphy.c170023,29687901.0,PMC6404781,N,['thick_filament'],10.1002/cphy.c170023,False,False,False,True,True,True,False,False,False,False,True,False,False
Interpreting Genetic Variants in Titin in Patients With Muscle Disorders.,JAMA neurology,2018,66,,10.1001/jamaneurol.2017.4899,29435569.0,PMC5885217,N,['titin_general'],10.1001/jamaneurol.2017.4899,False,False,False,False,False,False,False,False,False,False,True,False,False
Truncated titin proteins in dilated cardiomyopathy.,Science translational medicine,2021,66,,10.1126/scitranslmed.abd7287,34731015.0,PMC9236909,N,['titin_general'],10.1126/scitranslmed.abd7287,False,False,False,False,False,False,False,False,False,True,True,False,True
Titin Truncating Variants in Dilated Cardiomyopathy - Prevalence and Genotype-Phenotype Correlations.,PloS one,2017,64,,10.1371/journal.pone.0169007,28045975.0,PMC5207678,Y,['titin_general'],10.1371/journal.pone.0169007,False,False,False,False,False,False,False,False,False,True,True,False,False
Tampering with springs: phosphorylation of titin affecting the mechanical function of cardiomyocytes.,Biophysical reviews,2017,64,,10.1007/s12551-017-0263-9,28510118.0,PMC5498327,Y,['titin_general'],10.1007/s12551-017-0263-9,False,True,False,False,False,False,True,False,False,True,False,True,False
Cronos Titin Is Expressed in Human Cardiomyocytes and Necessary for Normal Sarcomere Function.,Circulation,2019,64,,10.1161/circulationaha.119.039521,31587567.0,PMC6911360,N,['titin_general'],10.1161/circulationaha.119.039521,False,False,False,False,False,False,False,False,False,True,True,False,True
"Combination of Whole Genome Sequencing, Linkage, and Functional Studies Implicates a Missense Mutation in Titin as a Cause of Autosomal Dominant Cardiomyopathy With Features of Left Ventricular Noncompaction.",Circulation. Cardiovascular genetics,2016,64,,10.1161/circgenetics.116.001431,27625337.0,PMC5068189,N,['titin_general'],10.1161/circgenetics.116.001431,False,False,True,False,False,False,False,False,False,True,True,False,False
Truncating Titin (TTN) Variants in Chemotherapy-Induced Cardiomyopathy.,Journal of cardiac failure,2017,63,,10.1016/j.cardfail.2017.03.003,28315399.0,,N,['titin_general'],10.1016/j.cardfail.2017.03.003,False,False,False,False,False,False,False,False,False,True,True,False,False
The Work of Titin Protein Folding as a Major Driver in Muscle Contraction.,Annual review of physiology,2018,60,,10.1146/annurev-physiol-021317-121254,29433413.0,PMC5957538,N,['titin_general'],10.1146/annurev-physiol-021317-121254,True,False,False,False,False,False,False,False,False,False,False,False,False
The Mechanical Power of Titin Folding.,Cell reports,2019,59,,10.1016/j.celrep.2019.04.046,31067467.0,PMC6937205,Y,['titin_general'],10.1016/j.celrep.2019.04.046,False,False,False,False,False,False,False,False,False,False,False,False,False
Truncating Variants in Titin Independently Predict Early Arrhythmias in Patients With Dilated Cardiomyopathy.,Journal of the American College of Cardiology,2017,59,,10.1016/j.jacc.2017.03.530,28494986.0,PMC5423712,Y,['titin_general'],10.1016/j.jacc.2017.03.530,False,False,False,False,False,False,False,False,False,True,True,False,False
The complexity of titin splicing pattern in human adult skeletal muscles.,Skeletal muscle,2018,59,,10.1186/s13395-018-0156-z,29598826.0,PMC5874998,Y,['titin_general'],10.1186/s13395-018-0156-z,False,False,False,False,False,False,False,False,True,False,False,False,True
Decreased force enhancement in skeletal muscle sarcomeres with a deletion in titin.,The Journal of experimental biology,2016,57,,10.1242/jeb.132027,26944495.0,,N,['titin_general'],10.1242/jeb.132027,False,False,False,False,True,False,True,False,False,False,False,False,False
Thick Filament Mechano-Sensing in Skeletal and Cardiac Muscles: A Common Mechanism Able to Adapt the Energetic Cost of the Contraction to the Task.,Frontiers in physiology,2018,57,,10.3389/fphys.2018.00736,29962967.0,PMC6010558,Y,['thick_filament'],10.3389/fphys.2018.00736,False,False,False,False,True,True,False,True,False,True,True,False,False
Maintenance of sarcomeric integrity in adult muscle cells crucially depends on Z-disc anchored titin.,Nature communications,2020,56,,10.1038/s41467-020-18131-2,32900999.0,PMC7478974,Y,"['titin_general', 'zdisc']",10.1038/s41467-020-18131-2,False,False,True,False,True,False,False,False,True,False,False,False,True
The increase in non-cross-bridge forces after stretch of activated striated muscle is related to titin isoforms.,American journal of physiology. Cell physiology,2016,55,,10.1152/ajpcell.00156.2015,26405100.0,PMC4698450,N,['titin_general'],10.1152/ajpcell.00156.2015,False,False,False,False,False,True,True,False,False,False,False,False,True
Three-dimensional stochastic model of actin-myosin binding in the sarcomere lattice.,The Journal of general physiology,2016,55,,10.1085/jgp.201611608,27864330.0,PMC5129740,Y,['sarcomere_architecture'],10.1085/jgp.201611608,False,False,False,False,True,True,False,False,False,False,False,False,False
Titin mutations and muscle disease.,Pflugers Archiv : European journal of physiology,2019,55,,10.1007/s00424-019-02272-5,30919088.0,PMC6481931,N,['titin_general'],10.1007/s00424-019-02272-5,False,False,True,True,False,False,False,False,False,True,True,False,False
Titin-based mechanosensing modulates muscle hypertrophy.,"Journal of cachexia, sarcopenia and muscle",2018,54,,10.1002/jcsm.12319,29978560.0,PMC6204599,Y,['titin_general'],10.1002/jcsm.12319,False,True,False,False,False,False,False,False,True,False,False,False,True
Establishment of a highly sensitive sandwich ELISA for the N-terminal fragment of titin in urine.,Scientific reports,2016,54,,10.1038/srep39375,27991570.0,PMC5171804,Y,['titin_general'],10.1038/srep39375,False,False,False,False,False,False,False,False,False,False,True,False,False
"Posttranslational modifications of titin from cardiac muscle: how, where, and what for?",The FEBS journal,2019,53,,10.1111/febs.14854,30989819.0,PMC6850032,Y,['titin_general'],10.1111/febs.14854,False,True,False,False,False,False,False,False,False,True,False,True,False
Stress-dependent activation of myosin in the heart requires thin filament activation and thick filament mechanosensing.,Proceedings of the National Academy of Sciences of the United States of America,2021,51,,10.1073/pnas.2023706118,33850019.0,PMC8072254,Y,['thick_filament'],10.1073/pnas.2023706118,False,False,False,False,True,True,True,False,True,False,False,True,False
Regulation of titin-based cardiac stiffness by unfolded domain oxidation (UnDOx).,Proceedings of the National Academy of Sciences of the United States of America,2020,50,,10.1073/pnas.2004900117,32929035.0,PMC7533878,Y,"['titin_general', 'titin_mechanics', 'titin_structure_domain']",10.1073/pnas.2004900117,True,False,False,False,False,False,True,False,False,False,False,True,False
Elasticity of the Transition State Leading to an Unexpected Mechanical Stabilization of Titin Immunoglobulin Domains.,Angewandte Chemie (International ed. in English),2017,50,,10.1002/anie.201700411,28394039.0,,N,"['titin_general', 'titin_mechanics']",10.1002/anie.201700411,True,False,False,False,False,False,False,False,False,False,False,False,False
The role of titin and extracellular matrix remodelling in heart failure with preserved ejection fraction.,Netherlands heart journal : monthly journal of the Netherlands Society of Cardiology and the Netherlands Heart Foundation,2016,50,,10.1007/s12471-016-0812-z,26886920.0,PMC4796057,Y,['titin_general'],10.1007/s12471-016-0812-z,False,False,False,False,False,False,False,False,False,True,False,True,False
Skip residues modulate the structural properties of the myosin rod and guide thick filament assembly.,Proceedings of the National Academy of Sciences of the United States of America,2015,49,,10.1073/pnas.1505813112,26150528.0,PMC4517226,N,['thick_filament'],10.1073/pnas.1505813112,False,False,False,False,True,True,False,False,False,False,True,False,False
Metformin improves diastolic function in an HFpEF-like mouse model by increasing titin compliance.,The Journal of general physiology,2019,49,,10.1085/jgp.201812259,30567709.0,PMC6314384,Y,['titin_general'],10.1085/jgp.201812259,False,True,False,False,False,False,False,False,True,True,False,True,False
Titin: A Tunable Spring in Active Muscle.,"Physiology (Bethesda, Md.)",2020,48,,10.1152/physiol.00036.2019,32293234.0,,N,"['titin_general', 'titin_mechanics']",10.1152/physiol.00036.2019,False,True,False,False,False,False,False,False,True,False,False,False,False
Molecular-scale visualization of sarcomere contraction within native cardiomyocytes.,Nature communications,2021,48,,10.1038/s41467-021-24049-0,34215727.0,PMC8253822,Y,['sarcomere_architecture'],10.1038/s41467-021-24049-0,False,False,False,False,True,True,False,True,False,False,False,False,False
Graded titin cleavage progressively reduces tension and uncovers the source of A-band stability in contracting muscle.,eLife,2020,48,,10.7554/elife.64107,33357376.0,PMC7781594,Y,['titin_general'],10.7554/elife.64107,False,True,True,False,True,True,True,False,False,False,False,False,False
A missense variant in the titin gene in Doberman pinscher dogs with familial dilated cardiomyopathy and sudden cardiac death.,Human genetics,2019,46,,10.1007/s00439-019-01973-2,30715562.0,,N,['titin_general'],10.1007/s00439-019-01973-2,False,False,False,False,False,False,False,False,False,True,True,False,True
Relevance of Titin Missense and Non-Frameshifting Insertions/Deletions Variants in Dilated Cardiomyopathy.,Scientific reports,2019,46,,10.1038/s41598-019-39911-x,30858397.0,PMC6412046,Y,['titin_general'],10.1038/s41598-019-39911-x,False,False,False,False,False,False,False,False,False,True,True,False,True
Association of Titin-Truncating Genetic Variants With Life-threatening Cardiac Arrhythmias in Patients With Dilated Cardiomyopathy and Implanted Defibrillators.,JAMA network open,2019,46,,10.1001/jamanetworkopen.2019.6520,31251381.0,PMC6604081,Y,['titin_general'],10.1001/jamanetworkopen.2019.6520,False,False,False,False,False,False,False,False,False,True,True,False,False
Genetic epidemiology of titin-truncating variants in the etiology of dilated cardiomyopathy.,Biophysical reviews,2017,46,,10.1007/s12551-017-0265-7,28510119.0,PMC5498329,Y,['titin_general'],10.1007/s12551-017-0265-7,False,False,False,False,False,False,False,False,False,True,True,False,False
Deconstructing sarcomeric structure-function relations in titin-BioID knock-in mice.,Nature communications,2020,46,,10.1038/s41467-020-16929-8,32561764.0,PMC7305127,Y,"['titin_general', 'titin_structure_domain']",10.1038/s41467-020-16929-8,False,False,True,False,True,False,True,False,False,False,False,False,False
"Titin antibodies in ""seronegative"" myasthenia gravis--A new role for an old antigen.",Journal of neuroimmunology,2016,46,,10.1016/j.jneuroim.2016.01.018,26943968.0,,N,['titin_general'],10.1016/j.jneuroim.2016.01.018,False,False,False,False,False,False,False,False,False,False,True,False,False
The Role of Z-disc Proteins in Myopathy and Cardiomyopathy.,International journal of molecular sciences,2021,45,,10.3390/ijms22063058,33802723.0,PMC8002584,Y,['zdisc'],10.3390/ijms22063058,False,False,True,False,False,True,False,False,False,True,True,False,True
Relevance of truncating titin mutations in dilated cardiomyopathy.,Clinical genetics,2016,45,,10.1111/cge.12741,26777568.0,,N,['titin_general'],10.1111/cge.12741,False,False,False,False,False,False,False,False,False,True,True,False,False
"Titin force in muscle cells alters lattice order, thick and thin filament protein formation.",Proceedings of the National Academy of Sciences of the United States of America,2022,45,,10.1073/pnas.2209441119,36409887.0,PMC9860331,Y,['titin_general'],10.1073/pnas.2209441119,False,False,False,False,True,True,False,True,False,False,False,False,False
Functional abnormalities in induced Pluripotent Stem Cell-derived cardiomyocytes generated from titin-mutated patients with dilated cardiomyopathy.,PloS one,2018,44,,10.1371/journal.pone.0205719,30332462.0,PMC6192629,Y,['titin_general'],10.1371/journal.pone.0205719,False,False,False,False,False,False,False,False,False,True,True,False,False
Broad Genetic Testing in a Clinical Setting Uncovers a High Prevalence of Titin Loss-of-Function Variants in Very Early Onset Atrial Fibrillation.,Circulation. Genomic and precision medicine,2019,44,,10.1161/circgen.119.002713,31638414.0,PMC10626994,N,['titin_general'],10.1161/circgen.119.002713,False,False,False,False,False,False,False,False,False,False,False,False,False
A-Band Titin Truncation in Zebrafish Causes Dilated Cardiomyopathy and Hemodynamic Stress Intolerance.,Circulation. Genomic and precision medicine,2018,44,,10.1161/circgen.118.002135,30354343.0,,N,['titin_general'],10.1161/circgen.118.002135,False,False,False,False,False,False,False,False,False,True,True,False,False
Deleting Full Length Titin Versus the Titin M-Band Region Leads to Differential Mechanosignaling and Cardiac Phenotypes.,Circulation,2019,43,,10.1161/circulationaha.118.037588,30700140.0,PMC6453709,N,"['mband', 'titin_general']",10.1161/circulationaha.118.037588,False,False,True,True,False,False,False,False,True,True,True,False,False
Hypertrophic cardiomyopathy mutations in the calponin-homology domain of ACTN2 affect actin binding and cardiomyocyte Z-disc incorporation.,The Biochemical journal,2016,43,,10.1042/bcj20160421,27287556.0,PMC4980809,Y,['zdisc'],10.1042/bcj20160421,False,False,True,False,False,False,False,True,False,True,True,False,True
The Rapidly Evolving Role of Titin in Cardiac Physiology and Cardiomyopathy.,The Canadian journal of cardiology,2015,43,,10.1016/j.cjca.2015.08.016,26518445.0,,N,['titin_general'],10.1016/j.cjca.2015.08.016,False,False,False,False,False,False,False,False,True,True,True,True,True
Diagnostic and clinical significance of the titin fragment in urine of Duchenne muscular dystrophy patients.,Clinica chimica acta; international journal of clinical chemistry,2018,43,,10.1016/j.cca.2017.11.024,29175173.0,,N,['titin_general'],10.1016/j.cca.2017.11.024,False,False,False,False,False,False,False,False,False,False,True,False,False
α-Actinin/titin interaction: A dynamic and mechanically stable cluster of bonds in the muscle Z-disk.,Proceedings of the National Academy of Sciences of the United States of America,2017,42,,10.1073/pnas.1612681114,28096424.0,PMC5293040,N,"['titin_general', 'zdisc']",10.1073/pnas.1612681114,False,False,True,False,False,False,False,False,False,False,False,False,False
Filamin actin-binding and titin-binding fulfill distinct functions in Z-disc cohesion.,PLoS genetics,2017,42,,10.1371/journal.pgen.1006880,28732005.0,PMC5521747,Y,"['titin_general', 'zdisc']",10.1371/journal.pgen.1006880,False,False,True,True,True,True,False,False,False,False,True,False,False
Modulation of Titin-Based Stiffness in Hypertrophic Cardiomyopathy via Protein Kinase D.,Frontiers in physiology,2020,40,,10.3389/fphys.2020.00240,32351396.0,PMC7174613,Y,"['titin_general', 'titin_mechanics']",10.3389/fphys.2020.00240,False,True,True,True,False,False,False,False,False,True,True,True,False
Protein phosphatase 5 regulates titin phosphorylation and function at a sarcomere-associated mechanosensor complex in cardiomyocytes.,Nature communications,2018,40,,10.1038/s41467-017-02483-3,29343782.0,PMC5772059,Y,['titin_general'],10.1038/s41467-017-02483-3,False,False,False,False,False,False,True,False,True,False,False,True,False
Titin-Based Cardiac Myocyte Stiffening Contributes to Early Adaptive Ventricular Remodeling After Myocardial Infarction.,Circulation research,2016,39,,10.1161/circresaha.116.309685,27650557.0,,N,['titin_general'],10.1161/circresaha.116.309685,False,True,False,False,False,False,True,False,False,False,False,True,False
Titin kinase ubiquitination aligns autophagy receptors with mechanical signals in the sarcomere.,EMBO reports,2021,39,,10.15252/embr.201948018,34402565.0,PMC8490993,Y,['titin_general'],10.15252/embr.201948018,False,False,False,False,False,False,False,False,True,False,False,False,False
"Screening for lipoprotein receptor-related protein 4-, agrin-, and titin-antibodies and exploring the autoimmune spectrum in myasthenia gravis.",Journal of neurology,2017,39,,10.1007/s00415-017-8514-z,28516329.0,,N,['titin_general'],10.1007/s00415-017-8514-z,False,False,False,False,False,False,False,False,False,False,False,False,False
Titin and Nebulin in Thick and Thin Filament Length Regulation.,Sub-cellular biochemistry,2017,38,,10.1007/978-3-319-49674-0_10,28101866.0,,N,['titin_general'],10.1007/978-3-319-49674-0_10,False,False,False,False,True,True,False,False,False,False,False,False,False
C-type natriuretic peptide moderates titin-based cardiomyocyte stiffness.,JCI insight,2020,38,,10.1172/jci.insight.139910,33055420.0,PMC7710274,Y,"['titin_general', 'titin_mechanics']",10.1172/jci.insight.139910,False,False,False,False,False,False,True,False,False,True,False,True,True
The Frank-Starling Law: a jigsaw of titin proportions.,Biophysical reviews,2017,38,,10.1007/s12551-017-0272-8,28639137.0,PMC5498333,Y,['titin_general'],10.1007/s12551-017-0272-8,False,False,False,False,False,False,False,False,False,False,False,False,False
Dependence of thick filament structure in relaxed mammalian skeletal muscle on temperature and interfilament spacing.,The Journal of general physiology,2021,38,,10.1085/jgp.202012713,33416833.0,PMC7802359,Y,['thick_filament'],10.1085/jgp.202012713,False,False,False,False,True,True,False,True,False,False,False,False,False
Translocation of molecular chaperones to the titin springs is common in skeletal myopathy patients and affects sarcomere function.,Acta neuropathologica communications,2017,38,,10.1186/s40478-017-0474-0,28915917.0,PMC5603016,Y,['titin_general'],10.1186/s40478-017-0474-0,False,True,False,False,False,False,True,False,False,False,True,True,False
Detection of titin fragments in urine in response to exercise-induced muscle damage.,PloS one,2017,37,,10.1371/journal.pone.0181623,28727760.0,PMC5519174,Y,['titin_general'],10.1371/journal.pone.0181623,False,False,False,False,False,False,False,False,False,False,False,False,False
The Effect of the Wooden Breast Myopathy on Sarcomere Structure and Organization.,Avian diseases,2018,37,,10.1637/11766-110217-reg.1,29620464.0,,N,['sarcomere_architecture'],10.1637/11766-110217-reg.1,False,False,False,False,False,False,True,False,False,False,True,False,False
Residual force enhancement is regulated by titin in skeletal and cardiac myofibrils.,The Journal of physiology,2017,37,,10.1113/jp272983,28028799.0,,N,['titin_general'],10.1113/jp272983,False,False,False,False,False,False,True,False,False,False,False,False,True
Exercise-induced alterations and loss of sarcomeric M-line organization in the diaphragm muscle of obscurin knockout mice.,American journal of physiology. Cell physiology,2017,37,,10.1152/ajpcell.00098.2016,27784675.0,PMC5283896,N,['mband'],10.1152/ajpcell.00098.2016,False,False,False,True,False,False,False,False,False,False,False,False,False
Lessons from a tarantula: new insights into muscle thick filament and myosin interacting-heads motif structure and function.,Biophysical reviews,2017,36,,10.1007/s12551-017-0295-1,28871556.0,PMC5662037,N,['thick_filament'],10.1007/s12551-017-0295-1,False,False,False,False,True,False,False,True,False,False,False,True,False
Left Atrial structure and function in hypertrophic cardiomyopathy sarcomere mutation carriers with and without left ventricular hypertrophy.,Journal of cardiovascular magnetic resonance : official journal of the Society for Cardiovascular Magnetic Resonance,2017,36,,10.1186/s12968-017-0420-0,29284499.0,PMC5745877,Y,['sarcomere_architecture'],10.1186/s12968-017-0420-0,False,False,False,False,False,False,False,False,False,True,True,False,False
F-actin architecture determines constraints on myosin thick filament motion.,Nature communications,2022,36,,10.1038/s41467-022-34715-6,36385016.0,PMC9669029,Y,['thick_filament'],10.1038/s41467-022-34715-6,False,False,False,False,True,False,False,False,False,False,False,False,False
Effects of activation on the elastic properties of intact soleus muscles with a deletion in titin.,The Journal of experimental biology,2017,35,,10.1242/jeb.139717,27994045.0,,N,['titin_general'],10.1242/jeb.139717,False,False,False,False,False,True,True,False,True,False,False,False,False
Inhibition of miR-208b improves cardiac function in titin-based dilated cardiomyopathy.,International journal of cardiology,2017,35,,10.1016/j.ijcard.2016.12.171,28065693.0,,N,['titin_general'],10.1016/j.ijcard.2016.12.171,False,False,False,False,False,False,False,False,False,True,True,False,False
Dramatic elevation in urinary amino terminal titin fragment excretion quantified by immunoassay in Duchenne muscular dystrophy patients and in dystrophin deficient rodents.,Neuromuscular disorders : NMD,2017,35,,10.1016/j.nmd.2017.05.009,28554556.0,,N,['titin_general'],10.1016/j.nmd.2017.05.009,False,False,False,False,False,True,False,False,False,False,True,False,False
Alternative Splicing of Titin Restores Diastolic Function in an HFpEF-Like Genetic Murine Model (TtnΔIAjxn).,Circulation research,2016,35,,10.1161/circresaha.116.308904,27470639.0,PMC5059842,N,['titin_general'],10.1161/circresaha.116.308904,False,False,False,False,False,False,False,False,True,True,False,True,True
Molecular basis of titin exon exclusion by RBM20 and the novel titin splice regulator PTB4.,Nucleic acids research,2018,34,,10.1093/nar/gky165,29518215.0,PMC6007684,Y,['titin_general'],10.1093/nar/gky165,False,False,False,False,False,False,False,False,False,False,False,False,True
CAPN3-mediated processing of C-terminal titin replaced by pathological cleavage in titinopathy.,Human molecular genetics,2015,34,,10.1093/hmg/ddv116,25877298.0,,N,['titin_general'],10.1093/hmg/ddv116,False,False,False,True,False,False,False,False,False,False,True,False,False
"RBM20, a potential target for treatment of cardiomyopathy via titin isoform switching.",Biophysical reviews,2018,33,,10.1007/s12551-017-0267-5,28577155.0,PMC5803173,N,['titin_general'],10.1007/s12551-017-0267-5,False,False,False,False,False,False,False,False,False,True,True,True,True
Association of Titin Variations With Late-Onset Dilated Cardiomyopathy.,JAMA cardiology,2022,33,,10.1001/jamacardio.2021.5890,35138330.0,PMC8829739,N,['titin_general'],10.1001/jamacardio.2021.5890,False,False,False,False,False,False,False,False,False,True,True,False,False
Splicing Factor RBM20 Regulates Transcriptional Network of Titin Associated and Calcium Handling Genes in The Heart.,International journal of biological sciences,2018,33,,10.7150/ijbs.24117,29725258.0,PMC5930469,Y,['titin_general'],10.7150/ijbs.24117,False,False,False,False,False,False,False,False,False,True,True,False,True
Effects of a titin mutation on force enhancement and force depression in mouse soleus muscles.,The Journal of experimental biology,2020,32,,10.1242/jeb.197038,31862847.0,,N,['titin_general'],10.1242/jeb.197038,False,True,False,False,False,False,True,False,True,False,True,False,False
Molecular Characterisation of Titin N2A and Its Binding of CARP Reveals a Titin/Actin Cross-linking Mechanism.,Journal of molecular biology,2021,32,,10.1016/j.jmb.2021.166901,33647290.0,PMC8052292,N,['titin_general'],10.1016/j.jmb.2021.166901,True,False,False,False,False,False,False,False,True,False,False,False,False
Influence of V54M mutation in giant muscle protein titin: a computational screening and molecular dynamics approach.,Journal of biomolecular structure & dynamics,2017,32,,10.1080/07391102.2016.1166456,27125723.0,,N,['titin_general'],10.1080/07391102.2016.1166456,False,False,True,False,False,True,False,True,False,True,True,False,False
Talin1 is required for cardiac Z-disk stabilization and endothelial integrity in zebrafish.,FASEB journal : official publication of the Federation of American Societies for Experimental Biology,2015,32,,10.1096/fj.15-273409,26310270.0,PMC4653057,N,['zdisc'],10.1096/fj.15-273409,False,False,True,False,False,False,False,False,False,True,False,False,False
"Zasp52, a Core Z-disc Protein in Drosophila Indirect Flight Muscles, Interacts with α-Actinin via an Extended PDZ Domain.",PLoS genetics,2016,32,,10.1371/journal.pgen.1006400,27783625.0,PMC5081203,Y,['zdisc'],10.1371/journal.pgen.1006400,False,False,True,False,False,True,False,False,False,False,False,False,False
Recovery of Cardiac Function in Cardiomyopathy Caused by Titin Truncation.,JAMA cardiology,2016,32,,10.1001/jamacardio.2016.0208,27437901.0,PMC6394809,N,['titin_general'],10.1001/jamacardio.2016.0208,False,False,False,False,False,False,False,False,False,True,True,False,False
Titin fragment in urine: A noninvasive biomarker of muscle degradation.,Advances in clinical chemistry,2019,32,,10.1016/bs.acc.2019.01.001,31122607.0,,N,['titin_general'],10.1016/bs.acc.2019.01.001,False,False,False,False,False,False,False,False,False,True,True,False,False
A multi-scale continuum model of skeletal muscle mechanics predicting force enhancement based on actin-titin interaction.,Biomechanics and modeling in mechanobiology,2016,32,,10.1007/s10237-016-0772-7,26935301.0,,N,"['titin_general', 'titin_mechanics']",10.1007/s10237-016-0772-7,False,False,False,False,False,True,False,False,False,False,False,False,False
Differences in titin segmental elongation between passive and active stretch in skeletal muscle.,The Journal of experimental biology,2017,32,,10.1242/jeb.160762,28970245.0,,N,['titin_general'],10.1242/jeb.160762,False,True,False,False,False,False,False,False,False,False,False,False,False
Exon- and contraction-dependent functions of titin in sarcomere assembly.,"Development (Cambridge, England)",2016,32,,10.1242/dev.139246,27836965.0,PMC5201027,N,['titin_general'],10.1242/dev.139246,False,False,False,False,False,False,False,False,False,True,True,False,False
Mitochondrial network configuration influences sarcomere and myosin filament structure in striated muscles.,Nature communications,2022,32,,10.1038/s41467-022-33678-y,36229433.0,PMC9561657,Y,['sarcomere_architecture'],10.1038/s41467-022-33678-y,False,False,True,False,True,False,True,False,False,False,False,False,False
Nebulin and titin modulate cross-bridge cycling and length-dependent calcium sensitivity.,The Journal of general physiology,2019,31,,10.1085/jgp.201812165,30948421.0,PMC6504291,Y,['titin_general'],10.1085/jgp.201812165,False,False,False,False,False,True,True,False,False,False,False,False,False
"A Reliable Targeted Next-Generation Sequencing Strategy for Diagnosis of Myopathies and Muscular Dystrophies, Especially for the Giant Titin and Nebulin Genes.",The Journal of molecular diagnostics : JMD,2018,31,,10.1016/j.jmoldx.2018.04.001,29792937.0,,N,['titin_general'],10.1016/j.jmoldx.2018.04.001,False,False,False,False,False,False,False,False,False,False,True,False,False
"Urinary Titin Is a Novel Biomarker for Muscle Atrophy in Nonsurgical Critically Ill Patients: A Two-Center, Prospective Observational Study.",Critical care medicine,2020,31,,10.1097/ccm.0000000000004486,32706557.0,,N,['titin_general'],10.1097/ccm.0000000000004486,False,False,False,False,False,False,False,False,False,False,False,False,False
Titin stiffness modifies the force-generating region of muscle sarcomeres.,Scientific reports,2016,31,,10.1038/srep24492,27079135.0,PMC4832248,Y,"['titin_general', 'titin_mechanics']",10.1038/srep24492,False,True,False,False,False,False,True,False,True,False,False,False,False
Huxleys' Missing Filament: Form and Function of Titin in Vertebrate Striated Muscle.,Annual review of physiology,2017,31,,10.1146/annurev-physiol-022516-034152,27813826.0,,N,['titin_general'],10.1146/annurev-physiol-022516-034152,False,True,False,False,False,True,False,False,False,False,False,False,True
Muscle ankyrin repeat protein 1 (MARP1) locks titin to the sarcomeric thin filament and is a passive force regulator.,The Journal of general physiology,2021,31,,10.1085/jgp.202112925,34152365.0,PMC8222902,Y,['titin_general'],10.1085/jgp.202112925,False,True,False,False,False,True,True,False,True,False,False,False,False
Titin Circular RNAs Create a Back-Splice Motif Essential for SRSF10 Splicing.,Circulation,2021,30,,10.1161/circulationaha.120.050455,33583186.0,PMC8032209,N,['titin_general'],10.1161/circulationaha.120.050455,False,False,False,False,False,False,False,False,False,True,False,False,True
Depletion of m<sup>6</sup> A reader protein YTHDC1 induces dilated cardiomyopathy by abnormal splicing of Titin.,Journal of cellular and molecular medicine,2021,30,,10.1111/jcmm.16955,34716659.0,PMC8642692,Y,['titin_general'],10.1111/jcmm.16955,False,False,False,False,False,False,False,False,False,True,True,False,True
Titin-truncating mutations associated with dilated cardiomyopathy alter length-dependent activation and its modulation via phosphorylation.,Cardiovascular research,2022,30,,10.1093/cvr/cvaa316,33135063.0,PMC8752363,Y,['titin_general'],10.1093/cvr/cvaa316,False,False,True,False,True,True,False,False,False,True,True,True,True
Microbial production of megadalton titin yields fibers with advantageous mechanical properties.,Nature communications,2021,30,,10.1038/s41467-021-25360-6,34462443.0,PMC8405620,Y,['titin_general'],10.1038/s41467-021-25360-6,False,False,False,False,False,False,False,False,False,False,False,False,False
"Alternative Splicing, Internal Promoter, Nonsense-Mediated Decay, or All Three: Explaining the Distribution of Truncation Variants in Titin.",Circulation. Cardiovascular genetics,2016,30,,10.1161/circgenetics.116.001513,27625338.0,PMC5068190,Y,['titin_general'],10.1161/circgenetics.116.001513,False,False,False,False,False,False,False,False,False,True,True,False,True
A continuum-mechanical skeletal muscle model including actin-titin interaction predicts stable contractions on the descending limb of the force-length relation.,PLoS computational biology,2017,30,,10.1371/journal.pcbi.1005773,28968385.0,PMC5638554,Y,['titin_general'],10.1371/journal.pcbi.1005773,False,False,False,False,False,True,True,False,False,False,False,False,False
Reading Frame Repair of <i>TTN</i> Truncation Variants Restores Titin Quantity and Functions.,Circulation,2022,30,,10.1161/circulationaha.120.049997,34905694.0,PMC8766920,N,['titin_general'],10.1161/circulationaha.120.049997,False,False,False,False,False,False,False,False,False,True,True,False,True
Calcium-dependent titin-thin filament interactions in muscle: observations and theory.,Journal of muscle research and cell motility,2020,30,,10.1007/s10974-019-09540-y,31289970.0,,N,['titin_general'],10.1007/s10974-019-09540-y,True,True,False,False,False,True,False,False,True,False,False,False,False
The Axial Alignment of Titin on the Muscle Thick Filament Supports Its Role as a Molecular Ruler.,Journal of molecular biology,2020,30,,10.1016/j.jmb.2020.06.025,32619437.0,PMC7427331,Y,"['thick_filament', 'titin_general', 'titin_structure_domain']",10.1016/j.jmb.2020.06.025,False,False,True,True,True,False,False,False,False,False,False,False,False
N2A Titin: Signaling Hub and Mechanical Switch in Skeletal Muscle.,International journal of molecular sciences,2020,30,,10.3390/ijms21113974,32492876.0,PMC7312179,Y,['titin_general'],10.3390/ijms21113974,False,True,False,False,False,True,False,False,True,False,True,False,False
The role of the M-band myomesin proteins in muscle integrity and cardiac disease.,Journal of biomedical science,2022,29,,10.1186/s12929-022-00801-6,35255917.0,PMC8900313,Y,['mband'],10.1186/s12929-022-00801-6,False,False,True,True,False,False,False,False,True,False,False,False,True
Mutations in NEBL encoding the cardiac Z-disk protein nebulette are associated with various cardiomyopathies.,Archives of medical science : AMS,2016,29,,10.5114/aoms.2016.59250,27186169.0,PMC4848357,Y,['zdisc'],10.5114/aoms.2016.59250,False,False,True,False,False,False,False,False,False,True,True,False,False
Sallimus and the dynamics of sarcomere assembly in Drosophila flight muscles.,Journal of molecular biology,2015,29,,10.1016/j.jmb.2015.04.003,25868382.0,,N,['sarcomere_architecture'],10.1016/j.jmb.2015.04.003,False,False,True,False,True,True,False,False,False,False,False,False,False
Titin governs myocardial passive stiffness with major support from microtubules and actin and the extracellular matrix.,Nature cardiovascular research,2023,29,,10.1038/s44161-023-00348-1,39196092.0,PMC11358001,Y,"['titin_general', 'titin_mechanics']",10.1038/s44161-023-00348-1,False,False,False,False,False,False,False,False,False,True,False,False,False
Mechanochemical evolution of the giant muscle protein titin as inferred from resurrected proteins.,Nature structural & molecular biology,2017,29,,10.1038/nsmb.3426,28671667.0,,N,['titin_general'],10.1038/nsmb.3426,False,False,False,False,False,False,False,False,False,False,False,False,False
Stretching the story of titin and muscle function.,Journal of biomechanics,2023,29,,10.1016/j.jbiomech.2023.111553,36989971.0,,N,['titin_general'],10.1016/j.jbiomech.2023.111553,False,True,False,False,False,False,True,False,False,False,False,False,False
Effect of Plyometrics on the Energy Cost of Running and MHC and Titin Isoforms.,Medicine and science in sports and exercise,2016,28,,10.1249/mss.0000000000000747,26258856.0,,N,['titin_general'],10.1249/mss.0000000000000747,False,False,False,False,False,False,False,False,False,False,False,False,True
Myopathy associated LDB3 mutation causes Z-disc disassembly and protein aggregation through PKCα and TSC2-mTOR downregulation.,Communications biology,2021,28,,10.1038/s42003-021-01864-1,33742095.0,PMC7979776,Y,['zdisc'],10.1038/s42003-021-01864-1,False,False,True,False,False,False,False,False,True,False,True,True,False
Insulin regulates titin pre-mRNA splicing through the PI3K-Akt-mTOR kinase axis in a RBM20-dependent manner.,Biochimica et biophysica acta. Molecular basis of disease,2017,28,,10.1016/j.bbadis.2017.06.023,28676430.0,PMC5547897,N,['titin_general'],10.1016/j.bbadis.2017.06.023,False,False,False,False,False,False,False,False,True,False,False,False,True
A Spatially Explicit Model Shows How Titin Stiffness Modulates Muscle Mechanics and Energetics.,Integrative and comparative biology,2018,27,,10.1093/icb/icy055,29897447.0,PMC6104699,N,"['titin_general', 'titin_mechanics']",10.1093/icb/icy055,False,True,True,False,True,True,True,False,False,False,False,False,False
Three-Dimensional Structure of Vertebrate Muscle Z-Band: The Small-Square Lattice Z-Band in Rat Cardiac Muscle.,Journal of molecular biology,2015,27,,10.1016/j.jmb.2015.08.018,26362007.0,PMC4641244,Y,['zdisc'],10.1016/j.jmb.2015.08.018,False,False,True,False,False,True,False,False,False,False,True,False,False
Hypertrophic cardiomyopathy mutation R58Q in the myosin regulatory light chain perturbs thick filament-based regulation in cardiac muscle.,Journal of molecular and cellular cardiology,2018,27,,10.1016/j.yjmcc.2018.02.009,29452157.0,PMC5883317,Y,['thick_filament'],10.1016/j.yjmcc.2018.02.009,False,False,False,False,True,False,True,False,False,True,True,True,False
Thin filament length in the cardiac sarcomere varies with sarcomere length but is independent of titin and nebulin.,Journal of molecular and cellular cardiology,2016,27,,10.1016/j.yjmcc.2016.04.013,27139341.0,PMC5584371,N,['titin_general'],10.1016/j.yjmcc.2016.04.013,False,False,False,False,True,True,True,False,False,False,False,False,True
RBM20 is an essential factor for thyroid hormone-regulated titin isoform transition.,Journal of molecular cell biology,2015,27,,10.1093/jmcb/mjv002,25573899.0,PMC4400401,N,['titin_general'],10.1093/jmcb/mjv002,False,False,False,False,False,False,False,False,False,False,False,False,True
<i>Titin</i> Mutation Is Associated With Tumor Mutation Burden and Promotes Antitumor Immunity in Lung Squamous Cell Carcinoma.,Frontiers in cell and developmental biology,2021,26,,10.3389/fcell.2021.761758,34746153.0,PMC8566981,Y,['titin_general'],10.3389/fcell.2021.761758,False,False,False,False,False,False,False,False,False,False,False,False,False
Software Tool for Automatic Quantification of Sarcomere Length and Organization in Fixed and Live 2D and 3D Muscle Cell Cultures In Vitro.,Current protocols,2022,26,,10.1002/cpz1.462,35789134.0,,N,['sarcomere_architecture'],10.1002/cpz1.462,False,False,False,False,False,False,True,False,False,False,False,False,False
Identification of a Novel Mutation in the Titin Gene in a Chinese Family with Limb-Girdle Muscular Dystrophy 2J.,Molecular neurobiology,2016,26,,10.1007/s12035-015-9439-0,26392295.0,,N,['titin_general'],10.1007/s12035-015-9439-0,False,False,False,False,False,False,False,False,False,False,True,False,False
Functional analysis of a gene-edited mouse model to gain insights into the disease mechanisms of a titin missense variant.,Basic research in cardiology,2021,26,,10.1007/s00395-021-00853-z,33637999.0,PMC7910237,Y,['titin_general'],10.1007/s00395-021-00853-z,False,False,True,False,False,False,False,False,True,True,True,False,False
Pembrolizumab-induced Ocular Myasthenia Gravis with Anti-titin Antibody and Necrotizing Myopathy.,"Internal medicine (Tokyo, Japan)",2019,26,,10.2169/internalmedicine.1956-18,30713313.0,PMC6599941,Y,['titin_general'],10.2169/internalmedicine.1956-18,False,False,False,False,False,False,False,False,False,False,True,False,False
Detection and quantification of the giant protein titin by SDS-agarose gel electrophoresis.,MethodsX,2017,25,,10.1016/j.mex.2017.09.007,29872636.0,PMC5986978,Y,['titin_general'],10.1016/j.mex.2017.09.007,False,False,False,False,False,False,True,False,False,False,False,False,True
"Urinary Levels of Titin-N Fragment, a Skeletal Muscle Damage Marker, are Increased in Subjects with Nonalcoholic Fatty Liver Disease.",Scientific reports,2019,25,,10.1038/s41598-019-56121-7,31862937.0,PMC6925124,Y,['titin_general'],10.1038/s41598-019-56121-7,False,False,False,False,False,False,False,False,False,False,False,False,False
Renin overexpression leads to increased titin-based stiffness contributing to diastolic dysfunction in hypertensive mRen2 rats.,American journal of physiology. Heart and circulatory physiology,2016,25,,10.1152/ajpheart.00842.2015,27059079.0,,N,"['titin_general', 'titin_mechanics']",10.1152/ajpheart.00842.2015,False,True,False,False,False,False,True,False,False,True,False,True,False
Plakophilin-2 truncating variants impair cardiac contractility by disrupting sarcomere stability and organization.,Science advances,2021,25,,10.1126/sciadv.abh3995,34652945.0,PMC8519574,Y,['sarcomere_architecture'],10.1126/sciadv.abh3995,False,False,False,False,False,False,False,False,False,True,True,False,False
"The Sarcomeric Spring Protein Titin: Biophysical Properties, Molecular Mechanisms, and Genetic Mutations Associated with Heart Failure and Cardiomyopathy.",Current cardiology reports,2021,25,,10.1007/s11886-021-01550-y,34269900.0,PMC8522185,N,"['titin_general', 'titin_mechanics']",10.1007/s11886-021-01550-y,False,False,False,False,False,False,False,False,False,True,True,True,False
Binding of Myomesin to Obscurin-Like-1 at the Muscle M-Band Provides a Strategy for Isoform-Specific Mechanical Protection.,"Structure (London, England : 1993)",2017,25,,10.1016/j.str.2016.11.015,27989621.0,PMC5222588,Y,['mband'],10.1016/j.str.2016.11.015,False,False,False,True,False,False,False,True,False,False,False,False,True
Structure of mavacamten-free human cardiac thick filaments within the sarcomere by cryoelectron tomography.,Proceedings of the National Academy of Sciences of the United States of America,2024,25,,10.1073/pnas.2311883121,38386705.0,PMC10907299,Y,['sarcomere_architecture'],10.1073/pnas.2311883121,False,False,False,False,True,True,False,True,False,False,False,False,False
Diaphragm contractile weakness due to reduced mechanical loading: role of titin.,American journal of physiology. Cell physiology,2019,24,,10.1152/ajpcell.00509.2018,31042425.0,PMC6732419,N,['titin_general'],10.1152/ajpcell.00509.2018,False,False,False,False,False,False,False,False,True,False,False,False,False
The titin N2B and N2A regions: biomechanical and metabolic signaling hubs in cross-striated muscles.,Biophysical reviews,2021,24,,10.1007/s12551-021-00836-3,34745373.0,PMC8553726,Y,['titin_general'],10.1007/s12551-021-00836-3,False,False,False,False,False,True,False,False,True,False,False,True,True
Improved Criteria for the Classification of Titin Variants in Inherited Skeletal Myopathies.,Journal of neuromuscular diseases,2020,24,,10.3233/jnd-190423,32039858.0,,N,['titin_general'],10.3233/jnd-190423,False,False,False,False,False,False,False,False,False,True,True,False,False
"Vagus nerve stimulation optimized cardiomyocyte phenotype, sarcomere organization and energy metabolism in infarcted heart through FoxO3A-VEGF signaling.",Cell death & disease,2020,24,,10.1038/s41419-020-03142-0,33184264.0,PMC7665220,Y,['sarcomere_architecture'],10.1038/s41419-020-03142-0,False,False,False,False,False,False,False,False,False,True,False,True,False
Structural and signaling proteins in the Z-disk and their role in cardiomyopathies.,Frontiers in physiology,2023,24,,10.3389/fphys.2023.1143858,36935760.0,PMC10017460,Y,['zdisc'],10.3389/fphys.2023.1143858,False,False,True,True,False,True,False,False,False,True,True,False,False
Single-Molecule Force Spectroscopy on the N2A Element of Titin: Effects of Phosphorylation and CARP.,Frontiers in physiology,2020,23,,10.3389/fphys.2020.00173,32256378.0,PMC7093598,Y,['titin_general'],10.3389/fphys.2020.00173,True,True,False,False,False,False,True,False,True,False,False,True,False
Titin-truncating mutations in dilated cardiomyopathy: the long and short of it.,Current opinion in cardiology,2017,23,,10.1097/hco.0000000000000382,28151760.0,,N,['titin_general'],10.1097/hco.0000000000000382,False,False,False,False,False,False,False,False,False,True,True,False,True
Titin in muscular dystrophy and cardiomyopathy: Urinary titin as a novel marker.,Clinica chimica acta; international journal of clinical chemistry,2019,23,,10.1016/j.cca.2019.04.005,30959043.0,,N,['titin_general'],10.1016/j.cca.2019.04.005,False,False,False,False,False,False,False,False,False,True,True,False,False
CARP interacts with titin at a unique helical N2A sequence and at the domain Ig81 to form a structured complex.,FEBS letters,2016,23,,10.1002/1873-3468.12362,27531639.0,,N,"['titin_general', 'titin_structure_domain']",10.1002/1873-3468.12362,False,False,False,False,False,False,False,False,True,False,False,False,False
Titin splicing regulates cardiotoxicity associated with calpain 3 gene therapy for limb-girdle muscular dystrophy type 2A.,Science translational medicine,2019,23,,10.1126/scitranslmed.aat6072,31776291.0,PMC7397529,N,['titin_general'],10.1126/scitranslmed.aat6072,False,False,False,False,False,False,False,False,False,False,True,False,True
Titin force enhancement following active stretch of skinned skeletal muscle fibres.,The Journal of experimental biology,2017,23,,10.1242/jeb.153502,28637823.0,,N,['titin_general'],10.1242/jeb.153502,False,False,False,False,False,False,True,False,False,False,False,False,False
Regulation of SETD7 Methyltransferase by SENP3 Is Crucial for Sarcomere Organization and Cachexia.,Cell reports,2019,23,,10.1016/j.celrep.2019.04.107,31141694.0,,N,['sarcomere_architecture'],10.1016/j.celrep.2019.04.107,False,False,False,False,False,False,False,False,False,False,True,False,False
"Dilated cardiomyopathy caused by truncating titin variants: long-term outcomes, arrhythmias, response to treatment and sex differences.",Journal of medical genetics,2021,22,,10.1136/jmedgenet-2020-107178,33106378.0,,N,['titin_general'],10.1136/jmedgenet-2020-107178,False,False,False,False,False,False,False,False,False,True,True,False,False
Titin-truncating variants in hiPSC cardiomyocytes induce pathogenic proteinopathy and sarcomere defects with preserved core contractile machinery.,Stem cell reports,2023,22,,10.1016/j.stemcr.2022.11.008,36525964.0,PMC9860080,Y,['titin_general'],10.1016/j.stemcr.2022.11.008,False,False,False,False,False,True,False,False,False,True,True,False,False
Myosin-18B Regulates Higher-Order Organization of the Cardiac Sarcomere through Thin Filament Cross-Linking and Thick Filament Dynamics.,Cell reports,2020,22,,10.1016/j.celrep.2020.108090,32877672.0,,N,"['sarcomere_architecture', 'thick_filament']",10.1016/j.celrep.2020.108090,False,False,False,False,True,True,False,False,False,False,False,False,False
Titin Truncating Variants in Adults Without Known Congestive Heart Failure.,Journal of the American College of Cardiology,2020,22,,10.1016/j.jacc.2020.01.013,32164899.0,PMC7433750,N,['titin_general'],10.1016/j.jacc.2020.01.013,False,False,False,False,False,False,False,False,False,True,False,False,False
Alpha kinase 3 signaling at the M-band maintains sarcomere integrity and proteostasis in striated muscle.,Nature cardiovascular research,2023,22,,10.1038/s44161-023-00219-9,39196058.0,PMC11358020,Y,['mband'],10.1038/s44161-023-00219-9,False,False,False,True,False,False,False,False,False,True,True,True,False
The skeletal muscle circadian clock regulates titin splicing through RBM20.,eLife,2022,21,,10.7554/elife.76478,36047761.0,PMC9473687,Y,['titin_general'],10.7554/elife.76478,False,False,False,False,False,False,True,False,False,False,False,False,True
Ratio of urinary N-terminal titin fragment to urinary creatinine is a novel biomarker for amyotrophic lateral sclerosis.,"Journal of neurology, neurosurgery, and psychiatry",2021,21,,10.1136/jnnp-2020-324615,33737450.0,,N,['titin_general'],10.1136/jnnp-2020-324615,False,False,False,False,False,False,False,False,False,False,False,False,False
Truncated titin protein in dilated cardiomyopathy incorporates into the sarcomere and transmits force.,The Journal of clinical investigation,2024,21,,10.1172/jci170196,37943622.0,PMC10786684,Y,['titin_general'],10.1172/jci170196,False,False,False,False,False,False,False,False,False,True,True,False,False
An Overview of Transcriptional Responses of Schistosome-Susceptible (M line) or -Resistant (BS-90) <i>Biomphalaria glabrata</i> Exposed or Not to <i>Schistosoma mansoni</i> Infection.,Frontiers in immunology,2021,21,,10.3389/fimmu.2021.805882,35095891.0,PMC8791074,Y,['mband'],10.3389/fimmu.2021.805882,False,False,False,False,False,False,False,False,False,False,False,False,False
3D-Printed Ultratough Hydrogel Structures with Titin-like Domains.,ACS applied materials & interfaces,2017,21,,10.1021/acsami.7b02007,28317377.0,,N,['titin_general'],10.1021/acsami.7b02007,False,True,False,False,False,False,False,False,False,False,False,False,False
Cardiac Sarcomere Signaling in Health and Disease.,International journal of molecular sciences,2022,21,,10.3390/ijms232416223,36555864.0,PMC9782806,Y,['sarcomere_architecture'],10.3390/ijms232416223,False,False,False,False,True,True,False,False,False,False,False,False,False
Usefulness of Urinary N-Terminal Fragment of Titin to Predict Mortality in Dilated Cardiomyopathy.,The American journal of cardiology,2018,21,,10.1016/j.amjcard.2018.01.046,29523227.0,,N,['titin_general'],10.1016/j.amjcard.2018.01.046,False,False,False,False,False,False,False,False,False,True,True,False,False
Truncated titin is structurally integrated into the human dilated cardiomyopathic sarcomere.,The Journal of clinical investigation,2024,20,,10.1172/jci169753,37962957.0,PMC10763722,Y,['titin_general'],10.1172/jci169753,False,False,False,True,False,False,True,False,True,True,True,False,False
Heme-induced contractile dysfunction in human cardiomyocytes caused by oxidant damage to thick filament proteins.,Free radical biology & medicine,2015,20,,10.1016/j.freeradbiomed.2015.07.158,26409224.0,,N,['thick_filament'],10.1016/j.freeradbiomed.2015.07.158,False,False,False,False,True,False,True,False,False,True,False,False,False
Structural advances on titin: towards an atomic understanding of multi-domain functions in myofilament mechanics and scaffolding.,Biochemical Society transactions,2015,20,,10.1042/bst20150084,26517893.0,,N,"['titin_general', 'titin_mechanics', 'titin_structure_domain']",10.1042/bst20150084,False,False,False,False,False,False,False,False,False,False,False,False,False
Loss of Sarcomeric Scaffolding as a Common Baseline Histopathologic Lesion in Titin-Related Myopathies.,Journal of neuropathology and experimental neurology,2018,20,,10.1093/jnen/nly095,30365001.0,,N,['titin_general'],10.1093/jnen/nly095,False,False,False,True,True,False,False,False,False,False,True,False,False
Digenic inheritance involving a muscle-specific protein kinase and the giant titin protein causes a skeletal muscle myopathy.,Nature genetics,2024,20,,10.1038/s41588-023-01651-0,38429495.0,PMC10937387,Y,['titin_general'],10.1038/s41588-023-01651-0,False,False,False,False,False,False,False,False,False,False,True,False,False
Drug discovery with an RBM20 dependent titin splice reporter identifies cardenolides as lead structures to improve cardiac filling.,PloS one,2018,19,,10.1371/journal.pone.0198492,29889873.0,PMC5995442,Y,['titin_general'],10.1371/journal.pone.0198492,False,True,False,False,False,False,False,False,False,True,False,False,True
Right Ventricular Sarcomere Contractile Depression and the Role of Thick Filament Activation in Human Heart Failure With Pulmonary Hypertension.,Circulation,2023,19,,10.1161/circulationaha.123.064717,37194598.0,PMC10270283,Y,['thick_filament'],10.1161/circulationaha.123.064717,False,False,False,False,True,False,True,True,False,True,False,False,False
Titin domains progressively unfolded by force are homogenously distributed along the molecule.,Biophysical journal,2015,19,,10.1016/j.bpj.2015.06.002,26200869.0,PMC4621543,N,['titin_general'],10.1016/j.bpj.2015.06.002,True,False,False,False,False,False,False,False,False,False,False,False,False
Myosin filament sliding through the Z-disc relates striated muscle fibre structure to function.,Proceedings. Biological sciences,2016,19,,10.1098/rspb.2015.3030,26936248.0,PMC4810864,N,['zdisc'],10.1098/rspb.2015.3030,False,False,True,False,True,True,True,False,False,False,False,False,False
"Optimal length, calcium sensitivity and twitch characteristics of skeletal muscles from <i>mdm</i> mice with a deletion in N2A titin.",The Journal of experimental biology,2019,19,,10.1242/jeb.200840,31097600.0,,N,['titin_general'],10.1242/jeb.200840,False,False,False,False,False,False,True,False,True,False,True,False,False
Thick filament activation is different in fast- and slow-twitch skeletal muscle.,The Journal of physiology,2022,19,,10.1113/jp283574,36342015.0,PMC9772099,N,['thick_filament'],10.1113/jp283574,False,True,False,False,True,True,False,True,False,False,False,False,True
Titin Missense Variants as a Cause of Familial Dilated Cardiomyopathy.,Circulation,2023,19,,10.1161/circulationaha.122.062833,37253077.0,,N,['titin_general'],10.1161/circulationaha.122.062833,False,False,False,False,False,False,False,False,False,True,True,False,False
"219th ENMC International Workshop Titinopathies International database of titin mutations and phenotypes, Heemskerk, The Netherlands, 29 April-1 May 2016.",Neuromuscular disorders : NMD,2017,19,,10.1016/j.nmd.2017.01.009,28214268.0,,N,['titin_general'],10.1016/j.nmd.2017.01.009,False,False,False,False,False,False,False,False,False,False,False,False,False
Kindlin-2 interacts with α-actinin-2 and β1 integrin to maintain the integrity of the Z-disc in cardiac muscles.,FEBS letters,2015,19,,10.1016/j.febslet.2015.06.022,26143257.0,,N,['zdisc'],10.1016/j.febslet.2015.06.022,False,False,True,False,False,False,False,False,False,False,False,False,False
"Urinary Titin N-Fragment as a Biomarker of Muscle Atrophy, Intensive Care Unit-Acquired Weakness, and Possible Application for Post-Intensive Care Syndrome.",Journal of clinical medicine,2021,19,,10.3390/jcm10040614,33561946.0,PMC7915692,Y,['titin_general'],10.3390/jcm10040614,False,False,False,False,True,True,False,False,False,False,False,False,False
Nanobodies combined with DNA-PAINT super-resolution reveal a staggered titin nanoarchitecture in flight muscles.,eLife,2023,19,,10.7554/elife.79344,36645127.0,PMC9886278,Y,['titin_general'],10.7554/elife.79344,False,False,True,True,True,False,False,False,False,False,False,False,False
Titin truncations lead to impaired cardiomyocyte autophagy and mitochondrial function in vivo.,Human molecular genetics,2019,19,,10.1093/hmg/ddz033,30715350.0,,N,['titin_general'],10.1093/hmg/ddz033,False,False,False,False,False,False,False,False,False,True,True,True,False
"Novex-3, the tiny titin of muscle.",Biophysical reviews,2017,18,,10.1007/s12551-017-0261-y,28510117.0,PMC5498326,N,['titin_general'],10.1007/s12551-017-0261-y,False,False,True,True,False,False,False,False,False,False,False,False,True
Force generation by titin folding.,Protein science : a publication of the Protein Society,2017,18,,10.1002/pro.3117,28097712.0,PMC5477535,N,['titin_general'],10.1002/pro.3117,False,False,False,False,False,False,False,False,False,False,False,False,False
The N2A region of titin has a unique structural configuration.,The Journal of general physiology,2021,18,,10.1085/jgp.202012766,33836065.0,PMC8042602,Y,['titin_general'],10.1085/jgp.202012766,True,False,False,False,False,False,False,True,True,False,False,False,False
The first titin (c.59926 + 1G > A) founder mutation associated with dilated cardiomyopathy.,European journal of heart failure,2018,18,,10.1002/ejhf.1030,29057560.0,PMC5993291,Y,['titin_general'],10.1002/ejhf.1030,False,False,False,False,False,False,False,False,False,True,True,False,False
Changes in Titin and Collagen Modulate Effects of Aerobic and Resistance Exercise on Diabetic Cardiac Function.,Journal of cardiovascular translational research,2019,18,,10.1007/s12265-019-09875-4,30820865.0,,N,['titin_general'],10.1007/s12265-019-09875-4,False,False,False,False,False,False,True,False,False,False,False,False,False
Three-dimensional structure of the basketweave Z-band in midshipman fish sonic muscle.,Proceedings of the National Academy of Sciences of the United States of America,2019,18,,10.1073/pnas.1902235116,31320587.0,PMC6681754,N,['zdisc'],10.1073/pnas.1902235116,False,False,True,False,True,True,False,True,False,False,False,False,False
Sarcomere length-dependent effects on Ca<sup>2+</sup>-troponin regulation in myocardium expressing compliant titin.,The Journal of general physiology,2019,18,,10.1085/jgp.201812218,30523116.0,PMC6314383,Y,['titin_general'],10.1085/jgp.201812218,False,False,False,False,False,True,True,False,True,False,False,False,True
Exploiting the CRISPR/Cas9 system to study alternative splicing in vivo: application to titin.,Human molecular genetics,2016,18,,10.1093/hmg/ddw280,28173117.0,,N,['titin_general'],10.1093/hmg/ddw280,False,False,False,True,False,False,False,False,False,False,False,False,True
Effects of a titin mutation on negative work during stretch-shortening cycles in skeletal muscles.,The Journal of experimental biology,2017,18,,10.1242/jeb.163204,28939561.0,,N,['titin_general'],10.1242/jeb.163204,False,True,False,False,False,False,False,False,False,False,True,False,False
Titin: roles in cardiac function and diseases.,Frontiers in physiology,2024,18,,10.3389/fphys.2024.1385821,38660537.0,PMC11040099,Y,['titin_general'],10.3389/fphys.2024.1385821,False,False,True,True,True,False,False,False,False,True,True,False,False
Single-molecule force-unfolding of titin I27 reveals a correlation between the size of the surrounding anions and its mechanical stability.,"Chemical communications (Cambridge, England)",2018,18,,10.1039/c8cc05557b,30095848.0,,N,['titin_general'],10.1039/c8cc05557b,False,True,False,False,False,False,False,False,False,False,False,False,False
Contractile activity is required for Z-disc sarcomere maturation in vivo.,"Genesis (New York, N.Y. : 2000)",2015,17,,10.1002/dvg.22851,25845369.0,PMC4676352,Y,['zdisc'],10.1002/dvg.22851,False,False,True,False,True,False,True,False,False,False,False,False,False
Protein phosphatase 2A is crucial for sarcomere organization in Caenorhabditis elegans striated muscle.,Molecular biology of the cell,2018,17,,10.1091/mbc.e18-03-0192,29949401.0,PMC6232960,Y,['sarcomere_architecture'],10.1091/mbc.e18-03-0192,False,False,False,True,False,False,False,False,False,False,False,False,False
Pressure Overload by Transverse Aortic Constriction Induces Maladaptive Hypertrophy in a Titin-Truncated Mouse Model.,BioMed research international,2015,17,,10.1155/2015/163564,26504781.0,PMC4609346,Y,['titin_general'],10.1155/2015/163564,False,False,False,False,False,False,False,False,False,True,True,False,False
Changes in Urinary Titin N-terminal Fragment Concentration after Concentric and Eccentric Exercise.,Journal of sports science & medicine,2020,17,,,32132835.0,PMC7039023,N,['titin_general'],pmid:32132835,False,False,False,False,False,False,False,False,False,False,False,False,False
Titin mutation in circulatory tumor DNA is associated with efficacy to immune checkpoint blockade in advanced non-small cell lung cancer.,Translational lung cancer research,2021,17,,10.21037/tlcr-20-1118,33889507.0,PMC8044474,Y,['titin_general'],10.21037/tlcr-20-1118,False,False,False,False,False,False,False,False,False,False,False,False,False
Biophysical characterization of naturally occurring titin M10 mutations.,Protein science : a publication of the Protein Society,2015,17,,10.1002/pro.2670,25739468.0,PMC4456108,N,['titin_general'],10.1002/pro.2670,False,False,False,True,False,False,False,False,False,False,True,False,False
"Titin-mediated thick filament activation, through a mechanosensing mechanism, introduces sarcomere-length dependencies in mathematical models of rat trabecula and whole ventricle.",Scientific reports,2017,17,,10.1038/s41598-017-05999-2,28717163.0,PMC5514028,Y,"['thick_filament', 'titin_general']",10.1038/s41598-017-05999-2,False,False,False,False,True,True,True,False,True,False,False,False,False
GSK-3β Localizes to the Cardiac Z-Disc to Maintain Length Dependent Activation.,Circulation research,2022,16,,10.1161/circresaha.121.319491,35168370.0,PMC8930626,N,['zdisc'],10.1161/circresaha.121.319491,False,True,True,False,False,True,True,False,False,True,False,True,True
Human skeletal muscle type 1 fibre distribution and response of stress-sensing proteins along the titin molecule after submaximal exhaustive exercise.,Histochemistry and cell biology,2017,16,,10.1007/s00418-017-1595-z,28712031.0,,N,['titin_general'],10.1007/s00418-017-1595-z,False,False,False,False,False,False,False,False,False,False,False,False,False
Perturbation of the titin/MURF1 signaling complex is associated with hypertrophic cardiomyopathy in a fish model and in human patients.,Disease models & mechanisms,2019,16,,10.1242/dmm.041103,31628103.0,PMC6899042,Y,['titin_general'],10.1242/dmm.041103,True,False,False,True,False,False,False,False,False,True,True,False,True
The insect perspective on Z-disc structure and biology.,Journal of cell science,2022,16,,10.1242/jcs.260179,36226637.0,,N,['zdisc'],10.1242/jcs.260179,False,False,True,True,True,True,False,True,False,False,False,False,False
Titin mutations: the fall of Goliath.,Heart failure reviews,2015,16,,10.1007/s10741-015-9495-6,26024954.0,,N,['titin_general'],10.1007/s10741-015-9495-6,False,False,False,False,False,False,True,False,True,True,True,False,True
Titin-Truncating Variants Increase the Risk of Cardiovascular Death in Patients With Hypertrophic Cardiomyopathy.,The Canadian journal of cardiology,2017,16,,10.1016/j.cjca.2017.05.020,28822653.0,,N,['titin_general'],10.1016/j.cjca.2017.05.020,False,False,False,False,False,False,False,False,False,True,True,False,False
"NRIP is newly identified as a Z-disc protein, activating calmodulin signaling for skeletal muscle contraction and regeneration.",Journal of cell science,2015,16,,10.1242/jcs.174441,26430214.0,,N,['zdisc'],10.1242/jcs.174441,False,False,True,False,False,False,False,False,False,False,False,True,False
Novel heterozygous truncating titin variants affecting the A-band are associated with cardiomyopathy and myopathy/muscular dystrophy.,Molecular genetics & genomic medicine,2020,16,,10.1002/mgg3.1460,32815318.0,PMC7549586,Y,['titin_general'],10.1002/mgg3.1460,False,False,False,False,False,False,False,False,False,True,True,False,False
Discovery of Titin and Its Role in Heart Function and Disease.,Circulation research,2025,16,,10.1161/circresaha.124.323051,39745989.0,,N,['titin_general'],10.1161/circresaha.124.323051,False,True,True,True,True,False,True,False,True,True,True,True,True
Dysregulated IER3 Expression is Associated with Enhanced Apoptosis in Titin-Based Dilated Cardiomyopathy.,International journal of molecular sciences,2017,16,,10.3390/ijms18040723,28353642.0,PMC5412309,Y,['titin_general'],10.3390/ijms18040723,False,False,False,False,False,False,False,False,False,True,True,False,False
Dissection of Z-disc myopalladin gene network involved in the development of restrictive cardiomyopathy using system genetics approach.,World journal of cardiology,2017,16,,10.4330/wjc.v9.i4.320,28515850.0,PMC5411966,Y,['zdisc'],10.4330/wjc.v9.i4.320,False,False,True,False,False,False,False,False,False,True,True,False,False
Titin activates myosin filaments in skeletal muscle by switching from an extensible spring to a mechanical rectifier.,Proceedings of the National Academy of Sciences of the United States of America,2023,16,,10.1073/pnas.2219346120,36812205.0,PMC9992839,Y,"['titin_general', 'titin_mechanics']",10.1073/pnas.2219346120,False,True,False,False,True,False,True,True,True,False,False,False,False
Z-disc protein CHAPb induces cardiomyopathy and contractile dysfunction in the postnatal heart.,PloS one,2017,15,,10.1371/journal.pone.0189139,29206857.0,PMC5716575,Y,['zdisc'],10.1371/journal.pone.0189139,False,False,True,False,False,False,False,False,True,True,True,False,True
Investigating the correlation of muscle function tests and sarcomere organization in C. elegans.,Skeletal muscle,2021,15,,10.1186/s13395-021-00275-4,34389048.0,PMC8362255,Y,['sarcomere_architecture'],10.1186/s13395-021-00275-4,False,False,False,True,True,True,True,False,False,False,False,False,False
Coupling between myosin head conformation and the thick filament backbone structure.,Journal of structural biology,2017,15,,10.1016/j.jsb.2017.09.009,28964844.0,PMC5733691,N,['thick_filament'],10.1016/j.jsb.2017.09.009,False,False,False,False,True,True,False,False,False,False,False,False,False
Increased Titin Compliance Reduced Length-Dependent Contraction and Slowed Cross-Bridge Kinetics in Skinned Myocardial Strips from Rbm (20ΔRRM) Mice.,Frontiers in physiology,2016,15,,10.3389/fphys.2016.00322,27524973.0,PMC4966298,Y,['titin_general'],10.3389/fphys.2016.00322,False,False,True,True,False,False,True,False,True,False,False,False,True
Functional impact of titin (TTN) mutations in ocular surface squamous neoplasia.,International journal of biological macromolecules,2022,15,,10.1016/j.ijbiomac.2021.11.120,34838574.0,,N,['titin_general'],10.1016/j.ijbiomac.2021.11.120,False,False,False,False,False,False,False,False,False,False,False,False,False
Elastic titin properties and protein quality control in the aging heart.,Biochimica et biophysica acta. Molecular cell research,2020,15,,10.1016/j.bbamcr.2019.118532,31421188.0,,N,['titin_general'],10.1016/j.bbamcr.2019.118532,False,True,False,False,False,False,True,False,True,True,False,True,True
Modifications of Titin Contribute to the Progression of Cardiomyopathy and Represent a Therapeutic Target for Treatment of Heart Failure.,Journal of clinical medicine,2020,15,,10.3390/jcm9092770,32859027.0,PMC7564493,Y,['titin_general'],10.3390/jcm9092770,False,True,False,False,False,False,True,False,False,True,True,True,False
Rare Titin (TTN) Variants in Diseases Associated with Sudden Cardiac Death.,International journal of molecular sciences,2015,15,,10.3390/ijms161025773,26516846.0,PMC4632826,Y,['titin_general'],10.3390/ijms161025773,False,False,False,False,False,False,False,False,False,True,True,False,False
Substrate Characterization and Outcomes of Ventricular Tachycardia Ablation in <i>TTN (Titin)</i> Cardiomyopathy: A Multicenter Study.,Circulation. Arrhythmia and electrophysiology,2021,15,,10.1161/circep.121.010006,34315225.0,,N,['titin_general'],10.1161/circep.121.010006,False,False,False,False,False,False,False,False,False,True,True,False,False
The novel cardiac z-disc protein CEFIP regulates cardiomyocyte hypertrophy by modulating calcineurin signaling.,The Journal of biological chemistry,2017,15,,10.1074/jbc.m117.786764,28717008.0,PMC5602380,N,['zdisc'],10.1074/jbc.m117.786764,False,False,True,False,False,False,False,False,True,True,True,False,False
Urine Titin N-Fragment as a Biomarker of Muscle Injury for Critical Illness Myopathy.,American journal of respiratory and critical care medicine,2021,15,,10.1164/rccm.202008-3089le,33030965.0,,N,['titin_general'],10.1164/rccm.202008-3089le,False,False,False,False,False,False,False,False,False,False,True,False,False
Nuances of electrophoresis study of titin/connectin.,Biophysical reviews,2017,14,,10.1007/s12551-017-0266-6,28555301.0,PMC5498330,N,['titin_general'],10.1007/s12551-017-0266-6,False,False,False,False,False,False,False,False,False,False,False,False,True
E3-ligase knock down revealed differential titin degradation by autopagy and the ubiquitin proteasome system.,Scientific reports,2021,14,,10.1038/s41598-021-00618-7,34702928.0,PMC8548520,Y,['titin_general'],10.1038/s41598-021-00618-7,False,False,False,False,False,False,False,False,False,False,False,False,False
Defective sarcomere organization and reduced larval locomotion and fish survival in slow muscle heavy chain 1 (smyhc1) mutants.,FASEB journal : official publication of the Federation of American Societies for Experimental Biology,2020,14,,10.1096/fj.201900935rr,31914689.0,PMC6956737,N,['sarcomere_architecture'],10.1096/fj.201900935rr,False,False,False,True,True,False,False,False,False,False,False,False,False
Urinary titin N-terminal fragment concentration is an indicator of preoperative sarcopenia and nutritional status in patients with gastrointestinal tract and hepatobiliary pancreatic malignancies.,"Nutrition (Burbank, Los Angeles County, Calif.)",2020,14,,10.1016/j.nut.2020.110957,32866763.0,,N,['titin_general'],10.1016/j.nut.2020.110957,False,False,False,False,False,False,False,True,False,False,False,False,False
Diurnal Differences in Human Muscle Isometric Force In Vivo Are Associated with Differential Phosphorylation of Sarcomeric M-Band Proteins.,Proteomes,2020,14,,10.3390/proteomes8030022,32859009.0,PMC7565642,Y,['mband'],10.3390/proteomes8030022,False,False,False,True,False,False,False,False,False,False,False,True,False
Use of animal models to understand titin physiology and pathology.,Journal of cellular and molecular medicine,2022,14,,10.1111/jcmm.17533,36065969.0,PMC9575118,Y,['titin_general'],10.1111/jcmm.17533,False,False,False,False,False,False,False,False,False,True,True,False,False
Sequential myosin phosphorylation activates tarantula thick filament via a disorder-order transition.,Molecular bioSystems,2015,14,,10.1039/c5mb00162e,26038232.0,PMC4503533,N,['thick_filament'],10.1039/c5mb00162e,False,False,False,False,True,True,False,False,False,False,False,True,False
"A case of late-onset, thymoma-associated myasthenia gravis with ryanodine receptor and titin antibodies and concomitant granulomatous myositis.",BMC neurology,2016,14,,10.1186/s12883-016-0697-x,27623618.0,PMC5022226,Y,['titin_general'],10.1186/s12883-016-0697-x,False,False,False,False,False,False,False,False,False,False,False,False,False
Myomesin is part of an integrity pathway that responds to sarcomere damage and disease.,PloS one,2019,14,,10.1371/journal.pone.0224206,31644553.0,PMC6808450,Y,['mband'],10.1371/journal.pone.0224206,False,False,False,True,False,False,False,False,False,False,False,False,False
Redox regulation of protein nanomechanics in health and disease: Lessons from titin.,Redox biology,2019,14,,10.1016/j.redox.2018.101074,30584979.0,PMC6305763,Y,['titin_general'],10.1016/j.redox.2018.101074,False,False,False,False,False,False,False,False,False,False,False,False,False
An historical perspective of the discovery of titin filaments.,Biophysical reviews,2017,14,,10.1007/s12551-017-0269-3,28656582.0,PMC5498331,N,['titin_general'],10.1007/s12551-017-0269-3,False,False,False,False,True,True,False,False,False,False,False,False,False
Alterations in Titin Properties and Myocardial Fibrosis Correlate With Clinical Phenotypes in Hemodynamic Subgroups of Severe Aortic Stenosis.,JACC. Basic to translational science,2018,14,,10.1016/j.jacbts.2018.02.002,30062220.0,PMC6059007,Y,['titin_general'],10.1016/j.jacbts.2018.02.002,False,False,False,False,False,False,False,False,True,False,False,True,True
Inverse changes in plasma tetranectin and titin levels in patients with type 2 diabetes mellitus: a potential predictor of acute myocardial infarction?,Acta pharmacologica Sinica,2018,14,,10.1038/aps.2017.141,29417940.0,PMC6289394,Y,['titin_general'],10.1038/aps.2017.141,False,False,False,False,False,False,False,False,False,False,False,False,False
The insertion sequence of the N2A region of titin exists in an extended structure with helical characteristics.,Biochimica et biophysica acta. Proteins and proteomics,2017,13,,10.1016/j.bbapap.2016.10.003,27742555.0,,N,"['titin_general', 'titin_structure_domain']",10.1016/j.bbapap.2016.10.003,True,True,False,False,False,False,True,False,True,False,False,False,False
Smooth muscle titin forms in vitro amyloid aggregates.,Bioscience reports,2016,13,,10.1042/bsr20160066,27129292.0,PMC5293577,Y,['titin_general'],10.1042/bsr20160066,False,False,False,False,False,False,False,True,False,False,False,False,False
"Seasonal changes in isoform composition of giant proteins of thick and thin filaments and titin (connectin) phosphorylation level in striated muscles of bears (Ursidae, Mammalia).",Biochemistry. Biokhimiia,2015,13,,10.1134/s0006297915030098,25761688.0,,N,['titin_general'],10.1134/s0006297915030098,False,False,False,False,False,True,False,False,True,False,False,True,True
Titin ruler hypothesis not refuted.,Proceedings of the National Academy of Sciences of the United States of America,2015,13,,10.1073/pnas.1422326112,25695970.0,PMC4371926,N,['titin_general'],10.1073/pnas.1422326112,False,False,False,False,False,False,False,False,False,False,False,False,False
Why exercise builds muscles: titin mechanosensing controls skeletal muscle growth under load.,Biophysical journal,2021,13,,10.1016/j.bpj.2021.07.023,34389312.0,PMC8456289,Y,['titin_general'],10.1016/j.bpj.2021.07.023,False,False,False,True,False,False,True,False,True,False,False,True,False
Structural domain in the Titin N2B-us region binds to FHL2 in a force-activation dependent manner.,Nature communications,2024,13,,10.1038/s41467-024-48828-7,38802383.0,PMC11530556,Y,"['titin_general', 'titin_structure_domain']",10.1038/s41467-024-48828-7,False,False,False,False,False,False,False,False,True,False,False,False,False
"Loss of Sarcomere-associated Formins Disrupts Z-line Organization, but does not Prevent Thin Filament Assembly in <i>Caenorhabditis elegans</i> Muscle.",Journal of cytology & histology,2015,13,,10.4172/2157-7099.1000318,26161293.0,PMC4494759,N,['sarcomere_architecture'],10.4172/2157-7099.1000318,False,False,True,False,False,True,True,False,False,False,False,False,False
Shiver me titin! Elucidating titin's role in shivering thermogenesis.,The Journal of experimental biology,2015,13,,10.1242/jeb.111849,25573826.0,,N,['titin_general'],10.1242/jeb.111849,False,False,False,False,False,False,False,False,True,False,True,False,False
Solution NMR Structure of Titin N2A Region Ig Domain I83 and Its Interaction with Metal Ions.,Journal of molecular biology,2021,12,,10.1016/j.jmb.2021.166977,33811919.0,PMC9550216,N,"['titin_general', 'titin_structure_domain']",10.1016/j.jmb.2021.166977,True,False,False,False,False,True,False,True,True,False,False,False,False
Effect of L-Arginine on Titin Expression in Rat Soleus Muscle After Hindlimb Unloading.,Frontiers in physiology,2019,12,,10.3389/fphys.2019.01221,31616317.0,PMC6764413,Y,['titin_general'],10.3389/fphys.2019.01221,False,False,False,False,False,False,False,False,False,False,False,True,False
Engineering protein polymers of ultrahigh molecular weight <i>via</i> supramolecular polymerization: towards mimicking the giant muscle protein titin.,Chemical science,2019,12,,10.1039/c9sc02128k,32055313.0,PMC7003960,Y,['titin_general'],10.1039/c9sc02128k,False,False,False,False,False,False,False,False,False,False,False,False,False
Dynamic Ejection Fraction Trajectory in Patients With Dilated Cardiomyopathy With a Truncating Titin Variant.,Circulation. Heart failure,2022,12,,10.1161/circheartfailure.121.009352,35543125.0,,N,['titin_general'],10.1161/circheartfailure.121.009352,False,False,False,False,False,False,False,False,False,True,True,False,False
Pairwise sequence similarity mapping with PaSiMap: Reclassification of immunoglobulin domains from titin as case study.,Computational and structural biotechnology journal,2022,12,,10.1016/j.csbj.2022.09.034,36212532.0,PMC9529554,Y,['titin_general'],10.1016/j.csbj.2022.09.034,True,False,False,False,False,False,False,False,False,False,False,False,False
Titin N2A Domain and Its Interactions at the Sarcomere.,International journal of molecular sciences,2021,12,,10.3390/ijms22147563,34299183.0,PMC8305307,Y,"['titin_general', 'titin_structure_domain']",10.3390/ijms22147563,False,False,False,False,True,True,True,False,True,False,False,False,False
Nivolumab-induced Myositis and Myocarditis with Positive Anti-titin Antibody and Anti-voltage-gated Potassium Channel Kv1.4 Antibody.,"Internal medicine (Tokyo, Japan)",2022,12,,10.2169/internalmedicine.8772-21,35314545.0,PMC9593150,Y,['titin_general'],10.2169/internalmedicine.8772-21,False,False,False,False,False,False,False,False,False,False,False,False,False
"Scalable, Non-denaturing Purification of Phosphoproteins Using Ga<sup>3+</sup>-IMAC: N2A and M1M2 Titin Components as Study case.",The protein journal,2019,12,,10.1007/s10930-019-09815-w,30719619.0,,N,['titin_general'],10.1007/s10930-019-09815-w,False,False,False,False,False,False,False,False,True,False,False,True,False
Direct coculture of human pluripotent stem cell-derived cardiac progenitor cells with epicardial cells induces cardiomyocyte proliferation and reduces sarcomere organization.,Journal of molecular and cellular cardiology,2022,12,,10.1016/j.yjmcc.2021.09.009,34560089.0,PMC8766908,N,['sarcomere_architecture'],10.1016/j.yjmcc.2021.09.009,False,False,False,False,False,False,False,False,False,False,False,False,False
Deficiency of nuclear receptor interaction protein leads to cardiomyopathy by disrupting sarcomere structure and mitochondrial respiration.,Journal of molecular and cellular cardiology,2019,12,,10.1016/j.yjmcc.2019.09.009,31629737.0,,N,['sarcomere_architecture'],10.1016/j.yjmcc.2019.09.009,False,False,True,False,False,False,True,False,False,True,True,False,False
Urinary Titin Is Increased in Patients After Cardiac Surgery.,Frontiers in cardiovascular medicine,2019,12,,10.3389/fcvm.2019.00007,30800662.0,PMC6375839,Y,['titin_general'],10.3389/fcvm.2019.00007,False,False,False,False,False,True,True,False,False,True,True,False,False
Changes in urinary titin N-terminal fragments as a biomarker of exercise-induced muscle damage in the repeated bout effect.,Journal of science and medicine in sport,2020,12,,10.1016/j.jsams.2019.12.023,31928880.0,,N,['titin_general'],10.1016/j.jsams.2019.12.023,False,False,False,False,False,False,False,False,False,False,False,False,False
A Region of UNC-89 (Obscurin) Lying between Two Protein Kinase Domains Is a Highly Elastic Spring Required for Proper Sarcomere Organization.,Journal of molecular biology,2020,12,,10.1016/j.jmb.2020.06.024,32645312.0,PMC9549344,N,['sarcomere_architecture'],10.1016/j.jmb.2020.06.024,True,True,False,True,False,False,False,False,False,False,False,False,True
Analysis of Titin in Red and White Muscles: Crucial Role on Muscle Contractions Using a Fish Model.,BioMed research international,2018,12,,10.1155/2018/5816875,30581860.0,PMC6276494,Y,['titin_general'],10.1155/2018/5816875,False,False,True,False,False,False,True,False,False,False,False,False,False
Aberrant developmental titin splicing and dysregulated sarcomere length in Thymosin β4 knockout mice.,Journal of molecular and cellular cardiology,2017,11,,10.1016/j.yjmcc.2016.10.010,27914791.0,PMC5319848,Y,['titin_general'],10.1016/j.yjmcc.2016.10.010,False,False,False,False,False,True,True,False,False,True,True,False,True
Single-Molecule Force Spectroscopy Studies of Missense Titin Mutations That Are Likely Causing Cardiomyopathy.,Langmuir : the ACS journal of surfaces and colloids,2021,11,,10.1021/acs.langmuir.1c02006,34618459.0,PMC9150697,Y,['titin_general'],10.1021/acs.langmuir.1c02006,False,True,False,False,False,False,False,False,False,True,True,False,False
Elevated Urinary Titin and its Associated Clinical Outcomes after Acute Stroke.,Journal of stroke and cerebrovascular diseases : the official journal of National Stroke Association,2021,11,,10.1016/j.jstrokecerebrovasdis.2020.105561,33360523.0,,N,['titin_general'],10.1016/j.jstrokecerebrovasdis.2020.105561,False,False,False,False,False,False,False,False,False,False,False,False,False
Real-time visualization of titin dynamics reveals extensive reversible photobleaching in human induced pluripotent stem cell-derived cardiomyocytes.,American journal of physiology. Cell physiology,2020,11,,10.1152/ajpcell.00107.2019,31747312.0,PMC6985833,N,['titin_general'],10.1152/ajpcell.00107.2019,False,False,False,True,False,False,False,False,False,False,False,False,False
Linagliptin prevents left ventricular stiffening by reducing titin cleavage and hypophosphorylation.,Journal of cellular and molecular medicine,2021,11,,10.1111/jcmm.16122,33295687.0,PMC7812306,Y,['titin_general'],10.1111/jcmm.16122,False,False,False,False,False,False,False,False,True,False,False,True,True
A sandwich ELISA kit reveals marked elevation of titin N-terminal fragment levels in the urine of mdx mice.,Animal models and experimental medicine,2022,11,,10.1002/ame2.12204,35229992.0,PMC8879618,Y,['titin_general'],10.1002/ame2.12204,False,False,False,False,False,False,False,False,False,False,True,False,False
Mislocalization of SMN from the I-band and M-band in human skeletal myofibers in spinal muscular atrophy associates with primary structural alterations of the sarcomere.,Cell and tissue research,2020,11,,10.1007/s00441-020-03236-3,32676861.0,,N,['mband'],10.1007/s00441-020-03236-3,False,False,True,True,False,False,False,False,False,False,True,False,True
Mechanical responses of the mechanosensitive unstructured domains in cardiac titin.,Biology of the cell,2018,11,,10.1111/boc.201700061,29226977.0,,N,['titin_general'],10.1111/boc.201700061,True,True,False,False,False,False,False,False,True,False,False,False,False
Titin-Based Force Modulates Cardiac Thick and Thin Filaments.,Circulation research,2024,11,,10.1161/circresaha.123.323988,38482667.0,PMC11046451,N,['titin_general'],10.1161/circresaha.123.323988,False,False,False,False,False,True,False,False,False,False,False,False,False
"Zebrafish Embryonic Slow Muscle Is a Rapid System for Genetic Analysis of Sarcomere Organization by CRISPR/Cas9, but Not NgAgo.","Marine biotechnology (New York, N.Y.)",2018,11,,10.1007/s10126-018-9794-8,29374849.0,,N,['sarcomere_architecture'],10.1007/s10126-018-9794-8,False,False,False,True,True,False,False,False,False,False,False,False,False
A stochastic simulation of skeletal muscle calcium transients in a structurally realistic sarcomere model using MCell.,PLoS computational biology,2019,11,,10.1371/journal.pcbi.1006712,30845143.0,PMC6424466,Y,['sarcomere_architecture'],10.1371/journal.pcbi.1006712,False,False,True,True,False,True,True,False,False,False,False,False,False
"The crucial role of titin in fetal development: recurrent miscarriages and bone, heart and muscle anomalies characterise the severe end of titinopathies spectrum.",Journal of medical genetics,2023,11,,10.1136/jmg-2022-109018,36977548.0,,N,['titin_general'],10.1136/jmg-2022-109018,False,False,False,False,False,False,False,False,False,True,True,False,False
The assembly and evaluation of antisense oligonucleotides applied in exon skipping for titin-based mutations in dilated cardiomyopathy.,Journal of molecular and cellular cardiology,2019,11,,10.1016/j.yjmcc.2019.04.014,30998980.0,,N,['titin_general'],10.1016/j.yjmcc.2019.04.014,False,False,False,False,False,False,False,False,False,True,True,False,False
Scriptaid/exercise-induced lysine acetylation is another type of posttranslational modification occurring in titin.,"Journal of applied physiology (Bethesda, Md. : 1985)",2020,11,,10.1152/japplphysiol.00617.2019,31829803.0,,N,['titin_general'],10.1152/japplphysiol.00617.2019,False,False,False,False,False,False,False,False,False,False,False,False,False
Mortality Risk Associated With Truncating Founder Mutations in Titin.,Circulation. Genomic and precision medicine,2019,10,,10.1161/circgen.118.002436,31112426.0,,N,['titin_general'],10.1161/circgen.118.002436,False,False,False,False,False,False,False,False,False,True,True,False,False
Monitoring Unfolding of Titin I27 Single and Bi Domain with High-Pressure NMR Spectroscopy.,Biophysical journal,2018,10,,10.1016/j.bpj.2018.06.010,30021109.0,PMC6051020,N,"['titin_general', 'titin_structure_domain']",10.1016/j.bpj.2018.06.010,False,False,False,False,False,False,False,False,False,False,False,False,False
Does partial titin degradation affect sarcomere length nonuniformities and force in active and passive myofibrils?,American journal of physiology. Cell physiology,2018,10,,10.1152/ajpcell.00183.2017,29768046.0,PMC6171042,N,['titin_general'],10.1152/ajpcell.00183.2017,False,False,False,False,False,False,True,False,False,False,False,False,False
Myosin MgADP Release Rate Decreases as Sarcomere Length Increases in Skinned Rat Soleus Muscle Fibers.,Biophysical journal,2016,10,,10.1016/j.bpj.2016.09.024,27806282.0,PMC5103013,N,['sarcomere_architecture'],10.1016/j.bpj.2016.09.024,False,False,False,False,False,True,True,False,False,False,False,False,False
"Slow skeletal muscle troponin T, titin and myosin light chain 3 are candidate prognostic biomarkers for Ewing's sarcoma.",Oncology letters,2019,10,,10.3892/ol.2019.11044,31807166.0,PMC6876326,Y,['titin_general'],10.3892/ol.2019.11044,False,False,False,False,True,True,False,False,False,False,False,False,False
"Smyd1 is essential for myosin expression and sarcomere organization in craniofacial, extraocular, and cardiac muscles.",Journal of genetics and genomics = Yi chuan xue bao,2021,10,,10.1016/j.jgg.2021.03.004,33958316.0,PMC9234968,N,['sarcomere_architecture'],10.1016/j.jgg.2021.03.004,False,False,False,False,False,False,False,False,False,False,False,False,False
Differences in thick filament activation in fast rodent skeletal muscle and slow porcine cardiac muscle.,The Journal of physiology,2024,10,,10.1113/jp286072,38695322.0,PMC11178443,N,['thick_filament'],10.1113/jp286072,False,False,False,False,True,True,False,True,False,False,False,False,False
Cardiac specific titin N2B exon is a novel sensitive serological marker for cardiac injury.,International journal of cardiology,2016,10,,10.1016/j.ijcard.2016.03.045,27043064.0,,N,['titin_general'],10.1016/j.ijcard.2016.03.045,False,False,False,False,False,False,False,False,True,False,False,False,False
Screening for anti-titin antibodies in patients with various paraneoplastic neurological syndromes.,Journal of neuroimmunology,2016,10,,10.1016/j.jneuroim.2016.04.004,27235344.0,,N,['titin_general'],10.1016/j.jneuroim.2016.04.004,False,False,False,False,False,False,False,False,False,False,False,False,False
The giant titin: how to evaluate its role in cardiomyopathies.,Journal of muscle research and cell motility,2019,10,,10.1007/s10974-019-09518-w,31147888.0,PMC6726704,Y,['titin_general'],10.1007/s10974-019-09518-w,False,False,False,False,False,False,False,False,False,True,True,False,False
"The Interplay Between Titin, Polygenic Risk, and Modifiable Cardiovascular Risk Factors in Atrial Fibrillation.",The Canadian journal of cardiology,2021,10,,10.1016/j.cjca.2020.12.024,33373724.0,,N,['titin_general'],10.1016/j.cjca.2020.12.024,False,False,False,False,False,False,False,False,False,True,True,False,False
A mechanism for sarcomere breathing: volume change and advective flow within the myofilament lattice.,Biophysical journal,2021,10,,10.1016/j.bpj.2021.08.006,34384761.0,PMC8510861,N,['sarcomere_architecture'],10.1016/j.bpj.2021.08.006,False,False,False,False,True,True,True,True,False,False,False,False,False
Titin and CK2α are New Intracellular Targets in Acute Insulin Application-Associated Benefits on Electrophysiological Parameters of Left Ventricular Cardiomyocytes From Insulin-Resistant Metabolic Syndrome Rats.,Cardiovascular drugs and therapy,2020,10,,10.1007/s10557-020-06974-2,32377826.0,,N,['titin_general'],10.1007/s10557-020-06974-2,False,False,False,False,False,False,False,False,False,False,False,True,False
Recovery in Patients With Dilated Cardiomyopathy With Loss-of-Function Mutations in the Titin Gene.,JAMA cardiology,2017,10,,10.1001/jamacardio.2017.0763,28423146.0,PMC5815020,N,['titin_general'],10.1001/jamacardio.2017.0763,False,False,False,False,False,False,False,False,False,True,True,False,False
Anti-titin antibody is associated with more frequent hospitalization to manage thymoma-associated myasthenia gravis.,Frontiers in neurology,2022,10,,10.3389/fneur.2022.978997,36277908.0,PMC9581133,Y,['titin_general'],10.3389/fneur.2022.978997,False,False,False,False,False,False,False,False,False,False,False,False,False
The millimeter IRAM-30 m line survey toward IK Tau.,Astronomy and astrophysics,2017,10,,10.1051/0004-6361/201628776,28008187.0,PMC5166976,N,['mband'],10.1051/0004-6361/201628776,False,False,False,False,False,False,False,False,False,False,False,False,False
Titin-mediated thick filament activation stabilizes myofibrils on the descending limb of their force-length relationship.,Journal of sport and health science,2018,10,,10.1016/j.jshs.2018.05.002,30356636.0,PMC6189248,Y,"['thick_filament', 'titin_general']",10.1016/j.jshs.2018.05.002,False,False,False,False,True,True,False,False,True,False,False,False,False
Contributions of Titin and Collagen to Passive Stress in Muscles from <i>mdm</i> Mice with a Small Deletion in Titin's Molecular Spring.,International journal of molecular sciences,2022,10,,10.3390/ijms23168858,36012129.0,PMC9408699,Y,"['titin_general', 'titin_mechanics']",10.3390/ijms23168858,False,True,True,False,False,False,True,False,True,False,True,False,True
Titin-truncating variants are associated with heart failure events in patients with left ventricular non-compaction cardiomyopathy.,Clinical cardiology,2019,10,,10.1002/clc.23172,30851055.0,PMC6523007,Y,['titin_general'],10.1002/clc.23172,False,False,False,False,False,False,False,False,False,True,True,False,False
Tools to differentiate between Filamin C and Titin truncating variant carriers: value of MRI.,European journal of human genetics : EJHG,2023,10,,10.1038/s41431-023-01357-1,37032351.0,PMC10620392,N,['titin_general'],10.1038/s41431-023-01357-1,False,False,False,False,False,False,False,False,False,True,True,False,False
CsA Promotes XIST Expression to Regulate Human Trophoblast Cells Proliferation and Invasion Through miR-144/Titin Axis.,Journal of cellular biochemistry,2017,10,,10.1002/jcb.25867,28059474.0,,N,['titin_general'],10.1002/jcb.25867,False,False,False,False,False,False,False,False,False,False,False,False,False
Unexpected Low Mechanical Stability of Titin I27 Domain at Physiologically Relevant Temperature.,The journal of physical chemistry letters,2021,10,,10.1021/acs.jpclett.1c01309,34384021.0,,N,"['titin_general', 'titin_structure_domain']",10.1021/acs.jpclett.1c01309,True,True,False,False,False,False,False,False,False,False,False,False,False
Different amyloid aggregation of smooth muscles titin in vitro.,Journal of biomolecular structure & dynamics,2018,10,,10.1080/07391102.2017.1348988,28661225.0,,N,['titin_general'],10.1080/07391102.2017.1348988,False,False,False,False,False,False,False,True,False,False,False,False,False
End-diastolic force pre-activates cardiomyocytes and determines contractile force: role of titin and calcium.,The Journal of physiology,2019,10,,10.1113/jp277985,31314138.0,PMC6852589,Y,['titin_general'],10.1113/jp277985,False,False,False,False,False,False,True,False,False,False,False,False,True
Expression of titin-linked putative mechanosensing proteins in skeletal muscle after power resistance exercise in resistance-trained men.,"Journal of applied physiology (Bethesda, Md. : 1985)",2021,9,,10.1152/japplphysiol.00711.2020,33356984.0,,N,['titin_general'],10.1152/japplphysiol.00711.2020,False,False,False,False,False,False,False,False,True,False,False,True,False
Mechanically weak and highly dynamic state of mechanosensitive titin Ig domains induced by proline isomerization.,Nature communications,2025,9,,10.1038/s41467-025-57989-y,40113761.0,PMC11926396,Y,['titin_general'],10.1038/s41467-025-57989-y,True,False,False,False,False,False,False,False,True,False,False,False,False
"Impaired Intracellular Ca<sup>2+</sup> Dynamics, M-Band and Sarcomere Fragility in Skeletal Muscles of Obscurin KO Mice.",International journal of molecular sciences,2022,9,,10.3390/ijms23031319,35163243.0,PMC8835721,Y,['mband'],10.3390/ijms23031319,False,False,False,True,False,False,False,False,False,False,False,False,False
Nuclear connectin novex-3 promotes proliferation of hypoxic foetal cardiomyocytes.,Scientific reports,2018,9,,10.1038/s41598-018-30886-9,30120340.0,PMC6098106,Y,['titin_general'],10.1038/s41598-018-30886-9,False,False,False,False,False,False,False,False,False,False,False,True,True
SUMO system - a key regulator in sarcomere organization.,The FEBS journal,2020,9,,10.1111/febs.15263,32096922.0,,N,['sarcomere_architecture'],10.1111/febs.15263,False,False,False,False,True,False,False,False,False,True,True,True,False
Complete primary structure of the I-band region of connectin at which mechanical property is modulated in zebrafish heart and skeletal muscle.,Gene,2017,9,,10.1016/j.gene.2016.10.010,27725266.0,,N,['titin_general'],10.1016/j.gene.2016.10.010,True,True,False,False,False,False,False,False,False,True,True,False,True
"Social, Genetics and Histopathological Factors Related to <i>Titin</i> (<i>TTN</i>) Gene Mutation and Survival in Women with Ovarian Serous Cystadenocarcinoma: Bioinformatics Analysis.",Genes,2023,9,,10.3390/genes14051092,37239452.0,PMC10218003,Y,['titin_general'],10.3390/genes14051092,False,False,False,False,False,False,False,False,False,False,False,False,False
Titin isoforms are increasingly protected against oxidative modifications in developing rat cardiomyocytes.,Free radical biology & medicine,2017,9,,10.1016/j.freeradbiomed.2017.09.015,28943453.0,,N,['titin_general'],10.1016/j.freeradbiomed.2017.09.015,False,False,False,False,False,False,True,False,True,False,False,False,True
Skeletal Muscle Involvement in Patients With Truncations of Titin and Familial Dilated Cardiomyopathy.,JACC. Heart failure,2024,9,,10.1016/j.jchf.2023.10.010,37999665.0,,N,['titin_general'],10.1016/j.jchf.2023.10.010,False,False,True,True,False,False,False,False,False,True,True,False,False
Role of Diffusion in Unfolding and Translocation of Multidomain Titin I27 Substrates by a Clp ATPase Nanomachine.,The journal of physical chemistry. B,2019,9,,10.1021/acs.jpcb.8b10282,30681335.0,,N,['titin_general'],10.1021/acs.jpcb.8b10282,True,False,False,False,False,False,False,False,False,False,False,False,False
Ultrastructural and kinetic evidence support that thick filaments slide through the Z-disc.,"Journal of the Royal Society, Interface",2022,9,,10.1098/rsif.2022.0642,36475390.0,PMC9727675,N,['zdisc'],10.1098/rsif.2022.0642,False,False,True,False,True,False,False,False,False,False,False,False,False
Could Modification of Titin Contribute to an Answer for Heart Failure With Preserved Ejection Fraction?,Circulation,2016,9,,10.1161/circulationaha.116.023648,27630137.0,PMC5069174,N,['titin_general'],10.1161/circulationaha.116.023648,False,False,False,False,False,False,False,False,False,True,False,False,False
High-proportion spliced-in titin truncating variants in African and European ancestry in the All of Us Research Program.,Nature cardiovascular research,2024,9,,10.1038/s44161-023-00417-5,39196186.0,,N,['titin_general'],10.1038/s44161-023-00417-5,False,False,False,False,False,False,False,False,False,True,True,False,True
Changes in Muscle Shear Modulus and Urinary Titin N-Terminal Fragment after Eccentric Exercise.,Journal of sports science & medicine,2022,9,,10.52082/jssm.2022.536,36523897.0,PMC9741722,N,['titin_general'],10.52082/jssm.2022.536,False,False,False,False,False,False,False,False,False,False,False,False,False
Titin domains with reduced core hydrophobicity cause dilated cardiomyopathy.,Cell reports,2023,9,,10.1016/j.celrep.2023.113490,38052212.0,,N,['titin_general'],10.1016/j.celrep.2023.113490,False,False,False,False,False,False,False,True,False,True,True,False,False
"RBM20, a Therapeutic Target to Alleviate Myocardial Stiffness <i>via</i> Titin Isoforms Switching in HFpEF.",Frontiers in cardiovascular medicine,2022,9,,10.3389/fcvm.2022.928244,35783855.0,PMC9243441,Y,"['titin_general', 'titin_mechanics']",10.3389/fcvm.2022.928244,False,False,False,False,False,False,False,False,True,True,False,False,True
Modeling thick filament activation suggests a molecular basis for force depression.,Biophysical journal,2024,9,,10.1016/j.bpj.2024.01.024,38291752.0,PMC10938083,N,['thick_filament'],10.1016/j.bpj.2024.01.024,False,False,False,False,True,False,False,False,False,False,False,False,False
Protein Quality Control at the Sarcomere: Titin Protection and Turnover and Implications for Disease Development.,Frontiers in physiology,2022,9,,10.3389/fphys.2022.914296,35846001.0,PMC9281568,Y,['titin_general'],10.3389/fphys.2022.914296,False,True,False,False,False,False,False,False,False,False,False,False,False
Z-band and M-band titin splicing and regulation by RNA binding motif 20 in striated muscles.,Journal of cellular biochemistry,2018,9,,10.1002/jcb.27328,30133019.0,PMC6218289,N,"['mband', 'titin_general', 'zdisc']",10.1002/jcb.27328,False,False,True,True,False,False,False,False,False,False,False,False,True
Enrichment of titin-truncating variants in exon 327 in dilated cardiomyopathy and its relevance to reduced nonsense-mediated mRNA decay efficiency.,Frontiers in genetics,2022,8,,10.3389/fgene.2022.1087359,36685919.0,PMC9845391,Y,['titin_general'],10.3389/fgene.2022.1087359,False,False,False,False,False,False,False,False,False,True,True,False,False
Urinary N-Terminal Fragment of Titin Reflects Muscle Damage After a Soccer Match in Male Collegiate Soccer Players.,Journal of strength and conditioning research,2021,8,,10.1519/jsc.0000000000003923,33337691.0,,N,['titin_general'],10.1519/jsc.0000000000003923,False,False,False,False,False,False,False,False,False,False,False,False,False
Left Atrial Function in Patients with Titin Cardiomyopathy.,Journal of cardiac failure,2024,8,,10.1016/j.cardfail.2023.05.013,37230314.0,,N,['titin_general'],10.1016/j.cardfail.2023.05.013,False,False,False,False,False,False,False,False,False,True,True,False,False
Transient titin-dependent ventricular defects during development lead to adult atrial arrhythmia and impaired contractility.,iScience,2024,8,,10.1016/j.isci.2024.110395,39100923.0,PMC11296057,Y,['titin_general'],10.1016/j.isci.2024.110395,False,False,False,False,False,False,False,False,False,True,True,False,False
Urine titin as a novel biomarker for Duchenne muscular dystrophy.,Neuromuscular disorders : NMD,2023,8,,10.1016/j.nmd.2023.02.003,36871413.0,,N,['titin_general'],10.1016/j.nmd.2023.02.003,False,False,False,False,False,False,False,False,False,False,True,False,False
Receiver operating curve analyses of urinary titin of healthy 3-y-old children may be a noninvasive screening method for Duchenne muscular dystrophy.,Clinica chimica acta; international journal of clinical chemistry,2018,8,,10.1016/j.cca.2018.07.041,30053403.0,,N,['titin_general'],10.1016/j.cca.2018.07.041,False,False,False,False,False,False,False,False,False,False,True,False,False
Discovery of TITIN Gene Truncating Variant Mutations and 5-Year Outcomes in Patients With Nonischemic Dilated Cardiomyopathy.,The American journal of cardiology,2020,8,,10.1016/j.amjcard.2020.09.026,32998006.0,,N,['titin_general'],10.1016/j.amjcard.2020.09.026,False,False,False,False,False,False,False,False,False,True,True,False,False
Impact of titin strain on the cardiac slow force response.,Progress in biophysics and molecular biology,2017,8,,10.1016/j.pbiomolbio.2017.06.009,28648628.0,PMC5716905,N,['titin_general'],10.1016/j.pbiomolbio.2017.06.009,False,False,False,False,False,False,True,False,False,False,False,False,True
The link between exercise and titin passive stiffness.,Experimental physiology,2017,8,,10.1113/ep086275,28762234.0,PMC5578882,N,"['titin_general', 'titin_mechanics']",10.1113/ep086275,False,False,False,False,False,False,False,False,False,False,False,True,True
Muscle Mechanics and Thick Filament Activation: An Emerging Two-Way Interaction for the Vertebrate Striated Muscle Fine Regulation.,International journal of molecular sciences,2023,8,,10.3390/ijms24076265,37047237.0,PMC10094676,Y,['thick_filament'],10.3390/ijms24076265,False,False,False,False,True,True,False,False,True,False,False,False,False
Distinct Cardiac Transcriptomic Clustering in Titin and Lamin A/C-Associated Dilated Cardiomyopathy Patients.,Circulation,2020,8,,10.1161/circulationaha.119.045118,32955937.0,,N,['titin_general'],10.1161/circulationaha.119.045118,False,False,False,False,False,False,False,False,False,True,True,False,False
The effect of neuromuscular electrical stimulation applied at different muscle lengths on muscle architecture and sarcomere morphology in rats.,"Anatomical record (Hoboken, N.J. : 2007)",2024,8,,10.1002/ar.25240,37194371.0,,N,['sarcomere_architecture'],10.1002/ar.25240,False,False,False,False,False,False,True,False,False,False,False,False,False
Regulation of sarcomere formation and function in the healthy heart requires a titin intronic enhancer.,The Journal of clinical investigation,2024,8,,10.1172/jci183353,39688912.0,PMC11827849,Y,['titin_general'],10.1172/jci183353,False,False,False,False,False,False,False,False,False,True,True,False,False
An isoform of the giant protein titin is a master regulator of human T lymphocyte trafficking.,Cell reports,2023,8,,10.1016/j.celrep.2023.112516,37204926.0,,N,['titin_general'],10.1016/j.celrep.2023.112516,False,False,False,False,False,False,False,False,False,False,False,True,True
Truncations of the titin Z-disc predispose to a heart failure with preserved ejection phenotype in the context of pressure overload.,PloS one,2018,8,,10.1371/journal.pone.0201498,30063764.0,PMC6067738,Y,"['titin_general', 'zdisc']",10.1371/journal.pone.0201498,False,False,True,False,False,False,False,False,False,True,False,False,False
Urinary titin in myotonic dystrophy type 1.,Muscle & nerve,2023,8,,10.1002/mus.27917,37291994.0,,N,['titin_general'],10.1002/mus.27917,False,False,False,False,False,False,False,False,False,False,False,False,False
Eccentric muscle contraction potentiates titin stiffness-related contractile properties in rat fast-twitch muscles.,"Journal of applied physiology (Bethesda, Md. : 1985)",2022,7,,10.1152/japplphysiol.00327.2022,35981734.0,,N,"['titin_general', 'titin_mechanics']",10.1152/japplphysiol.00327.2022,False,True,False,False,False,False,True,False,False,False,False,False,False
Titin-Related Dilated Cardiomyopathy: The Clinical Trajectory and the Role of Circulating Biomarkers in the Clinical Assessment.,"Diagnostics (Basel, Switzerland)",2021,7,,10.3390/diagnostics12010013,35054181.0,PMC8775078,Y,['titin_general'],10.3390/diagnostics12010013,False,False,False,False,False,True,False,False,False,True,True,False,False
Annotating the x-ray diffraction pattern of vertebrate striated muscle.,Biophysical journal,2025,7,,10.1016/j.bpj.2025.09.019,40954998.0,PMC12694897,Y,['titin_cryoem'],10.1016/j.bpj.2025.09.019,False,False,False,False,True,False,False,True,False,False,False,False,False
Titin-related Cardiomyopathy: Is it a Distinct Disease?,Current cardiology reports,2022,7,,10.1007/s11886-022-01726-0,35759169.0,,N,['titin_general'],10.1007/s11886-022-01726-0,False,False,False,False,False,False,False,False,False,True,True,False,False
Long non-coding RNA titin-antisense RNA1 contributes to growth and metastasis of cholangiocarcinoma by suppressing microRNA-513a-5p to upregulate stratifin.,Bioengineered,2021,7,,10.1080/21655979.2021.2011014,34903127.0,PMC8810091,Y,['titin_general'],10.1080/21655979.2021.2011014,False,False,False,False,False,False,False,False,False,False,False,False,False
Titin-related familial dilated cardiomyopathy: factors associated with disease onset.,European heart journal,2025,7,,10.1093/eurheartj/ehaf380,40796136.0,PMC12718689,Y,['titin_general'],10.1093/eurheartj/ehaf380,False,False,False,False,False,False,False,False,False,True,True,False,False
&lt;i&gt;Rbm20&lt;/i&gt; ablation is associated with changes in the expression of titin-interacting and metabolic proteins.,Molecular omics,2022,7,,10.1039/d2mo00115b,35762193.0,PMC9776116,N,['titin_general'],10.1039/d2mo00115b,False,False,False,False,False,False,False,False,False,True,True,False,True
A mechanical model of the half-sarcomere which includes the contribution of titin.,Journal of muscle research and cell motility,2019,7,,10.1007/s10974-019-09508-y,30900059.0,,N,['titin_general'],10.1007/s10974-019-09508-y,False,False,False,False,True,False,True,False,False,False,True,False,True
Titin as a potential novel therapeutic target in colorectal cancer.,Journal of cellular and molecular medicine,2023,7,,10.1111/jcmm.17866,37499109.0,PMC10538261,Y,['titin_general'],10.1111/jcmm.17866,False,False,False,False,False,False,False,False,False,True,True,False,False
"Z-Disk-Associated Plectin (Isoform 1d): Spatial Arrangement, Interaction Partners, and Role in Filamin C Homeostasis.",Cells,2023,7,,10.3390/cells12091259,37174658.0,PMC10177080,Y,['zdisc'],10.3390/cells12091259,False,False,True,False,False,False,False,False,False,False,False,False,True
"Expression of LIM domain-binding 3 (LDB3), a striated muscle Z-band alternatively spliced PDZ-motif protein in the nervous system.",Scientific reports,2023,7,,10.1038/s41598-023-27531-5,36609526.0,PMC9822979,Y,['zdisc'],10.1038/s41598-023-27531-5,False,False,True,False,False,False,False,False,True,False,True,False,True
The Effects of Hsp90α1 Mutations on Myosin Thick Filament Organization.,PloS one,2015,7,,10.1371/journal.pone.0142573,26562659.0,PMC4642942,Y,['thick_filament'],10.1371/journal.pone.0142573,False,False,False,False,True,False,False,False,False,False,False,True,False
Nanosurgical Manipulation of Titin and Its M-Complex.,"Nanomaterials (Basel, Switzerland)",2022,7,,10.3390/nano12020178,35055197.0,PMC8779236,Y,['titin_general'],10.3390/nano12020178,True,True,False,True,True,False,False,False,False,False,False,False,False
<i>PTC2</i> region genotypes counteract <i>Biomphalaria glabrata</i> population differences between M-line and BS90 in resistance to infection by <i>Schistosoma mansoni</i>.,PeerJ,2022,7,,10.7717/peerj.13971,36117535.0,PMC9480060,Y,['mband'],10.7717/peerj.13971,False,False,False,True,False,False,False,False,False,False,False,False,False
"N-terminal titin fragment: a non-invasive, pharmacodynamic biomarker for microdystrophin efficacy.",Skeletal muscle,2024,7,,10.1186/s13395-023-00334-y,38229112.0,PMC10790446,Y,['titin_general'],10.1186/s13395-023-00334-y,False,False,False,False,False,False,False,False,False,False,True,False,False
Shortening the thick filament by partial deletion of titin's C-zone alters cardiac function by reducing the operating sarcomere length range.,Journal of molecular and cellular cardiology,2022,7,,10.1016/j.yjmcc.2022.01.002,35031281.0,PMC8940690,N,['thick_filament'],10.1016/j.yjmcc.2022.01.002,False,True,False,False,True,False,True,False,False,False,False,False,False
Amino Acid-Level Signal-to-Noise Analysis Aids in Pathogenicity Prediction of Incidentally Identified <i>TTN</i>-Encoded Titin Truncating Variants.,Circulation. Genomic and precision medicine,2021,7,,10.1161/circgen.120.003131,33226272.0,PMC7887062,N,['titin_general'],10.1161/circgen.120.003131,False,False,False,False,False,False,False,False,False,True,True,False,True
Urinary N-terminal fragment of titin is a marker to diagnose muscular dystrophy in patients with cardiomyopathy.,Clinica chimica acta; international journal of clinical chemistry,2018,7,,10.1016/j.cca.2018.06.001,29870683.0,,N,['titin_general'],10.1016/j.cca.2018.06.001,False,False,False,False,False,True,False,False,False,True,True,False,False
Expressing a Z-disk nebulin fragment in nebulin-deficient mouse muscle: effects on muscle structure and function.,Skeletal muscle,2020,7,,10.1186/s13395-019-0219-9,31992366.0,PMC6986074,Y,['zdisc'],10.1186/s13395-019-0219-9,False,False,True,False,False,True,False,False,False,False,True,False,True
Cardiac MLC2 kinase is localized to the Z-disc and interacts with α-actinin2.,Scientific reports,2019,7,,10.1038/s41598-019-48884-w,31467300.0,PMC6715661,Y,['zdisc'],10.1038/s41598-019-48884-w,False,False,True,False,False,False,False,False,False,False,False,True,True
A Novel Titin Truncation Variant Linked to Familial Dilated Cardiomyopathy Found in a Japanese Family and Its Functional Analysis in Genome-Edited Model Cells.,International heart journal,2021,6,,10.1536/ihj.20-664,33678800.0,,N,['titin_general'],10.1536/ihj.20-664,False,False,False,False,False,False,False,False,False,True,True,False,False
The Y9P Variant of the Titin I27 Module: Structural Determinants of Its Revisited Nanomechanics.,"Structure (London, England : 1993)",2016,6,,10.1016/j.str.2016.02.016,27021163.0,,N,['titin_general'],10.1016/j.str.2016.02.016,False,False,False,False,False,False,False,False,False,False,False,False,False
"Structure of the Flight Muscle Thick Filament from the Bumble Bee, <i>Bombus ignitus</i>, at 6 Å Resolution.",International journal of molecular sciences,2022,6,,10.3390/ijms24010377,36613818.0,PMC9820631,Y,['thick_filament'],10.3390/ijms24010377,False,False,False,False,True,False,False,False,False,False,False,False,False
Walking with giants: The challenges of variant impact assessment in the giant sarcomeric protein titin.,WIREs mechanisms of disease,2024,6,,10.1002/wsbm.1638,38155593.0,,N,['titin_general'],10.1002/wsbm.1638,False,False,False,False,False,False,False,False,False,False,True,False,False
The importance of chain context in assessing small nucleotide variants in titin: <i>in silico</i> case study of the I10-I11 tandem and its arrhythmic right ventricular cardiomyopathy linked position T2580.,Journal of biomolecular structure & dynamics,2021,6,,10.1080/07391102.2020.1768148,32396765.0,,N,"['titin_general', 'titin_structure_domain']",10.1080/07391102.2020.1768148,True,False,False,False,False,False,False,False,False,True,True,False,False
Calcium has a direct effect on thick filament activation in porcine myocardium.,The Journal of general physiology,2024,6,,10.1085/jgp.202413545,39302315.0,PMC11415303,Y,['thick_filament'],10.1085/jgp.202413545,False,False,False,False,True,True,False,True,False,False,False,False,False
The circadian E3 ligase FBXL21 regulates myoblast differentiation and sarcomere architecture via MYOZ1 ubiquitination and NFAT signaling.,PLoS genetics,2022,6,,10.1371/journal.pgen.1010574,36574402.0,PMC9829178,Y,['sarcomere_architecture'],10.1371/journal.pgen.1010574,False,False,True,False,False,False,True,False,False,False,False,False,False
Amyloid Aggregates of Smooth-Muscle Titin Impair Cell Adhesion.,International journal of molecular sciences,2021,6,,10.3390/ijms22094579,33925514.0,PMC8123791,Y,['titin_general'],10.3390/ijms22094579,False,False,False,False,False,False,False,False,False,False,False,False,False
The Drosophila CG1674 gene encodes a synaptopodin 2-like related protein that localizes to the Z-disc and is required for normal flight muscle development and function.,Developmental dynamics : an official publication of the American Association of Anatomists,2021,6,,10.1002/dvdy.250,32893414.0,PMC7902442,N,['zdisc'],10.1002/dvdy.250,False,False,True,False,False,False,False,False,False,False,False,False,False
Urinary titin as a biomarker of sarcopenia in diabetes: a propensity score matching analysis.,Journal of endocrinological investigation,2025,6,,10.1007/s40618-024-02490-4,39549212.0,,N,['titin_general'],10.1007/s40618-024-02490-4,False,False,False,False,False,False,False,False,False,False,False,False,False
Cardiac length-dependent activation driven by force-dependent thick-filament dynamics.,Biophysical journal,2024,6,,10.1016/j.bpj.2024.05.025,38807364.0,PMC11428202,Y,['thick_filament'],10.1016/j.bpj.2024.05.025,False,False,False,False,True,True,True,False,False,False,False,False,False
Urinary titin as a biomarker in Fukuyama congenital muscular dystrophy.,Neuromuscular disorders : NMD,2021,6,,10.1016/j.nmd.2021.01.005,33563515.0,,N,['titin_general'],10.1016/j.nmd.2021.01.005,False,False,False,False,False,False,False,False,False,False,True,False,False
The MEF2 transcriptional target DMPK induces loss of sarcomere structure and cardiomyopathy.,Cardiovascular research,2018,6,,10.1093/cvr/cvy091,29648621.0,,N,['sarcomere_architecture'],10.1093/cvr/cvy091,False,False,False,False,False,False,True,False,False,True,True,False,True
Titin M-line insertion sequence 7 is required for proper cardiac function in mice.,Journal of cell science,2021,6,,10.1242/jcs.258684,34401916.0,PMC8466004,N,"['mband', 'titin_general']",10.1242/jcs.258684,False,False,False,True,False,False,False,False,False,True,True,False,True
Takotsubo as Initial Manifestation of Non-Myopathic Cardiomyopathy Due to the Titin Variant c.1489G > T.,"Medicines (Basel, Switzerland)",2018,6,,10.3390/medicines5030080,30061524.0,PMC6164847,Y,['titin_general'],10.3390/medicines5030080,False,False,False,False,False,False,False,False,False,True,True,False,False
Between Disease-Causing and an Innocent Bystander: The Role of Titin as a Modifier in Hypertrophic Cardiomyopathy.,The Canadian journal of cardiology,2017,6,,10.1016/j.cjca.2017.07.010,28866075.0,,N,['titin_general'],10.1016/j.cjca.2017.07.010,False,False,False,False,False,False,False,False,False,True,True,False,False
Increased Expression of N2BA Titin Corresponds to More Compliant Myofibrils in Athlete's Heart.,International journal of molecular sciences,2021,6,,10.3390/ijms222011110,34681770.0,PMC8537917,Y,['titin_general'],10.3390/ijms222011110,False,True,False,False,False,False,False,False,True,False,False,True,True
Disruption of Z-Disc Function Promotes Mechanical Dysfunction in Human Myocardium: Evidence for a Dual Myofilament Modulatory Role by Alpha-Actinin 2.,International journal of molecular sciences,2023,6,,10.3390/ijms241914572,37834023.0,PMC10572656,Y,['zdisc'],10.3390/ijms241914572,False,False,True,False,True,True,False,True,False,True,False,False,False
Absence of the Z-disc protein α-actinin-3 impairs the mechanical stability of Actn3KO mouse fast-twitch muscle fibres without altering their contractile properties or twitch kinetics.,Skeletal muscle,2022,6,,10.1186/s13395-022-00295-8,35733150.0,PMC9219180,Y,['zdisc'],10.1186/s13395-022-00295-8,False,False,True,False,False,False,False,False,False,False,False,False,False
The oxoglutarate dehydrogenase complex is involved in myofibril growth and Z-disc assembly in Drosophila.,Journal of cell science,2023,6,,10.1242/jcs.260717,37272588.0,PMC10323237,Y,['zdisc'],10.1242/jcs.260717,False,False,True,False,True,False,False,False,False,False,False,False,False
Glycerol storage increases passive stiffness of muscle fibers through effects on titin extensibility.,The Journal of general physiology,2025,6,,10.1085/jgp.202413729,40341854.0,PMC12063555,Y,"['titin_general', 'titin_mechanics']",10.1085/jgp.202413729,False,True,False,False,False,True,True,False,False,False,False,False,False
Fluid flow in the sarcomere.,Archives of biochemistry and biophysics,2021,6,,10.1016/j.abb.2021.108923,34029559.0,,N,['sarcomere_architecture'],10.1016/j.abb.2021.108923,False,False,False,False,False,False,False,False,False,False,False,False,False
Anti-titin antibodies are associated with myocarditis in patients with myasthenia gravis.,Journal of neurology,2023,6,,10.1007/s00415-022-11485-1,36383260.0,,N,['titin_general'],10.1007/s00415-022-11485-1,False,False,False,False,False,False,False,False,False,False,False,False,False
An optimized approach to study nanoscale sarcomere structure utilizing super-resolution microscopy with nanobodies.,PloS one,2024,6,,10.1371/journal.pone.0300348,38687705.0,PMC11060602,Y,['sarcomere_architecture'],10.1371/journal.pone.0300348,False,False,True,False,False,False,True,False,False,False,False,False,False
The diagnostic value of urinary N-terminal fragment of titin for skeletal muscle damage in idiopathic inflammatory myopathy.,"Rheumatology (Oxford, England)",2023,6,,10.1093/rheumatology/kead109,36919777.0,,N,['titin_general'],10.1093/rheumatology/kead109,False,False,False,False,False,True,False,False,False,False,True,False,False
"Functional phosphatome requirement for protein homeostasis, networked mitochondria, and sarcomere structure in C. elegans muscle.","Journal of cachexia, sarcopenia and muscle",2017,6,,10.1002/jcsm.12196,28508547.0,PMC5566650,Y,['sarcomere_architecture'],10.1002/jcsm.12196,False,False,False,False,False,False,True,False,False,False,False,True,False
Lamin A precursor localizes to the Z-disc of sarcomeres in the heart and is dynamically regulated in muscle cell differentiation.,"Philosophical transactions of the Royal Society of London. Series B, Biological sciences",2022,6,,10.1098/rstb.2021.0490,36189817.0,PMC9527914,N,['zdisc'],10.1098/rstb.2021.0490,False,False,True,False,False,False,False,False,False,True,True,False,False
Deletion of Enigma Homologue from the Z-disc slows tension development kinetics in mouse myocardium.,The Journal of general physiology,2019,6,,10.1085/jgp.201812214,30642915.0,PMC6504290,Y,['zdisc'],10.1085/jgp.201812214,False,False,True,False,True,True,False,False,False,True,True,True,True
"Titin truncating variants, cardiovascular risk factors and the risk of atrial fibrillation and heart failure.",Nature cardiovascular research,2024,6,,10.1038/s44161-024-00511-2,39196037.0,,N,['titin_general'],10.1038/s44161-024-00511-2,False,False,False,False,False,False,False,False,False,True,False,False,True
Titin and dystrophin serum concentration changes in patients affected by thyroid disorders.,Endokrynologia Polska,2021,5,,10.5603/ep.a2020.0083,33295636.0,,N,['titin_general'],10.5603/ep.a2020.0083,False,False,False,False,False,False,False,False,False,False,False,False,False
Urinary titin is not an early biomarker of skeletal muscle atrophy induced by muscle denervation in mice.,PloS one,2023,5,,10.1371/journal.pone.0289185,37582074.0,PMC10426992,Y,['titin_general'],10.1371/journal.pone.0289185,False,False,False,False,False,False,False,False,False,False,False,False,False
Thymoma-associated autoimmune encephalitis with positive Titin antibodies: A case report.,Journal of neuroimmunology,2021,5,,10.1016/j.jneuroim.2021.577670,34325343.0,,N,['titin_general'],10.1016/j.jneuroim.2021.577670,False,False,False,False,False,False,False,False,False,False,False,False,False
Implication of a novel truncating mutation in titin as a cause of autosomal dominant left ventricular noncompaction.,Journal of geriatric cardiology : JGC,2022,5,,10.11909/j.issn.1671-5411.2022.04.001,35572216.0,PMC9068586,Y,['titin_general'],10.11909/j.issn.1671-5411.2022.04.001,False,False,False,False,False,False,False,False,False,True,True,False,False
Anti-MuSK Positive Myasthenia Gravis with Anti-Lrp4 and Anti-titin Antibodies.,"Internal medicine (Tokyo, Japan)",2021,5,,10.2169/internalmedicine.4957-20,32830177.0,PMC7835456,Y,['titin_general'],10.2169/internalmedicine.4957-20,False,False,False,False,False,False,False,False,False,False,False,False,False
[A case of anti-titin antibody positive nivolumab-related necrotizing myopathy with myasthenia gravis].,Rinsho shinkeigaku = Clinical neurology,2019,5,,10.5692/clinicalneurol.cn-001270,31243249.0,,N,['titin_general'],10.5692/clinicalneurol.cn-001270,False,False,False,False,False,False,False,False,False,False,True,False,False
Clinical Characteristics and Prognosis of Anti-AChR Positive Myasthenia Gravis Combined With Anti-LRP4 or Anti-Titin Antibody.,Frontiers in neurology,2022,5,,10.3389/fneur.2022.873599,35614931.0,PMC9124862,Y,['titin_general'],10.3389/fneur.2022.873599,False,False,False,False,False,False,False,False,False,False,False,False,False
Urinary N-terminal fragment of titin: A surrogate marker of serum creatine kinase activity after exercise-induced severe muscle damage.,Journal of sports sciences,2021,5,,10.1080/02640414.2021.1876329,33722155.0,,N,['titin_general'],10.1080/02640414.2021.1876329,False,False,False,False,False,False,False,False,False,False,False,False,False
Protein aggregates and autophagy involvement in a family with a mutation in Z-band alternatively spliced PDZ-motif protein.,Neuromuscular disorders : NMD,2021,5,,10.1016/j.nmd.2020.11.008,33308939.0,,N,['zdisc'],10.1016/j.nmd.2020.11.008,False,False,True,False,False,False,False,False,False,True,True,False,True
Matrix metalloproteinase-12 cleaved fragment of titin as a predictor of functional capacity in patients with heart failure and preserved ejection fraction.,Scandinavian cardiovascular journal : SCJ,2021,5,,10.1080/14017431.2020.1831052,33030056.0,,N,['titin_general'],10.1080/14017431.2020.1831052,False,False,False,False,False,False,False,False,False,True,False,False,False
Unraveling the mysteries of the titin-N2A signalosome.,The Journal of general physiology,2021,5,,10.1085/jgp.202112967,34157724.0,PMC8225609,Y,['titin_general'],10.1085/jgp.202112967,False,False,False,False,False,False,False,False,True,False,False,False,False
An acute eccentric exercise increases circulating myomesin 3 fragments.,The journal of physiological sciences : JPS,2021,5,,10.1186/s12576-021-00789-y,33468054.0,PMC10717673,Y,['mband'],10.1186/s12576-021-00789-y,False,False,False,True,False,False,False,False,False,False,False,False,False
The effects of a skeletal muscle titin mutation on walking in mice.,"Journal of comparative physiology. A, Neuroethology, sensory, neural, and behavioral physiology",2017,5,,10.1007/s00359-016-1137-5,27986994.0,,N,['titin_general'],10.1007/s00359-016-1137-5,False,False,False,False,False,False,False,False,False,False,False,False,False
Identification of a novel titin-cap/telethonin mutation in a Portuguese family with hypertrophic cardiomyopathy.,Revista portuguesa de cardiologia,2020,5,,10.1016/j.repc.2019.12.007,32565061.0,,N,['titin_general'],10.1016/j.repc.2019.12.007,False,False,True,False,True,False,False,False,False,True,True,False,False
Effects of vigorous isometric muscle contraction on titin stiffness-related contractile properties in rat fast-twitch muscles.,"American journal of physiology. Regulatory, integrative and comparative physiology",2021,5,,10.1152/ajpregu.00189.2021,34668430.0,,N,"['titin_general', 'titin_mechanics']",10.1152/ajpregu.00189.2021,False,True,False,False,False,False,True,False,False,False,False,True,False
Changes in Urinary Titin Fragment in Response to Different Types of Dynamic Eccentric Exercises.,International journal of sports medicine,2021,5,,10.1055/a-1273-8082,33124011.0,,N,['titin_general'],10.1055/a-1273-8082,False,False,False,True,False,False,False,False,False,False,False,False,False
Stretch your heart-but not too far: The role of titin mutations in dilated cardiomyopathy.,The Journal of thoracic and cardiovascular surgery,2018,5,,10.1016/j.jtcvs.2017.10.160,29685583.0,PMC6724204,N,['titin_general'],10.1016/j.jtcvs.2017.10.160,False,False,False,False,False,False,False,False,False,True,True,False,False
From Tusko to Titin: the role for comparative physiology in an era of molecular discovery.,"American journal of physiology. Regulatory, integrative and comparative physiology",2015,5,,10.1152/ajpregu.00405.2014,25855309.0,,N,['titin_general'],10.1152/ajpregu.00405.2014,False,False,False,False,False,False,False,False,False,False,False,False,False
Urinary titin N-fragment as a predictor of decreased skeletal muscle mass in patients with interstitial lung diseases.,Scientific reports,2023,5,,10.1038/s41598-023-36827-5,37322176.0,PMC10272142,Y,['titin_general'],10.1038/s41598-023-36827-5,False,False,False,False,False,False,False,False,False,False,False,False,False
Exploiting a Mechanical Perturbation of a Titin Domain to Identify How Force Field Parameterization Affects Protein Refolding Pathways.,Journal of chemical theory and computation,2020,5,,10.1021/acs.jctc.0c00080,32243150.0,,N,"['titin_general', 'titin_structure_domain']",10.1021/acs.jctc.0c00080,False,False,False,False,False,False,False,False,False,False,False,False,False
Sacubitril/valsartan improves diastolic left ventricular stiffness with increased titin phosphorylation via cGMP-PKG activation in diabetic mice.,Scientific reports,2024,5,,10.1038/s41598-024-75757-8,39443532.0,PMC11499646,Y,"['titin_general', 'titin_mechanics']",10.1038/s41598-024-75757-8,False,False,False,False,False,False,False,False,True,True,True,True,False
"Letter to the editor: Comments on Cornachione et al. (2016): ""The increase in non-cross-bridge forces after stretch of activated striated muscle is related to titin isoforms"".",American journal of physiology. Cell physiology,2016,5,,10.1152/ajpcell.00373.2015,27413180.0,PMC4967139,N,['titin_general'],10.1152/ajpcell.00373.2015,False,False,False,False,False,False,False,False,False,False,False,False,True
Importance of N2BA Titin in Maintaining Cardiac Homeostasis and Its Role in Dilated Cardiomyopathy.,Circulation. Heart failure,2025,5,,10.1161/circheartfailure.124.012083,39932400.0,PMC11905908,N,['titin_general'],10.1161/circheartfailure.124.012083,False,False,False,False,False,False,True,False,True,True,True,False,True
Immunological and Structural Characterization of Titin Main Immunogenic Region; I110 Domain Is the Target of Titin Antibodies in Myasthenia Gravis.,Biomedicines,2023,5,,10.3390/biomedicines11020449,36830985.0,PMC9952892,Y,"['titin_general', 'titin_structure_domain']",10.3390/biomedicines11020449,False,False,False,False,False,False,False,True,False,False,False,False,False
Titin fragment is a sensitive biomarker in Duchenne muscular dystrophy model mice carrying full-length human dystrophin gene on human artificial chromosome.,Scientific reports,2025,5,,10.1038/s41598-025-85369-5,39805937.0,PMC11730604,Y,['titin_general'],10.1038/s41598-025-85369-5,False,False,False,False,False,False,False,False,False,False,True,False,False
Force re-development after shortening reveals a role for titin in stretch-shortening performance enhancement in skinned muscle fibres.,The Journal of experimental biology,2024,5,,10.1242/jeb.247377,39119673.0,,N,['titin_general'],10.1242/jeb.247377,False,False,False,False,False,False,False,False,True,False,False,False,False
Titin gene mutations enhance radiotherapy efficacy via modulation of tumour immune microenvironment in rectum adenocarcinoma.,Clinical and translational medicine,2025,5,,10.1002/ctm2.70123,39748197.0,PMC11695211,Y,['titin_general'],10.1002/ctm2.70123,False,False,False,False,False,False,False,False,False,False,False,False,False
Role of Active Contraction and Tropomodulins in Regulating Actin Filament Length and Sarcomere Structure in Developing Zebrafish Skeletal Muscle.,Frontiers in physiology,2016,5,,10.3389/fphys.2016.00091,27065876.0,PMC4814503,Y,['sarcomere_architecture'],10.3389/fphys.2016.00091,False,False,False,False,False,True,True,True,False,False,False,False,False
A new spring for titin.,The Journal of physiology,2020,5,,10.1113/jp279314,31829438.0,PMC7003820,Y,"['titin_general', 'titin_mechanics']",10.1113/jp279314,False,False,False,False,False,False,False,False,False,False,False,False,False
Urinary titin as an early biomarker of skeletal muscle proteolysis and atrophy in various catabolic conditions.,Biochemical and biophysical research communications,2024,5,,10.1016/j.bbrc.2024.150918,39488086.0,,N,['titin_general'],10.1016/j.bbrc.2024.150918,False,False,False,False,False,False,False,False,False,False,False,False,False
Basal oxidation of conserved cysteines modulates cardiac titin stiffness and dynamics.,Redox biology,2022,5,,10.1016/j.redox.2022.102306,35367810.0,PMC8971355,Y,"['titin_general', 'titin_mechanics']",10.1016/j.redox.2022.102306,True,True,False,False,False,False,False,False,False,False,False,False,True
Titin cardiomyopathy: why we need to go big to understand the giant.,European heart journal,2018,4,,10.1093/eurheartj/ehy109,29522220.0,,N,['titin_general'],10.1093/eurheartj/ehy109,False,False,False,False,False,False,False,False,False,True,True,False,False
Could titin have a role in strain-induced injuries?,Journal of sport and health science,2017,4,,10.1016/j.jshs.2017.03.003,30356541.0,PMC6188987,Y,['titin_general'],10.1016/j.jshs.2017.03.003,False,False,False,False,False,False,False,False,False,False,False,False,False
[On the Role of Titin Phosphorylation in Development of Muscular Atrophy].,Biofizika,2015,4,,10.1134/s0006350915040193,26394485.0,,N,['titin_general'],10.1134/s0006350915040193,False,False,False,False,False,False,False,False,False,False,False,True,False
A Transgenic 5xFAD-M Line of Mice for Dendritic Spine Morphology Analysis in Alzheimer's Disease.,Brain sciences,2023,4,,10.3390/brainsci13020307,36831849.0,PMC9954381,Y,['mband'],10.3390/brainsci13020307,False,False,False,False,False,False,False,False,False,False,False,False,False
Septin 7 interacts with Numb to preserve sarcomere structural organization and muscle contractile function.,eLife,2024,4,,10.7554/elife.89424,38695862.0,PMC11065422,Y,['sarcomere_architecture'],10.7554/elife.89424,False,False,False,False,False,False,False,False,False,False,False,False,False
Exercise intensity and cardiac disease development in carriers of titin truncating variants.,European journal of preventive cardiology,2025,4,,10.1093/eurjpc/zwaf094,39999024.0,,N,['titin_general'],10.1093/eurjpc/zwaf094,False,False,False,False,False,False,False,False,False,True,True,False,False
The Utility of Urinary Titin to Diagnose and Predict the Prognosis of Acute Myocardial Infarction.,International journal of molecular sciences,2024,4,,10.3390/ijms25010573,38203744.0,PMC10778763,Y,['titin_general'],10.3390/ijms25010573,False,False,False,False,False,True,False,False,False,False,False,False,False
Clinical and functional characterization of a long survivor congenital titinopathy patient with a novel metatranscript-only titin variant.,Acta neuropathologica communications,2023,4,,10.1186/s40478-023-01539-4,36945066.0,PMC10031982,Y,['titin_general'],10.1186/s40478-023-01539-4,False,False,False,False,False,False,False,False,False,False,True,False,False
Structure-Function Relationships in Muscle Fibres: MyoRobot Online Assessment of Muscle Fibre Elasticity and Sarcomere Length Distributions.,IEEE transactions on bio-medical engineering,2022,4,,10.1109/tbme.2021.3089739,34133271.0,,N,['sarcomere_architecture'],10.1109/tbme.2021.3089739,False,False,False,False,False,False,True,False,False,False,False,False,False
[A case of sporadic late-onset nemaline myopathy associated with myasthenia gravis positive for anti-titin antibody and anti-Kv1.4 antibody].,Rinsho shinkeigaku = Clinical neurology,2020,4,,10.5692/clinicalneurol.60.cn-001427,32536668.0,,N,['titin_general'],10.5692/clinicalneurol.60.cn-001427,False,False,False,False,False,False,False,False,False,True,True,False,False
Severe thermoregulatory deficiencies in mice with a deletion in the titin gene <i>TTN</i>.,The Journal of experimental biology,2019,4,,10.1242/jeb.198564,31015287.0,,N,['titin_general'],10.1242/jeb.198564,False,False,False,False,False,False,False,False,True,False,True,False,False
Severe heart failure in the setting of inflammatory cardiomyopathy with likely pathogenic titin variant.,International journal of cardiology. Heart & vasculature,2022,4,,10.1016/j.ijcha.2022.100969,35198726.0,PMC8851269,Y,['titin_general'],10.1016/j.ijcha.2022.100969,False,False,False,False,False,False,False,False,False,True,True,False,False
<sup>18</sup>O labeling on Ser45 but not on Ser35 supports the cooperative phosphorylation mechanism on tarantula thick filament activation.,Biochemical and biophysical research communications,2020,4,,10.1016/j.bbrc.2020.01.044,31983430.0,,N,['thick_filament'],10.1016/j.bbrc.2020.01.044,False,False,False,False,True,False,False,True,False,False,False,True,False
Identification of the domains within the N2A region of titin that regulate binding to actin.,Biochemical and biophysical research communications,2022,4,,10.1016/j.bbrc.2021.12.025,34922195.0,,N,['titin_general'],10.1016/j.bbrc.2021.12.025,True,False,False,False,False,False,True,False,True,False,False,False,True
Contiguity and Structural Impacts of a Non-Myosin Protein within the Thick Filament Myosin Layers.,Biology,2021,4,,10.3390/biology10070613,34356468.0,PMC8301149,Y,['thick_filament'],10.3390/biology10070613,False,False,False,False,True,False,False,True,False,False,False,True,False
Modulation of Titin and Contraction-Regulating Proteins in a Rat Model of Heart Failure with Preserved Ejection Fraction: Limb vs. Diaphragmatic Muscle.,International journal of molecular sciences,2024,4,,10.3390/ijms25126618,38928324.0,,N,['titin_general'],10.3390/ijms25126618,False,True,False,False,False,False,False,False,False,True,True,True,False
"[Early changes of energy metabolism, isoformic content and level of titin phosphorylation at diastolic dysfunction].",Kardiologiia,2020,4,,10.18087/cardio.2020.3.n531,32345192.0,,N,['titin_general'],10.18087/cardio.2020.3.n531,False,False,False,False,False,False,False,False,True,True,True,True,True
"Rbm20&lt;sup&gt;ΔRRM&lt;/sup&gt; Mice, Expressing a Titin Isoform with Lower Stiffness, Are Protected from Mechanical Ventilation-Induced Diaphragm Weakness.",International journal of molecular sciences,2022,4,,10.3390/ijms232415689,36555335.0,PMC9779751,Y,"['titin_general', 'titin_mechanics']",10.3390/ijms232415689,False,True,False,False,False,False,False,False,False,False,False,False,True
Loss of connectin novex-3 leads to heart dysfunction associated with impaired cardiomyocyte proliferation and abnormal nuclear mechanics.,Scientific reports,2024,4,,10.1038/s41598-024-64608-1,38877142.0,PMC11178842,Y,['titin_general'],10.1038/s41598-024-64608-1,False,False,False,False,False,False,False,False,False,False,False,False,True
Mechanical dissociation of the M-band titin/obscurin complex is directionally dependent.,FEBS letters,2015,4,,10.1016/j.febslet.2015.05.023,26001486.0,,N,"['mband', 'titin_general']",10.1016/j.febslet.2015.05.023,False,False,False,True,False,False,False,False,False,False,False,False,False
Compliant Titin Isoform Content Is Reduced in Left Ventricles of Sedentary Versus Active Rats.,Frontiers in physiology,2020,4,,10.3389/fphys.2020.00015,32116740.0,PMC7025574,Y,['titin_general'],10.3389/fphys.2020.00015,False,False,False,False,False,False,False,False,True,False,False,True,True
Mechanically knocking out titin reveals protein tension loss as a trigger of muscle disease.,Nature biomedical engineering,2025,4,,10.1038/s41551-025-01403-x,40473933.0,,N,['titin_general'],10.1038/s41551-025-01403-x,False,False,False,False,False,False,False,False,False,False,True,False,False
Production and analysis of titin kinase: Exploiting active/inactive kinase homologs in pseudokinase validation.,Methods in enzymology,2022,4,,10.1016/bs.mie.2022.03.028,35525541.0,,N,['titin_general'],10.1016/bs.mie.2022.03.028,False,False,False,False,False,False,False,False,True,False,False,False,False
Time- and Ventricular-Specific Expression Profiles of Genes Encoding Z-Disk Proteins in Pressure Overload Model of Left Ventricular Hypertrophy.,Frontiers in genetics,2018,4,,10.3389/fgene.2018.00684,30666270.0,PMC6330284,Y,['zdisc'],10.3389/fgene.2018.00684,False,False,True,False,False,False,False,False,True,False,False,False,False
How Localized Z-Disc Damage Affects Force Generation and Gene Expression in Cardiomyocytes.,"Bioengineering (Basel, Switzerland)",2021,4,,10.3390/bioengineering8120213,34940366.0,PMC8698600,Y,['zdisc'],10.3390/bioengineering8120213,False,False,True,False,False,True,False,False,False,True,True,False,False
Titin copy number variations associated with dominant inherited phenotypes.,Journal of medical genetics,2024,4,,10.1136/jmg-2023-109473,37935568.0,PMC10957311,N,['titin_general'],10.1136/jmg-2023-109473,False,False,False,False,False,False,False,False,False,False,True,False,False
Structural Insights on the Obscurin-Binding Domains in Titin.,Protein and peptide letters,2018,4,,10.2174/0929866525666181004102031,30289063.0,,N,['titin_general'],10.2174/0929866525666181004102031,False,False,False,True,False,False,False,False,False,False,True,False,False
Titin N2A: More than a signaling node?,The Journal of general physiology,2021,3,,10.1085/jgp.202112904,34081095.0,PMC8178749,Y,['titin_general'],10.1085/jgp.202112904,False,False,False,False,False,False,False,False,True,False,False,False,False
Thick filament-associated myosin undergoes frequent replacement at the tip of the thick filament.,FEBS open bio,2022,3,,10.1002/2211-5463.13379,35138697.0,PMC8972040,Y,['thick_filament'],10.1002/2211-5463.13379,False,False,False,False,True,False,False,False,False,False,False,False,False
Interdomain Linker Effect on the Mechanical Stability of Ig Domains in Titin.,International journal of molecular sciences,2022,3,,10.3390/ijms23179836,36077234.0,PMC9456048,Y,['titin_general'],10.3390/ijms23179836,True,False,False,False,False,False,False,False,False,False,False,False,False
pH-Dependent Compaction of the Intrinsically Disordered Poly-E Motif in Titin.,Biology,2022,3,,10.3390/biology11091302,36138781.0,PMC9495361,Y,['titin_general'],10.3390/biology11091302,False,True,False,False,False,False,False,False,False,False,False,False,False
John Squire and the myosin thick filament structure in muscle.,Journal of muscle research and cell motility,2023,3,,10.1007/s10974-023-09646-4,37099254.0,PMC10686309,N,['thick_filament'],10.1007/s10974-023-09646-4,False,False,False,False,True,True,False,False,False,False,False,False,False
GABAA receptor and anti-titin antibody encephalitis in a patient with thymoma.,Neurological sciences : official journal of the Italian Neurological Society and of the Italian Society of Clinical Neurophysiology,2022,3,,10.1007/s10072-022-06186-6,35708792.0,,N,['titin_general'],10.1007/s10072-022-06186-6,False,False,False,False,False,False,False,False,False,False,False,False,False
Identification of a Novel Titin Variant Underlying Myocardial Involvement in Neurofibromatosis Type 1.,The Canadian journal of cardiology,2018,3,,10.1016/j.cjca.2018.07.473,30269836.0,,N,['titin_general'],10.1016/j.cjca.2018.07.473,False,False,False,False,False,False,False,False,False,True,True,False,False
Titin Allelic Expression and Protein Processing Pathways in Early-Stage Dilated Cardiomyopathy Patients With Truncating Titin Variants.,Circulation. Genomic and precision medicine,2023,3,,10.1161/circgen.122.003901,36716182.0,,N,['titin_general'],10.1161/circgen.122.003901,False,False,False,False,False,False,False,False,False,True,True,False,False
[Titin-related muscle disorders: an expanding spectrum].,Medecine sciences : M/S,2017,3,,10.1051/medsci/201733s104,29139381.0,,N,['titin_general'],10.1051/medsci/201733s104,False,False,False,False,False,False,False,False,False,False,False,False,False
Structure determination and analysis of titin A-band fibronectin type III domains provides insights for disease-linked variants and protein oligomerisation.,Journal of structural biology,2023,3,,10.1016/j.jsb.2023.108009,37549721.0,PMC10862085,Y,"['titin_general', 'titin_structure_domain']",10.1016/j.jsb.2023.108009,True,False,False,False,True,False,False,True,False,True,True,False,False
"Urinary titin reflects the severity of walking ability, muscle strength, and muscle and cardiac damage in patients with Becker muscular dystrophy.",Clinica chimica acta; international journal of clinical chemistry,2025,3,,10.1016/j.cca.2024.120053,39561886.0,,N,['titin_general'],10.1016/j.cca.2024.120053,False,False,False,False,False,True,False,False,False,False,True,False,False
Topology of interaction between titin and myosin thick filaments.,Journal of structural biology,2018,3,,10.1016/j.jsb.2018.05.001,29738832.0,,N,['titin_general'],10.1016/j.jsb.2018.05.001,False,False,False,True,True,False,False,False,False,False,False,False,False
A case of myositis with dropped head syndrome and anti-titin antibody positivity induced by pembrolizumab.,Scandinavian journal of rheumatology,2020,3,,10.1080/03009742.2020.1760346,32914675.0,,N,['titin_general'],10.1080/03009742.2020.1760346,False,False,False,False,False,False,False,False,False,False,False,False,False
Anti-titin antibodies in a cohort of myasthenia gravis patients.,Journal of thoracic disease,2024,3,,10.21037/jtd-23-94,38505076.0,PMC10944723,Y,['titin_general'],10.21037/jtd-23-94,False,False,False,False,False,False,False,False,False,False,False,False,False
Whole-exome sequencing reveals doubly novel heterozygous Myosin Binding Protein C and Titin mutations in a Chinese patient with severe dilated cardiomyopathy.,Cardiology in the young,2018,3,,10.1017/s1047951118001403,30109841.0,,N,['titin_general'],10.1017/s1047951118001403,False,False,False,False,False,False,False,False,False,True,True,False,False
Evaluation of Double M-Band on Serum Protein Electrophoresis Simulating Biclonal Gammopathy: A Case Report.,Indian journal of clinical biochemistry : IJCB,2022,3,,10.1007/s12291-020-00929-y,35463098.0,PMC8993965,N,['mband'],10.1007/s12291-020-00929-y,False,False,False,True,False,False,False,False,False,False,False,False,False
"Letter to the editor: ""Titin-actin interaction: the report of its death was an exaggeration"".",American journal of physiology. Cell physiology,2016,3,,10.1152/ajpcell.00339.2015,27074703.0,PMC4824158,N,['titin_general'],10.1152/ajpcell.00339.2015,False,False,False,False,False,False,False,False,False,False,False,False,False
Titin takes centerstage among cytoskeletal contributions to myocardial passive stiffness.,"Cytoskeleton (Hoboken, N.J.)",2024,3,,10.1002/cm.21827,38158587.0,,N,"['titin_general', 'titin_mechanics']",10.1002/cm.21827,False,False,False,False,False,True,False,False,False,True,False,False,False
Myofibrillar myopathy: towards a mechanism-based definition as a Z-disk-opathy.,Current opinion in neurology,2025,3,,10.1097/wco.0000000000001397,40488240.0,PMC12354002,N,['zdisc'],10.1097/wco.0000000000001397,False,False,True,False,False,False,False,False,False,False,True,False,False
Delta-like ligand 4 mediated myeloid-derived suppressor cell metabolic reprogramming promotes neoadjuvant therapy resistance in titin-inactivated triple-negative breast cancer.,Molecular biomedicine,2025,3,,10.1186/s43556-025-00372-6,41326912.0,PMC12669439,Y,['titin_general'],10.1186/s43556-025-00372-6,False,False,False,False,False,False,False,False,False,False,False,False,False
"Severe Relapsing Autoimmune Encephalitis with GABA<sub>A</sub> Receptor, Titin, and AchR Antibodies in a Patient with Thymoma: A Case Report.",Case reports in neurology,2024,3,,10.1159/000539186,39015826.0,PMC11250063,Y,['titin_general'],10.1159/000539186,False,False,False,False,False,False,False,False,False,False,False,False,False
Visualization of cardiac thick filament dynamics in ex vivo heart preparations.,Journal of molecular and cellular cardiology,2023,3,,10.1016/j.yjmcc.2023.10.013,37923195.0,PMC10959293,N,['thick_filament'],10.1016/j.yjmcc.2023.10.013,False,False,False,False,True,True,False,False,False,False,False,False,False
Generation of a human induced pluripotent stem cell line YCMi004-A from a patient with dilated cardiomyopathy carrying a protein-truncating mutation of the Titin gene and its differentiation towards cardiomyocytes.,Stem cell research,2022,3,,10.1016/j.scr.2021.102629,34952434.0,,N,['titin_general'],10.1016/j.scr.2021.102629,False,False,False,False,False,False,False,False,False,True,True,False,False
A Japanese Patient with Hereditary Myopathy with Early Respiratory Failure Due to the p.P31732L Mutation of Titin.,"Internal medicine (Tokyo, Japan)",2022,3,,10.2169/internalmedicine.7733-21,34670883.0,PMC9177377,Y,['titin_general'],10.2169/internalmedicine.7733-21,False,False,False,False,False,False,False,False,False,False,True,False,False
Liver Kinase B1 complex acts as a novel modifier of myofilament function and localizes to the Z-disk in cardiac myocytes.,Archives of biochemistry and biophysics,2016,3,,10.1016/j.abb.2016.03.012,26971467.0,PMC4899161,N,['zdisc'],10.1016/j.abb.2016.03.012,False,False,True,False,False,True,False,False,False,False,False,False,False
Amyloid Properties of Titin.,Biochemistry. Biokhimiia,2017,3,,10.1134/s0006297917130077,29523065.0,,N,['titin_general'],10.1134/s0006297917130077,False,False,False,False,False,False,False,False,False,False,False,False,False
Human calpain-3 and its structural plasticity: Dissociation of a homohexamer into dimers on binding titin.,The Journal of biological chemistry,2025,3,,10.1016/j.jbc.2024.108133,39725035.0,PMC11795594,Y,"['titin_cryoem', 'titin_general']",10.1016/j.jbc.2024.108133,False,False,False,False,False,False,False,True,True,False,False,False,True
Evolution of the Highly Repetitive PEVK Region of Titin Across Mammals.,"G3 (Bethesda, Md.)",2019,3,,10.1534/g3.118.200714,30804022.0,PMC6469411,Y,"['titin_general', 'titin_mechanics']",10.1534/g3.118.200714,False,True,False,False,False,False,False,False,False,False,False,False,True
Marked Respiratory Failure in an Ambulant Patient with Immune-mediated Necrotizing Myopathy and Anti-Kv1.4 and Anti-titin Antibodies.,"Internal medicine (Tokyo, Japan)",2021,3,,10.2169/internalmedicine.6834-20,33642484.0,PMC8429292,Y,['titin_general'],10.2169/internalmedicine.6834-20,False,False,False,False,False,False,False,False,False,False,True,False,False
Assessment of catabolic state in infants with the use of urinary titin N-fragment.,Pediatric research,2022,3,,10.1038/s41390-021-01658-5,34274960.0,,N,['titin_general'],10.1038/s41390-021-01658-5,False,False,False,False,False,False,False,False,False,False,False,False,False
Circulatory titin and miR-451a are possible sarcopenia biomarkers in elderly people.,Frontiers in aging,2025,3,,10.3389/fragi.2025.1587438,40575043.0,PMC12198232,Y,['titin_general'],10.3389/fragi.2025.1587438,False,False,False,False,False,False,False,False,False,False,False,False,False
An historical perspective of the discovery of titin filaments -Part 2.,Biophysical reviews,2018,3,,10.1007/s12551-017-0393-0,29332246.0,PMC6082318,N,['titin_general'],10.1007/s12551-017-0393-0,False,False,False,False,True,False,False,False,False,False,False,False,False
Sarcomere level mechanics of the fast skeletal muscle of the medaka fish larva.,American journal of physiology. Cell physiology,2024,3,,10.1152/ajpcell.00530.2023,38145303.0,,N,['sarcomere_architecture'],10.1152/ajpcell.00530.2023,False,False,False,False,True,False,True,True,False,False,True,False,False
Affimers targeting proteins in the cardiomyocyte Z-disc: Novel tools that improve imaging of heart tissue.,Frontiers in cardiovascular medicine,2023,3,,10.3389/fcvm.2023.1094563,36865889.0,PMC9971620,Y,['zdisc'],10.3389/fcvm.2023.1094563,False,False,True,False,False,False,False,False,False,True,True,False,False
Successful heart transplant in a child with congenital core myopathy and delayed-onset restrictive cardiomyopathy due to recessive mutations in the titin (TTN) gene.,Pediatric transplantation,2023,2,,10.1111/petr.14561,37345726.0,,N,['titin_general'],10.1111/petr.14561,False,False,False,False,False,False,False,False,False,True,True,False,False
"Re‑examining the mechanism of eccentric exercise‑induced skeletal muscle damage from the role of the third filament, titin (Review).",Biomedical reports,2024,2,,10.3892/br.2023.1703,38124762.0,PMC10731162,Y,['titin_general'],10.3892/br.2023.1703,False,True,False,False,True,True,True,False,False,False,False,False,False
Novel Titin Gene Mutation Causing Autosomal Dominant Limb-Girdle Muscular Dystrophy.,Cureus,2022,2,,10.7759/cureus.30550,36415435.0,PMC9674195,Y,['titin_general'],10.7759/cureus.30550,False,False,False,False,False,False,False,False,False,False,True,False,False
The effect of calcium binding on the unfolding force of mutated and healthy titin I10 domain: A steered molecular dynamics simulation study.,Journal of molecular graphics & modelling,2020,2,,10.1016/j.jmgm.2020.107534,31951996.0,,N,"['titin_general', 'titin_structure_domain']",10.1016/j.jmgm.2020.107534,False,True,False,False,False,False,False,False,False,True,True,False,False
[Changes in Titin Structure during Its Aggregation].,Molekuliarnaia biologiia,2020,2,,10.31857/s0026898420040047,32799227.0,,N,"['titin_general', 'titin_structure_domain']",10.31857/s0026898420040047,False,False,False,False,False,False,False,True,False,False,False,False,False
Wrestling the Giant: New Approaches for Assessing Titin Variant Pathogenicity.,Circulation. Cardiovascular genetics,2016,2,,10.1161/circgenetics.116.001594,27756780.0,,N,['titin_general'],10.1161/circgenetics.116.001594,False,False,False,False,False,False,False,False,False,False,False,False,False
Emulating Titin by a Multidomain DNA Structure.,ACS macro letters,2023,2,,10.1021/acsmacrolett.2c00585,36573670.0,,N,"['titin_general', 'titin_structure_domain']",10.1021/acsmacrolett.2c00585,False,True,False,False,False,False,False,False,False,False,False,False,False
Can urinary titin be used for predicting Duchenne muscular dystrophy?,Clinica chimica acta; international journal of clinical chemistry,2019,2,,10.1016/j.cca.2018.10.045,30395868.0,,N,['titin_general'],10.1016/j.cca.2018.10.045,False,False,False,False,False,False,False,False,False,False,True,False,False
The effects of an activation-dependent increase in titin stiffness on whole muscle properties using finite element modeling.,Journal of biomechanics,2021,2,,10.1016/j.jbiomech.2020.110197,33412436.0,,N,"['titin_general', 'titin_mechanics']",10.1016/j.jbiomech.2020.110197,False,True,False,False,False,False,False,False,False,False,False,False,False
Should Identifying a Titin Truncating Variant Change the Management of Patients With Dilated Cardiomyopathy?,Journal of the American College of Cardiology,2017,2,,10.1016/j.jacc.2017.09.020,29073956.0,,N,['titin_general'],10.1016/j.jacc.2017.09.020,False,False,False,False,False,False,False,False,False,True,True,False,False
Evaluation of galectin-3 and titin in cats with a sarcomeric gene mutation associated with echocardiography.,Veterinary world,2024,2,,10.14202/vetworld.2024.2407-2416,39619937.0,PMC11606294,Y,['titin_general'],10.14202/vetworld.2024.2407-2416,False,False,False,False,True,False,False,False,False,False,False,False,False
Urinary Titin N-Fragment Evaluation in a Randomized Controlled Trial of Beta-Hydroxy-Beta-Methylbutyrate for Acute Mild Trauma in Older Adults.,Nutrients,2021,2,,10.3390/nu13030899,33802012.0,PMC8001392,Y,['titin_general'],10.3390/nu13030899,False,False,False,False,False,False,False,False,False,False,False,False,False
Truncated titin proteins in the pathophysiology of DCM.,Nature reviews. Cardiology,2022,2,,10.1038/s41569-021-00648-8,34799709.0,,N,['titin_general'],10.1038/s41569-021-00648-8,False,False,False,False,False,False,False,False,False,True,False,False,False
Urine TITIN N-fragment as a novel biomarker for critical illness myopathy: a pilot study.,"Critical care (London, England)",2020,2,,10.1186/s13054-020-02842-5,32345334.0,PMC7189509,Y,['titin_general'],10.1186/s13054-020-02842-5,False,False,False,False,False,False,False,False,False,False,True,False,False
"More roles for the (passive) giant. Focus on ""The increase in non-cross-bridge forces after stretch of activated striated muscle is related to titin isoforms"".",American journal of physiology. Cell physiology,2016,2,,10.1152/ajpcell.00310.2015,26538091.0,PMC4698446,N,['titin_general'],10.1152/ajpcell.00310.2015,False,False,False,False,False,False,False,False,False,False,False,False,True
Softening the Stressed Giant Titin in Diabetes Mellitus.,Circulation research,2018,2,,10.1161/circresaha.118.313396,30026374.0,PMC6083866,N,['titin_general'],10.1161/circresaha.118.313396,False,False,False,False,False,False,False,False,False,False,False,False,False
Antisense-mediated regulation of exon usage in the elastic spring region of Titin modulates sarcomere function.,Cardiovascular research,2025,2,,10.1093/cvr/cvaf037,40042822.0,,N,"['titin_general', 'titin_mechanics']",10.1093/cvr/cvaf037,False,False,False,False,False,False,False,False,True,True,False,False,True
The Relevance of the Type of Ventricular Arrhythmia in Titin-Related Dilated Cardiomyopathy: A Multicenter Study.,JACC. Clinical electrophysiology,2025,2,,10.1016/j.jacep.2025.01.010,40088216.0,,N,['titin_general'],10.1016/j.jacep.2025.01.010,False,False,False,False,False,False,False,False,False,True,True,False,False
Attenuated titin protein expression is associated with advanced stages of ovarian cancer.,Molecular therapy. Oncology,2025,2,,10.1016/j.omton.2025.200932,39944242.0,PMC11815674,Y,['titin_general'],10.1016/j.omton.2025.200932,False,False,False,False,False,False,False,False,False,False,False,False,False
Genotype phenotype analysis in a family carrying truncating mutations in the titin gene.,Acta myologica : myopathies and cardiomyopathies : official journal of the Mediterranean Society of Myology,2021,2,,10.36185/2532-1900-043,33870097.0,PMC8033428,Y,['titin_general'],10.36185/2532-1900-043,False,False,False,False,False,False,False,False,False,True,True,False,False
"Reply to ""Letter to the editor: Comments on Cornachione et al. (2016): ""The increase in non-cross-bridge forces after stretch of activated striated muscle is related to titin isoforms"".",American journal of physiology. Cell physiology,2016,2,,10.1152/ajpcell.00159.2016,27413181.0,PMC4967131,N,['titin_general'],10.1152/ajpcell.00159.2016,False,False,False,False,False,False,False,False,False,False,False,False,True
Atrial Fibrillation Related Titin Truncation Is Associated With Atrial Myopathy in Patient-Derived Induced Pluripotent Stem Cell Disease Models.,Circulation. Genomic and precision medicine,2025,2,,10.1161/circgen.123.004412,39851047.0,,N,['titin_general'],10.1161/circgen.123.004412,False,False,False,False,False,False,True,False,False,True,True,False,False
Advances in understanding the state of titin truncation variants in dilated cardiomyopathy.,Pflugers Archiv : European journal of physiology,2022,2,,10.1007/s00424-022-02664-0,35020065.0,PMC8837690,N,['titin_general'],10.1007/s00424-022-02664-0,False,False,False,False,False,False,False,False,False,True,True,False,False
Correction to: Genomics-First Evaluation of Heart Disease Associated With Titin-Truncating Variants.,Circulation,2019,2,,10.1161/cir.0000000000000738,31609653.0,,N,['titin_general'],10.1161/cir.0000000000000738,False,False,False,False,False,False,False,False,False,False,False,False,False
"UNC-82/NUAK kinase is required by myosin A, but not myosin B, to assemble and function in the thick filament arms of C. elegans striated muscle.","Cytoskeleton (Hoboken, N.J.)",2024,2,,10.1002/cm.21807,37983932.0,,N,['thick_filament'],10.1002/cm.21807,False,False,False,False,True,True,False,False,False,False,False,False,False
Understanding the role of titin in dilated cardiomyopathy.,International journal of cardiology,2020,2,,10.1016/j.ijcard.2020.06.064,32634495.0,,N,['titin_general'],10.1016/j.ijcard.2020.06.064,False,False,False,False,False,False,False,False,False,True,True,False,False
Serum titin/creatinine ratio as a biomarker for discriminating disease severity in Duchenne and Becker muscular dystrophies.,Frontiers in neurology,2025,2,,10.3389/fneur.2025.1591748,40703779.0,PMC12283318,Y,['titin_general'],10.3389/fneur.2025.1591748,False,False,False,False,False,False,False,False,False,False,False,False,False
FARL-11 (STRIP1/2) is required for sarcomere and sarcoplasmic reticulum organization in <i>C. elegans</i>.,Molecular biology of the cell,2023,2,,10.1091/mbc.e23-03-0083,37314837.0,PMC10398898,Y,['sarcomere_architecture'],10.1091/mbc.e23-03-0083,False,False,False,True,False,False,False,False,False,False,False,False,False
In vivo proximity proteomics uncovers palmdelphin (PALMD) as a Z-disc-associated mitigator of isoproterenol-induced cardiac injury.,Acta pharmacologica Sinica,2024,2,,10.1038/s41401-024-01348-y,39043970.0,PMC11579379,N,['zdisc'],10.1038/s41401-024-01348-y,False,False,True,False,False,False,False,False,False,False,False,False,False
Cardiac titin isoforms: Practice in interpreting results of electrophoretic analysis.,"Methods (San Diego, Calif.)",2025,2,,10.1016/j.ymeth.2025.02.007,39993454.0,,N,['titin_general'],10.1016/j.ymeth.2025.02.007,False,False,False,False,False,False,True,False,True,False,False,False,True
Sequences in the myosin A rod interact with UNC-89/obscurin and the zinc-finger protein UNC-98 during thick filament assembly and M-line formation in C. elegans striated muscle.,"Cytoskeleton (Hoboken, N.J.)",2024,2,,10.1002/cm.21846,38400829.0,,N,"['mband', 'thick_filament']",10.1002/cm.21846,False,False,False,True,True,False,False,False,False,False,False,False,True
Titin-dependent biomechanical feedback tailors sarcomeres to specialized muscle functions in insects.,Science advances,2025,2,,10.1126/sciadv.ads8716,40344069.0,PMC12063666,Y,['titin_general'],10.1126/sciadv.ads8716,False,False,False,False,True,False,False,False,False,False,False,False,False
Thick-Filament-Based Regulation and the Determinants of Force Generation.,Biomedicines,2025,2,,10.3390/biomedicines13030703,40149679.0,PMC11939844,Y,['thick_filament'],10.3390/biomedicines13030703,False,False,False,False,True,False,False,False,False,False,True,False,False
Two Forms of Thick Filament in the Flight Muscle of &lt;i&gt;Drosophila melanogaster&lt;/i&gt;.,International journal of molecular sciences,2024,2,,10.3390/ijms252011313,39457097.0,PMC11509062,Y,['thick_filament'],10.3390/ijms252011313,False,False,False,False,True,False,False,True,False,False,False,False,False
Myocardial fragmentation associated with disruption of the Z-band in hypertrophic cardiomyopathy in Noonan syndrome.,Cardiovascular pathology : the official journal of the Society for Cardiovascular Pathology,2016,2,,10.1016/j.carpath.2016.05.001,27216919.0,,N,['zdisc'],10.1016/j.carpath.2016.05.001,False,False,True,False,False,False,False,False,False,True,True,False,False
The N-Terminal Fragment of Urine Titin Is Not a Product of Degradation by Calpain 3.,Muscle & nerve,2025,2,,10.1002/mus.28340,39777416.0,PMC11799402,Y,['titin_general'],10.1002/mus.28340,False,False,False,False,False,False,False,False,False,False,True,False,False
Intermolecular Misfolding Captured in Parallelly Organized Titin.,Journal of the American Chemical Society,2025,2,,10.1021/jacs.4c13008,39893683.0,,N,['titin_general'],10.1021/jacs.4c13008,True,False,False,False,False,False,True,False,False,False,False,False,False
Phosphorylation at Serines 157 and 161 Is Necessary for Preserving Cardiac Expression Level and Functions of Sarcomeric Z-Disc Protein Telethonin.,Frontiers in physiology,2021,2,,10.3389/fphys.2021.732020,34566695.0,PMC8455888,Y,['zdisc'],10.3389/fphys.2021.732020,False,False,True,False,False,False,False,False,False,False,True,True,False
Expression of Smyd1b_tv1 by Alternative Splicing in Cardiac Muscle is Critical for Sarcomere Organization in Cardiomyocytes and Heart Function.,Molecular and cellular biology,2024,2,,10.1080/10985549.2024.2402660,39320962.0,PMC11583600,N,['sarcomere_architecture'],10.1080/10985549.2024.2402660,False,False,False,True,False,False,False,False,False,False,False,False,True
Exercise training improves cardiovascular fitness in dilated cardiomyopathy caused by truncating titin variants.,Heart (British Cardiac Society),2024,2,,10.1136/heartjnl-2024-323995,39317439.0,,N,['titin_general'],10.1136/heartjnl-2024-323995,False,False,False,False,False,False,False,False,False,True,True,False,False
Nonspecific Amyloid Aggregation of Chicken Smooth-Muscle Titin: In Vitro Investigations.,International journal of molecular sciences,2023,2,,10.3390/ijms24021056,36674570.0,PMC9861715,Y,"['titin_general', 'titin_structure_domain']",10.3390/ijms24021056,True,False,False,False,False,False,False,True,False,False,False,False,True
Urinary Titin on the First Postoperative Day Predicts Long-Term Skeletal Muscle Loss in Patients with Gastroenterological Cancer.,International journal of molecular sciences,2025,2,,10.3390/ijms26052026,40076646.0,PMC11899971,Y,['titin_general'],10.3390/ijms26052026,False,False,False,False,False,False,False,False,False,False,False,False,False
Specific titin and myomesin domains stimulate myoblast proliferation.,Biochemistry and biophysics reports,2017,2,,10.1016/j.bbrep.2016.12.007,28956009.0,PMC5614584,Y,"['mband', 'titin_general']",10.1016/j.bbrep.2016.12.007,False,False,False,True,False,False,False,False,False,False,False,True,False
Taking on the Titin: Muscle imaging as a diagnostic marker of biallelic &lt;i&gt;TTN-&lt;/i&gt;related myopathy.,Journal of neuromuscular diseases,2024,2,,10.1177/22143602241283391,39967429.0,PMC13108000,Y,['titin_general'],10.1177/22143602241283391,False,False,False,False,False,False,False,False,False,False,True,False,False
"Reply to ""Letter to the editor: Titin-actin interaction: the report of its death was an exaggeration"".",American journal of physiology. Cell physiology,2016,2,,10.1152/ajpcell.00365.2015,27074704.0,,N,['titin_general'],10.1152/ajpcell.00365.2015,False,False,False,False,False,False,False,False,False,False,False,False,False
The Ancestor and Evolution of the Giant Muscle Protein Connectin/Titin.,Journal of molecular evolution,2025,2,,10.1007/s00239-025-10247-7,40287879.0,PMC12198301,Y,['titin_general'],10.1007/s00239-025-10247-7,False,False,False,False,False,False,False,False,False,False,False,False,False
Phenotypic spectrum of cardiac conduction disturbance and cardiomyopathy linked to titin canonical splice-site variants.,Cardiovascular research,2025,1,,10.1093/cvr/cvaf135,40757694.0,,N,['titin_general'],10.1093/cvr/cvaf135,False,False,False,False,False,False,False,False,False,True,True,False,True
Phenomenological Muscle Constitutive Model With Actin-Titin Binding for Simulating Active Stretching.,Journal of biomechanical engineering,2025,1,,10.1115/1.4066564,39269663.0,,N,['titin_general'],10.1115/1.4066564,False,False,False,False,False,False,True,False,False,False,False,False,False
Titin: The Missing Link in Cardiac Physiology.,Cardiology in review,2026,1,,10.1097/crd.0000000000000656,38334419.0,PMC12680273,Y,['titin_general'],10.1097/crd.0000000000000656,False,False,False,False,False,False,False,False,False,True,True,False,False
Early Diagnosis of Abnormal Left Ventricular Systolic Functions of Rare Pathogenic Titin Mutation Gene Carriers in FHCM by Three-Dimensional Speckle Tracking Echocardiography Combined with Gene Detection.,International journal of clinical practice,2022,1,,10.1155/2022/3415545,36304977.0,PMC9578807,Y,['titin_general'],10.1155/2022/3415545,False,False,False,False,False,False,False,False,False,True,True,False,False
Titin Cardiomyopathy Associated With Refractory Ventricular Tachycardia: A Case Report.,Cureus,2024,1,,10.7759/cureus.64476,39135814.0,PMC11318959,Y,['titin_general'],10.7759/cureus.64476,False,False,False,False,False,False,False,False,False,True,True,False,False
Titin As the Culprit Behind Dilated Cardiomyopathy: A Case Series of Three Cases and a Comprehensive Literature Review.,Cureus,2024,1,,10.7759/cureus.67489,39310445.0,PMC11416193,Y,['titin_general'],10.7759/cureus.67489,False,False,False,False,False,False,False,False,False,True,True,True,True
MyoMed205 Counteracts Titin Hyperphosphorylation and the Expression of Contraction-Regulating Proteins in a Rat Model of HFpEF.,"Journal of cachexia, sarcopenia and muscle",2025,1,,10.1002/jcsm.13843,40464169.0,PMC12134774,Y,['titin_general'],10.1002/jcsm.13843,False,False,False,False,False,True,False,False,False,True,False,True,False
Association of Titin Polymorphisms with the Progression of Oral Squamous Cell Carcinoma and Its Clinicopathological Characteristics.,International journal of molecular sciences,2024,1,,10.3390/ijms25189878,39337369.0,PMC11432047,Y,['titin_general'],10.3390/ijms25189878,False,False,False,False,False,False,False,False,False,False,False,False,False
Computational exploration of &lt;i&gt;TITIN&lt;/i&gt; variations: insights from whole exome sequencing and molecular dynamics simulation study.,Journal of biomolecular structure & dynamics,2025,1,,10.1080/07391102.2025.2500683,40350748.0,,N,['titin_general'],10.1080/07391102.2025.2500683,False,False,True,True,False,False,False,False,False,True,True,False,False
A Titin Truncating Variant Causing a Dominant Myopathy With Cardiac Involvement in a Large Family: The Exception That Proves the Rule.,Neurology. Genetics,2024,1,,10.1212/nxg.0000000000200185,39376211.0,PMC11458131,Y,['titin_general'],10.1212/nxg.0000000000200185,False,False,False,False,False,False,False,False,False,True,True,False,False
Titin-Truncating variants predispose to dilated cardiomyopathy in populations genetically similar to african and european reference populations.,PLoS genetics,2025,1,,10.1371/journal.pgen.1011727,40512817.0,PMC12237270,Y,['titin_general'],10.1371/journal.pgen.1011727,False,False,False,False,False,False,False,False,False,True,True,False,True
Comment on Tanabe et al. Prediction of Sarcopenia Onset in Type 2 Diabetes Using Urinary Titin Levels: A Japanese Prospective Cohort Study. Diabetes Care 2025;48:1844-1849.,Diabetes care,2026,1,,10.2337/dc25-2151,41418026.0,,N,['titin_general'],10.2337/dc25-2151,False,False,False,False,False,False,False,False,False,False,False,False,False
Translating myosin-binding protein C and titin abnormalities to whole-heart function using a novel calcium-contraction coupling model.,Journal of molecular and cellular cardiology,2024,1,,10.1016/j.yjmcc.2024.03.001,38462126.0,,N,['titin_general'],10.1016/j.yjmcc.2024.03.001,False,False,False,False,True,False,True,False,False,True,True,False,False
TITINdb2-expanding annotation and structural information for protein variants in the giant sarcomeric protein titin.,Bioinformatics advances,2025,1,,10.1093/bioadv/vbaf062,40270927.0,PMC12017618,Y,['titin_general'],10.1093/bioadv/vbaf062,False,False,False,False,False,False,False,False,False,False,True,False,False
"Letter by Finsterer and Zarrouk-Mahjoub Regarding Article, ""Combination of Whole Genome Sequencing, Linkage, and Functional Studies Implicates a Missense Mutation in Titin as a Cause of Autosomal Dominant Cardiomyopathy With Features of Left Ventricular Noncompaction"".",Circulation. Cardiovascular genetics,2016,1,,10.1161/circgenetics.116.001630,27998947.0,,N,['titin_general'],10.1161/circgenetics.116.001630,False,False,False,False,False,False,False,False,False,True,True,False,False
Titin Forms Circles: Regulation by Heart Failure and the RNA-Binding Protein RBM20.,Circulation research,2016,1,,10.1161/circresaha.116.309795,27737936.0,,N,['titin_general'],10.1161/circresaha.116.309795,False,False,False,False,False,False,False,False,False,True,False,False,True
Prediction of Sarcopenia Onset in Type 2 Diabetes Using Urinary Titin Levels: A Japanese Prospective Cohort Study.,Diabetes care,2025,1,,10.2337/dc25-1067,40854208.0,,N,['titin_general'],10.2337/dc25-1067,False,False,False,False,False,False,False,False,False,False,False,False,False
"Impact of Nutritional Status of Patients with Head and Neck Squamous Cell Carcinoma on the Expression Profile of Ghrelin, Irisin, and Titin.",Cancers,2024,1,,10.3390/cancers16020437,38275878.0,PMC10814803,Y,['titin_general'],10.3390/cancers16020437,False,False,False,False,False,False,False,False,False,False,False,False,False
Inhibition of Histone Deacetylase 1 Prevents the Decrease in Titin (Connectin) Content and Development of Atrophy in Rat m. soleus after 3-Day Hindlimb Unloading.,Bulletin of experimental biology and medicine,2020,1,,10.1007/s10517-020-04907-5,32889570.0,,N,['titin_general'],10.1007/s10517-020-04907-5,False,False,False,False,False,False,False,False,False,False,False,False,True
Detection of Titin-Associated Electrocardiography Features in Dilated Cardiomyopathy Using Conventional and Deep Neural Network Analysis.,JACC. Clinical electrophysiology,2026,1,,10.1016/j.jacep.2025.10.006,41288540.0,,N,['titin_general'],10.1016/j.jacep.2025.10.006,False,False,False,False,False,False,False,False,False,True,True,False,False
Molecular identifiers of the evolutionarily conserved titin pseudokinase.,The Biochemical journal,2026,1,,10.1042/bcj20253442,41428768.0,PMC12862963,Y,['titin_general'],10.1042/bcj20253442,False,True,False,False,False,False,False,True,True,False,False,False,True
Cardiac MRI as an Imaging Tool in Titin Variant-Related Dilated Cardiomyopathy.,Cardiovascular revascularization medicine : including molecular interventions,2023,1,,10.1016/j.carrev.2023.03.001,36934006.0,,N,['titin_general'],10.1016/j.carrev.2023.03.001,False,False,False,False,False,False,False,False,False,True,True,False,False
Generation of four distinct isogenic cell lines with truncating variants in I-band or A-band titin.,Stem cell research,2024,1,,10.1016/j.scr.2024.103536,39167847.0,PMC11649528,Y,['titin_general'],10.1016/j.scr.2024.103536,False,False,False,False,False,False,False,False,False,True,True,False,False
Severe cardiac conduction disease associated with titin gene mutation.,Pacing and clinical electrophysiology : PACE,2024,1,,10.1111/pace.14726,37221934.0,,N,['titin_general'],10.1111/pace.14726,False,False,False,False,False,False,False,False,False,False,False,False,False
Diversification of Morphological Features of the Dark European Honey Bee of the 'Augustow M' Line.,Animals : an open access journal from MDPI,2021,1,,10.3390/ani11041156,33920711.0,PMC8074245,Y,['mband'],10.3390/ani11041156,False,False,False,False,False,False,False,False,False,False,False,False,False
Coagulopathy correlates with muscle titin injury in critically ill patients.,Journal of critical care,2023,1,,10.1016/j.jcrc.2022.154234,36565648.0,,N,['titin_general'],10.1016/j.jcrc.2022.154234,False,False,False,False,False,False,False,False,False,False,False,False,False
Aortic stenosis and aortic regurgitation express different titin isoforms: Differences and relationships with functional and geometric characteristics.,International journal of cardiology,2018,1,,10.1016/j.ijcard.2018.01.136,29472025.0,,N,['titin_general'],10.1016/j.ijcard.2018.01.136,False,False,False,False,False,False,False,False,True,False,False,False,True
The Missing M Band: Is it Really Non Secretory Multiple Myeloma?,EJIFCC,2025,1,,,40061068.0,PMC11886629,Y,['mband'],pmid:40061068,False,False,False,False,False,False,False,False,False,False,False,False,False
Cartilaginous fish and mammalian connectin evolved independently from an ancestral bony fish-like structure.,Scientific reports,2025,1,,10.1038/s41598-025-10916-z,40634566.0,PMC12241362,Y,['titin_general'],10.1038/s41598-025-10916-z,False,True,True,True,False,False,False,False,True,False,False,False,True
"[A case of non-thymomatous refractory anti-AChR, Kv1.4 and titin antibodies positive generalized myasthenia gravis successfully treated by extended thymectomy].",Rinsho shinkeigaku = Clinical neurology,2023,1,,10.5692/clinicalneurol.cn-001813,36725010.0,,N,['titin_general'],10.5692/clinicalneurol.cn-001813,False,False,False,False,False,False,False,False,False,False,False,False,False
The challenge of assessing variant pathogenicity in candidate Z-disc genes: The example of TCAP in hypertrophic cardiomyopathy.,Revista portuguesa de cardiologia,2020,1,,10.1016/j.repc.2020.06.001,32654878.0,,N,['zdisc'],10.1016/j.repc.2020.06.001,False,False,True,False,False,False,False,False,False,True,True,False,False
Structural diversity in the atomic resolution 3D fingerprint of the titin M-band segment.,PloS one,2019,1,,10.1371/journal.pone.0226693,31856237.0,PMC6922384,Y,"['mband', 'titin_general']",10.1371/journal.pone.0226693,True,False,False,True,False,False,False,False,False,False,False,False,False
Using VISAR to assess the M-band isotropy in hohlraums.,The Review of scientific instruments,2016,1,,10.1063/1.4962869,27910498.0,,N,['mband'],10.1063/1.4962869,False,False,False,True,False,False,False,False,False,False,False,False,False
"""M"" line: New anatomical landmark for the maxillary sinus natural ostium.",Clinical otolaryngology : official journal of ENT-UK ; official journal of Netherlands Society for Oto-Rhino-Laryngology & Cervico-Facial Surgery,2020,1,,10.1111/coa.13456,31574207.0,,N,['mband'],10.1111/coa.13456,False,False,False,False,False,False,False,True,False,False,False,False,False
Measurement of P2 M-band flux asymmetry in indirect-drive hohlraum on Shenguang-III prototype laser facility.,The Review of scientific instruments,2019,1,,10.1063/1.5063306,31042996.0,,N,['mband'],10.1063/1.5063306,False,False,False,True,False,False,False,True,False,False,False,False,False
Understanding Titin Variants in the Age of Next-Generation Sequencing-A Titanic Challenge.,JAMA neurology,2018,1,,10.1001/jamaneurol.2017.3068,29435554.0,,N,['titin_general'],10.1001/jamaneurol.2017.3068,False,False,False,False,False,False,False,False,False,False,False,False,False
Analysis of dual tree M-band wavelet transform based features for brain image classification.,Magnetic resonance in medicine,2018,1,,10.1002/mrm.27210,29707806.0,,N,['mband'],10.1002/mrm.27210,False,False,False,True,False,False,False,False,False,False,False,False,False
"Myopathy or Myasthenia Positive for Antibodies Against MuSK, Lrp4, and Titin.","Internal medicine (Tokyo, Japan)",2021,1,,10.2169/internalmedicine.6180-20,33281162.0,PMC8170243,Y,['titin_general'],10.2169/internalmedicine.6180-20,False,False,False,False,False,False,False,False,False,False,True,False,False
Stretching single titin molecules from failing human hearts reveals titin's role in blunting cardiac kinetic reserve.,Cardiovascular research,2020,1,,10.1093/cvr/cvz043,30778519.0,PMC6918063,N,['titin_general'],10.1093/cvr/cvz043,True,False,False,False,False,False,True,False,False,True,False,False,False
"Letter by Abu Daya et al Regarding Article, ""Myocardial Stiffness in Patients With Heart Failure and a Preserved Ejection Fraction, Contributions of Collagen and Titin"".",Circulation,2015,1,,10.1161/circulationaha.115.017796,26596981.0,,N,"['titin_general', 'titin_mechanics']",10.1161/circulationaha.115.017796,False,False,False,False,False,False,False,False,False,True,False,False,False
Active muscle stiffness is reduced during rapid unloading in muscles from TtnΔ112-158 mice with a large deletion to PEVK titin.,The Journal of experimental biology,2022,1,,10.1242/jeb.243584,35875854.0,,N,"['titin_general', 'titin_mechanics']",10.1242/jeb.243584,False,True,False,False,False,False,False,False,False,False,False,False,False
Special issue on titin and its binding proteins in striated muscle.,Biophysical reviews,2017,1,,10.1007/s12551-017-0270-x,28585069.0,PMC5498332,N,['titin_general'],10.1007/s12551-017-0270-x,False,False,False,False,False,False,False,False,False,False,False,False,False
"Truncating titin variants in dilated cardiomyopathy: not only LVEF recovery, but also maintenance.",Revista espanola de cardiologia (English ed.),2020,1,,10.1016/j.rec.2019.12.005,32035810.0,,N,['titin_general'],10.1016/j.rec.2019.12.005,False,False,False,False,False,False,False,False,False,True,True,False,False
The power of the force: mechano-physiology of the giant titin.,Emerging topics in life sciences,2018,1,,10.1042/etls20180046,33530662.0,,N,['titin_general'],10.1042/etls20180046,False,False,True,True,False,True,False,False,False,False,False,False,False
[The Structural Features of Skeletal Muscle Titin Aggregates].,Molekuliarnaia biologiia,2024,1,,10.31857/s0026898424020143,39355888.0,,N,"['titin_general', 'titin_structure_domain']",10.31857/s0026898424020143,False,False,False,False,False,False,False,True,False,False,False,False,False
Interaction of chloramphenicol with titin I27 probed using single-molecule force spectroscopy.,Journal of biological physics,2021,1,,10.1007/s10867-021-09573-w,34075502.0,PMC8184918,N,['titin_general'],10.1007/s10867-021-09573-w,False,True,False,False,False,False,False,False,False,False,False,False,False
Urinary titin represents an exciting biomarker for assessment of muscle health.,Journal of muscle research and cell motility,2025,1,,10.1007/s10974-025-09710-1,41148436.0,PMC12717151,Y,['titin_general'],10.1007/s10974-025-09710-1,False,False,False,False,False,False,True,False,False,False,True,False,False
Disclosing an In-Frame Deletion of the Titin Gene as the Possible Predisposing Factor of Anthracycline-Induced Cardiomyopathy: A Case Report.,International journal of molecular sciences,2022,1,,10.3390/ijms23169261,36012532.0,PMC9408849,Y,['titin_general'],10.3390/ijms23169261,False,False,False,False,False,False,False,False,False,True,True,False,False
Acute Sarcomeric M-Line Disease Associated With ATP Synthase Subunit α Autoantibodies in Ankylosing Spondylitis.,Journal of neuropathology and experimental neurology,2018,1,,10.1093/jnen/nly079,30215745.0,,N,['mband'],10.1093/jnen/nly079,False,False,False,True,True,False,False,False,False,False,True,False,False
M-line spectroscopy on mid-infrared Si photonic crystals for fluid sensing and chemical imaging.,Optics express,2016,1,,10.1364/oe.24.000262,26832257.0,,N,['mband'],10.1364/oe.24.000262,False,False,False,True,False,False,False,True,False,False,False,False,False
"Titin UN2A Acts as a Stable, Non-Polymorphic Scaffold in its Binding to CARP.",Chembiochem : a European journal of chemical biology,2023,1,,10.1002/cbic.202300408,37503755.0,,N,"['titin_general', 'titin_structure_domain']",10.1002/cbic.202300408,True,False,False,False,False,False,False,False,True,False,False,False,False
Study of the complement activation by amyloid aggregates of smooth muscle titin <i>in vitro</i>.,Journal of immunoassay & immunochemistry,2020,1,,10.1080/15321819.2019.1694943,31744373.0,,N,['titin_general'],10.1080/15321819.2019.1694943,False,False,False,False,False,False,False,False,False,False,False,False,False
A titin missense variant drives atrial electrical remodeling and is associated with atrial fibrillation.,eLife,2026,1,,10.7554/elife.104719,41569083.0,PMC12826672,Y,['titin_general'],10.7554/elife.104719,False,False,False,False,False,False,False,False,True,True,True,False,False
Single M-Line Is as Reliable as Multiple M-Line Ultrasound for Carotid Artery Screening.,Frontiers in physiology,2021,1,,10.3389/fphys.2021.787083,34987417.0,PMC8721102,Y,['mband'],10.3389/fphys.2021.787083,False,False,False,True,False,False,False,False,False,False,False,False,False
A Rare &lt;i&gt;Titin&lt;/i&gt; Gene Mutation Causing Hypertrophic Cardiomyopathy in an Omani Individual.,Sultan Qaboos University medical journal,2025,0,,10.18295/2075-0528.2935,41425840.0,PMC12716340,Y,['titin_general'],10.18295/2075-0528.2935,False,False,False,False,False,False,False,False,False,True,True,False,False
Autoimmune Encephalitis Associated with Anti-titin Antibodies following Immune Checkpoint Inhibitor Therapy: A Case Report.,"Internal medicine (Tokyo, Japan)",2026,0,,10.2169/internalmedicine.6802-25,41987399.0,,N,['titin_general'],10.2169/internalmedicine.6802-25,False,False,False,False,False,False,False,False,False,False,False,False,False
Urinary titin as a potential biomarker of sarcopenia and its association with postoperative complications in colorectal cancer patients.,Revista espanola de enfermedades digestivas,2026,0,,10.17235/reed.2026.11717/2025,41569140.0,,N,['titin_general'],10.17235/reed.2026.11717/2025,False,False,False,False,False,False,False,False,False,False,False,False,False
Genotype-phenotype correlations in patients with pathogenic/likely pathogenic titin variants from the Swiss Arrhythmogenic Cardiomyopathy Registry.,Open heart,2026,0,,10.1136/openhrt-2025-003750,41916669.0,PMC13052549,Y,['titin_general'],10.1136/openhrt-2025-003750,False,False,False,False,False,False,False,False,False,True,True,False,False
Clinical characteristics of myasthenia gravis patients with coexistence of AChR and titin antibodies.,Frontiers in neurology,2025,0,,10.3389/fneur.2025.1679404,41393996.0,PMC12698476,Y,['titin_general'],10.3389/fneur.2025.1679404,False,False,False,False,False,False,False,False,False,False,False,False,False
M-band wavelet-based multi-view clustering of cells.,PLoS computational biology,2025,0,,10.1371/journal.pcbi.1013060,40408513.0,PMC12143518,Y,['mband'],10.1371/journal.pcbi.1013060,False,False,False,True,False,False,False,False,False,False,False,False,False
The Diagnostic Potential of Urinary Titin Fragment in Neuromuscular Diseases.,International journal of molecular sciences,2025,0,,10.3390/ijms26199652,41096917.0,PMC12524967,Y,['titin_general'],10.3390/ijms26199652,False,False,False,False,False,False,False,False,False,True,True,False,False
Unravelling the hidden complexity of titin splicing variants.,Cardiovascular research,2025,0,,10.1093/cvr/cvaf151,40858304.0,,N,['titin_general'],10.1093/cvr/cvaf151,False,False,False,False,False,False,False,False,False,False,False,False,True
Clinical Factors Associated with Postnatal Urinary Titin N-Fragment in Neonates.,Clinical laboratory,2026,0,,10.7754/clin.lab.2025.250509,41543093.0,,N,['titin_general'],10.7754/clin.lab.2025.250509,False,False,False,False,False,False,False,False,False,False,False,False,False
Multiple comprehensive analyses identify that upregulation of Myomesin 2 suppresses cardiomyocyte proliferation.,Biochemical and biophysical research communications,2026,0,,10.1016/j.bbrc.2026.154068,42241973.0,,N,['mband'],10.1016/j.bbrc.2026.154068,False,False,False,True,False,False,False,False,False,False,False,False,False
FHOD3 deficiency disrupts sarcomere organization and activates caMKII signaling in human stem cell-derived cardiomyocytes.,Stem cell research & therapy,2026,0,,10.1186/s13287-026-04902-z,41540467.0,PMC12892442,Y,['sarcomere_architecture'],10.1186/s13287-026-04902-z,False,False,False,False,False,False,True,False,False,True,True,True,False
Myosin light chain kinase 2 and Myomesin 2 are related to the stiffness of vocal fold lamina propria in aging rats and humans.,Biogerontology,2025,0,,10.1007/s10522-025-10344-6,41251884.0,,N,['mband'],10.1007/s10522-025-10344-6,False,False,False,True,False,False,False,False,False,False,False,False,False
SarcGraph for High-Throughput Regional Analysis of Sarcomere Organization and Contractile Function in 2D Cardiac Muscle Bundles.,microPublication biology,2025,0,,10.17912/micropub.biology.001937,41523749.0,PMC12784218,Y,['sarcomere_architecture'],10.17912/micropub.biology.001937,False,False,False,False,False,False,False,False,False,False,False,False,False
Ligand-binding alters the mechanical stability of muscle protein titin domains.,Journal of biomolecular structure & dynamics,2020,0,,10.1080/07391102.2019.1688686,31684826.0,,N,['titin_general'],10.1080/07391102.2019.1688686,False,False,False,False,False,False,False,False,False,False,False,False,False
A low-cost 2-D sarcomere model to demonstrate titin-related mechanisms for force production.,Advances in physiology education,2024,0,,10.1152/advan.00090.2023,38059284.0,,N,['titin_general'],10.1152/advan.00090.2023,False,True,False,False,False,True,False,False,False,False,False,False,False
Postpartum cardiogenic shock with rapid recovery in a Titin gene variant: The role of genetic predisposition in peripartum cardiomyopathy.,Obstetric medicine,2025,0,,10.1177/1753495x231214379,40322672.0,,N,['titin_general'],10.1177/1753495x231214379,False,False,False,False,False,False,False,False,False,True,True,False,False
"Investigation of Structural Peculiarities of Smooth Muscle Titin Aggregates, Formed under Different In Vitro Conditions, by Small-Angle X-Ray Scattering and Fourier Transform Infrared Spectroscopy.",Bulletin of experimental biology and medicine,2024,0,,10.1007/s10517-024-06207-8,39264560.0,,N,['titin_general'],10.1007/s10517-024-06207-8,False,False,False,False,False,False,False,True,False,False,False,False,False
Orbital Extraocular Muscles' Paralysis Associated With Anti-titin Antibodies: A Case Report.,Journal of neuro-ophthalmology : the official journal of the North American Neuro-Ophthalmology Society,2024,0,,10.1097/wno.0000000000001825,38741251.0,,N,['titin_general'],10.1097/wno.0000000000001825,False,False,False,False,False,False,False,False,False,False,False,False,False
Kennedy's disease presented with mastication fatigue combined with positive titin antibody: a case report.,BMC neurology,2022,0,,10.1186/s12883-022-02971-0,36376797.0,PMC9661787,Y,['titin_general'],10.1186/s12883-022-02971-0,False,False,False,False,False,False,False,False,False,False,False,False,False
Inhibition of Histone Deacetylases 4 and 5 Reduces Titin Proteolysis and Prevents Reduction of TTN Gene Expression in Atrophied Rat Soleus Muscle after Seven-Day Hindlimb Unloading.,Doklady. Biochemistry and biophysics,2020,0,,10.1134/s1607672920060058,33368047.0,,N,['titin_general'],10.1134/s1607672920060058,False,False,False,False,False,False,False,False,False,False,False,False,False
[Differences in Titin and Nebulin Gene Expression in Skeletal Muscles of Rats Chronically Alcoholized by Different Methods].,Molekuliarnaia biologiia,2019,0,,10.1134/s0026898419010038,30895954.0,,N,['titin_general'],10.1134/s0026898419010038,False,False,False,False,False,False,False,False,False,False,False,True,False
[A case of anti-acetylcholine receptor antibody-positive ocular myasthenia gravis with anti-titin antibody and anti-Kv1.4 antibody positive inflammatory myopathy].,Rinsho shinkeigaku = Clinical neurology,2023,0,,10.5692/clinicalneurol.cn-001908,37989286.0,,N,['titin_general'],10.5692/clinicalneurol.cn-001908,False,False,False,False,False,False,False,False,False,False,True,False,False
"Relationships between Changes in Muscle Shear Modulus, Urinary Titin N- Terminal Fragment, and Maximum Voluntary Contraction Torque after Eccentric Exercise of the Elbow Flexors.",Journal of sports science & medicine,2023,0,,10.52082/jssm.2024.797,38045754.0,PMC10690499,N,['titin_general'],10.52082/jssm.2024.797,False,False,False,False,False,False,False,False,False,False,False,False,False
Successful heart transplant for Titin-related cardiomyopathy with skeletal myopathy: The tip of the iceberg.,Pediatric transplantation,2024,0,,10.1111/petr.14650,37975150.0,,N,['titin_general'],10.1111/petr.14650,False,False,False,False,False,False,False,False,False,True,True,False,False
Can urinary titin be used for predicting Duchenne muscular dystrophy?,Clinica chimica acta; international journal of clinical chemistry,2019,0,,10.1016/j.cca.2018.10.046,30391395.0,,N,['titin_general'],10.1016/j.cca.2018.10.046,False,False,False,False,False,False,False,False,False,False,True,False,False
The sodium/ascorbic acid co-transporter SVCT2 distributes in a striated membrane-enriched domain at the M-band level in slow-twitch skeletal muscle fibers.,Biological research,2024,0,,10.1186/s40659-024-00554-6,39506870.0,PMC11542426,Y,['mband'],10.1186/s40659-024-00554-6,False,False,False,True,False,False,False,False,False,False,False,False,False
Correction to: Cronos Titin is Expressed in Human Cardiomyocytes and Necessary for Normal Sarcomere Function.,Circulation,2020,0,,10.1161/cir.0000000000000760,32091924.0,,N,['titin_general'],10.1161/cir.0000000000000760,False,False,False,False,False,False,False,False,False,False,False,False,False
<sup>Limbic encephalitis and subclinical hashimoto's disease associated with anti-GAD and anti-titin antibodies in a case of prostate cancer</sup>.,Acta neurologica Belgica,2022,0,,10.1007/s13760-021-01747-6,34264512.0,,N,['titin_general'],10.1007/s13760-021-01747-6,False,False,False,False,False,False,False,False,False,False,False,False,False
Four New Muscle Myosin II Binding Properties of Titin: Implications for Myofibrillogenesis.,"Cytoskeleton (Hoboken, N.J.)",2025,0,,10.1002/cm.70063,41230616.0,,N,['titin_general'],10.1002/cm.70063,False,False,True,False,True,False,False,False,False,True,True,False,True
Novel Fibrosis Pattern in an Arrhythmogenic Cardiomyopathy Caused by a Titin-Truncating Variant.,Circulation. Cardiovascular imaging,2025,0,,10.1161/circimaging.125.018149,40336497.0,PMC12707315,N,['titin_general'],10.1161/circimaging.125.018149,False,False,False,False,False,False,False,False,False,True,True,False,False
Biallelic truncating TTN variants in M-band encoding exons cause a fetal lethal titinopathy.,Prenatal diagnosis,2024,0,,10.1002/pd.6491,38148006.0,,N,['mband'],10.1002/pd.6491,False,False,False,True,False,False,False,False,False,False,False,False,False
Molecular Duet at the Z-Disc: How α-Actinin-4 Fine Tunes Cardiac Contraction.,Circulation research,2026,0,,10.1161/circresaha.125.327876,41481689.0,,N,['zdisc'],10.1161/circresaha.125.327876,False,False,True,False,False,False,False,False,False,False,False,False,False
"Reply to: Myopathy in Myasthenia Positive for Antibodies Against MuSK, Lrp4, and Titin.","Internal medicine (Tokyo, Japan)",2021,0,,10.2169/internalmedicine.6377-20,33281166.0,PMC8170255,Y,['titin_general'],10.2169/internalmedicine.6377-20,False,False,False,False,False,False,False,False,False,False,True,False,False
Correction to: Expressing a Z-disk nebulin fragment innebulin-deficient mouse muscle: effects on muscle structure and function.,Skeletal muscle,2020,0,,10.1186/s13395-020-00223-8,32312330.0,PMC7168831,Y,['zdisc'],10.1186/s13395-020-00223-8,False,False,True,False,False,False,False,False,False,False,False,False,False
Successful rescue therapy with eculizumab for probable tislelizumab-related MMM overlap syndrome with dual positivity for anti-acetylcholine receptor and anti-titin antibodies: a case report and literature review.,Frontiers in immunology,2026,0,,10.3389/fimmu.2026.1873528,42358974.0,PMC13290910,Y,['titin_general'],10.3389/fimmu.2026.1873528,False,False,False,False,False,False,False,False,False,False,False,False,False
Location-Dependent Differences in Cardiac and Skeletal Muscle Dysfunction Associated With Truncating Titin (&lt;i&gt;ttn.2&lt;/i&gt;) Variants.,Circulation research,2026,0,,10.1161/circresaha.124.325999,41498146.0,PMC12854356,Y,['titin_general'],10.1161/circresaha.124.325999,False,False,True,True,False,False,False,False,True,False,False,False,False
"Correction: Winter et al. Z-Disk-Associated Plectin (Isoform 1d): Spatial Arrangement, Interaction Partners, and Role in Filamin C Homeostasis. &lt;i&gt;Cells&lt;/i&gt; 2023, &lt;i&gt;12&lt;/i&gt;, 1259.",Cells,2023,0,,10.3390/cells12232677,38067197.0,PMC10705187,Y,['zdisc'],10.3390/cells12232677,False,False,True,False,False,False,False,False,False,False,False,False,True
From brain freeze to heart freeze: A case of deglutition syncope-induced asystole/tachyarrhythmia in a patient with &lt;i&gt;titin&lt;/i&gt; cardiomyopathy.,HeartRhythm case reports,2026,0,,10.1016/j.hrcr.2026.01.009,42028081.0,PMC13100616,Y,['titin_general'],10.1016/j.hrcr.2026.01.009,False,False,False,False,False,False,False,False,False,True,True,False,False
Novel Mutations in Titin Exon 363 With Different Phenotypes Including a Founder Mutation in Eastern Europe.,European journal of neurology,2025,0,,10.1111/ene.70433,41246854.0,PMC12620988,Y,['titin_general'],10.1111/ene.70433,False,False,False,True,False,False,True,False,False,False,True,False,True
"Heteroaryl iminothioindoxyl (HA-ITI) photoswitches &lt;i&gt;via&lt;/i&gt; regioselective aza-Wittig synthesis: unifying red-shifted absorption, large &lt;i&gt;E&lt;/i&gt;/&lt;i&gt;Z&lt;/i&gt; band separation, and tunable thermal recovery.",Chemical science,2026,0,,10.1039/d5sc08074f,41451301.0,PMC12729054,Y,['zdisc'],10.1039/d5sc08074f,False,False,False,False,False,False,False,True,False,False,False,False,False
GSK3β-driven phosphorylation of ABLIM1 regulates its interactions with titin cardiac muscle.,The Journal of general physiology,2025,0,,10.1085/jgp.202413737,40856697.0,PMC13053039,N,['titin_general'],10.1085/jgp.202413737,False,False,False,False,True,False,False,False,False,True,False,True,False
"Clinical characteristics and peripheral immune profile analysis of thymoma-associated myasthenia gravis with anti-titin antibodies: a multicenter, retrospective study.",Journal of the Formosan Medical Association = Taiwan yi zhi,2026,0,,10.1016/j.jfma.2026.03.085,41904038.0,,N,['titin_general'],10.1016/j.jfma.2026.03.085,False,False,False,False,False,False,False,False,False,False,False,False,False
Metastasis-associated 1 localizes to the sarcomeric Z-disc and is implicated in skeletal muscle pathology.,"Cytoskeleton (Hoboken, N.J.)",2024,0,,10.1002/cm.21841,38391059.0,,N,['zdisc'],10.1002/cm.21841,False,False,True,False,False,False,True,False,False,False,True,False,False
Parvin is essential for indirect flight muscle (IFM) performance and Zasp52 localisation to the Z-disc in Drosophila melanogaster.,Cell and tissue research,2025,0,,10.1007/s00441-025-04007-8,40900220.0,,N,['zdisc'],10.1007/s00441-025-04007-8,False,False,True,False,False,True,False,False,False,False,False,False,False
Immune Checkpoint Inhibitor-Induced Concomitant Polyradiculoneuritis and Myocarditis With Positive Anti-Titin Antibodies: A Case Report and Literature Review.,Critical care explorations,2026,0,,10.1097/cce.0000000000001363,41467892.0,PMC12755473,Y,['titin_general'],10.1097/cce.0000000000001363,False,False,False,False,False,False,False,False,False,False,False,False,False
Alpha kinase 3 signaling is required at the sarcomeric M-band for cardiac function.,Nature cardiovascular research,2023,0,,10.1038/s44161-023-00221-1,39196060.0,,N,['mband'],10.1038/s44161-023-00221-1,False,False,False,True,False,False,False,False,False,False,False,False,False
Titin Is Present in the Elastic Tethers That Connect Separating Anaphase Chromosomes in Crane-Fly Spermatocytes.,"Cytoskeleton (Hoboken, N.J.)",2026,0,,10.1002/cm.70035,40923669.0,,N,['titin_general'],10.1002/cm.70035,False,False,False,False,False,False,False,False,False,False,False,False,False
A pathogenic titin missense mutation in hiPSC-derived cardiomyocytes predisposes to ventricular fibrillation in acute ST-segment elevation myocardial infarction.,Frontiers in cardiovascular medicine,2025,0,,10.3389/fcvm.2025.1691585,41552678.0,PMC12808434,Y,['titin_general'],10.3389/fcvm.2025.1691585,False,False,False,False,False,False,False,False,False,False,False,False,False
HDAC5 Inhibition as a Therapeutic Strategy for Titin Deficiency-Induced Cardiac Remodeling: Insights from Human iPSC Models.,"Medicines (Basel, Switzerland)",2025,0,,10.3390/medicines12040026,41283336.0,PMC12641632,Y,['titin_general'],10.3390/medicines12040026,False,False,False,False,False,False,False,False,False,True,True,False,False
"Elevated Urinary Titin in Adult Spinal Muscular Atrophy: A Multicenter, Cross-Sectional Observational Study.",Neurology international,2025,0,,10.3390/neurolint17080114,40863983.0,PMC12388725,Y,['titin_general'],10.3390/neurolint17080114,False,False,False,False,False,False,False,False,False,False,False,False,False
Numb family proteins play roles in Desmin and Vimentin localization at the Z-disc.,Journal of muscle research and cell motility,2025,0,,10.1007/s10974-024-09687-3,39674848.0,,N,['zdisc'],10.1007/s10974-024-09687-3,False,False,True,False,False,False,False,False,False,False,False,False,True
Dephosphorylation-induced structural reorganization of skeletal muscle titin molecules.,International journal of biological macromolecules,2025,0,,10.1016/j.ijbiomac.2025.147085,40854385.0,,N,['titin_general'],10.1016/j.ijbiomac.2025.147085,False,False,False,False,False,False,True,False,False,False,False,True,False
Changes in Resting Titin and Irisin Concentrations are Associated with Thigh Muscle Volume in National-level Sprinters: Observations After a 5-month Sprint-based Training Macrocycle.,Journal of strength and conditioning research,2026,0,,10.1519/jsc.0000000000005587,42335980.0,,N,['titin_general'],10.1519/jsc.0000000000005587,False,False,False,False,False,False,False,False,False,False,False,False,False
Monocyte Titin Gene Expression as a Biomarker of Left Ventricular Dysfunction in Acute Myocarditis.,Genes,2026,0,,10.3390/genes17030268,41898802.0,PMC13025095,Y,['titin_general'],10.3390/genes17030268,False,False,False,False,False,False,False,False,False,False,False,False,False
Familial Frequent Premature Ventricular Contractions and the Relevance of Titin Mutations.,Pacing and clinical electrophysiology : PACE,2026,0,,10.1111/pace.70106,41405006.0,,N,['titin_general'],10.1111/pace.70106,False,False,False,False,False,False,False,False,False,True,True,False,False
Reliability of the 'M-Line' in the Prediction of the Facial Nerve Position in Patients with Parotid Neoplasms.,Indian journal of otolaryngology and head and neck surgery : official publication of the Association of Otolaryngologists of India,2022,0,,10.1007/s12070-021-02680-z,36742789.0,PMC9895135,N,['mband'],10.1007/s12070-021-02680-z,False,False,False,True,False,False,False,False,False,False,False,False,False
Truncating Titin and Lamin A/C Variants in Anthracycline-Induced Cardiomyopathy.,JACC. Advances,2026,0,,10.1016/j.jacadv.2025.102431,41379058.0,,N,['titin_general'],10.1016/j.jacadv.2025.102431,False,False,False,False,False,False,False,False,False,True,True,False,False
"Titin Cardiomyopathy, Emerging Evidence: More Than A Big Heart.",Current cardiology reports,2025,0,,10.1007/s11886-025-02309-5,41329234.0,PMC12672817,Y,['titin_general'],10.1007/s11886-025-02309-5,False,False,False,False,False,False,False,False,False,True,True,False,False
Publisher Correction: Relevance of Titin Missense and Non-Frameshifting Insertions/Deletions Variants in Dilated Cardiomyopathy.,Scientific reports,2020,0,,10.1038/s41598-020-73763-0,33037269.0,PMC7547699,Y,['titin_general'],10.1038/s41598-020-73763-0,False,False,False,False,False,False,False,False,False,True,True,False,False
"[Titin: structure, isoforms and functional regulation].",Sheng li xue bao : [Acta physiologica Sinica],2023,0,,,37583042.0,,N,"['titin_general', 'titin_structure_domain']",pmid:37583042,False,False,False,False,False,False,False,False,True,False,False,False,True
Looking at the Right Side: Amenability of the Right Ventricle to Therapy in Patients With Titin-Related Dilated Cardiomyopathy.,The Canadian journal of cardiology,2021,0,,10.1016/j.cjca.2021.06.019,34217810.0,,N,['titin_general'],10.1016/j.cjca.2021.06.019,False,False,False,False,False,False,False,False,False,True,True,False,False
Correction to: Titin Circular RNAs Create a Back-Splice Motif Essential for SRSF10 Splicing.,Circulation,2021,0,,10.1161/cir.0000000000000980,33844578.0,PMC8032206,N,['titin_general'],10.1161/cir.0000000000000980,False,False,False,False,False,False,False,False,False,False,False,False,True
Myosin Modulator Aficamten Inhibits Force by Altering Myosin's Biochemical Activity Without Changing Thick Filament Structure.,JACC. Basic to translational science,2026,0,,10.1016/j.jacbts.2025.101449,41421020.0,PMC12794416,Y,['thick_filament'],10.1016/j.jacbts.2025.101449,False,False,False,False,True,False,False,False,False,False,False,False,False
Prediction of Sarcopenia Onset in Older Adults with Diabetes using Urinary Titin Levels: A Japanese Cohort Study,Innovation in aging,2025,0,,,,PMC12762588,Y,['titin_general'],PMC12762588,False,False,False,False,False,False,False,False,False,False,False,False,False
ATP directly modulates thick filament structure and function in porcine myocardium.,Biophysical journal,2025,0,,10.1016/j.bpj.2025.06.037,40583271.0,PMC12302705,Y,['thick_filament'],10.1016/j.bpj.2025.06.037,False,False,False,False,True,True,False,True,False,True,False,False,False
A titin truncating variant linked to atrial fibrillation increases atrial profibrotic signalling and cholinergic sensitivity.,Cardiovascular research,2026,0,,10.1093/cvr/cvag112,42198882.0,,N,"['titin_general', 'titin_structure_domain']",10.1093/cvr/cvag112,False,False,False,False,False,False,False,False,False,True,True,False,False
Variant Site-Specific Natural History of Titin-Induced Cardiomyopathy: An International Multicenter Registry.,Circulation. Genomic and precision medicine,2026,0,,10.1161/circgen.125.005422,42417033.0,,N,['titin_general'],10.1161/circgen.125.005422,False,False,False,True,False,False,False,False,False,True,True,False,False
Mending the Achilles heels of titin in cardiac and musculoskeletal disease.,Biophysical reviews,2026,0,,10.1007/s12551-026-01411-4,41909620.0,PMC13031707,Y,['titin_general'],10.1007/s12551-026-01411-4,False,False,True,True,False,False,False,False,False,False,False,False,False
Titin and the mystery of cardiomyopathy incidence.,European heart journal,2025,0,,10.1093/eurheartj/ehaf470,40910418.0,,N,['titin_general'],10.1093/eurheartj/ehaf470,False,False,False,False,False,False,False,False,False,True,True,False,False
Pregnancy-Associated Cardiomyopathy and Long-Term Cardiac Phenotype in Women With Truncating Titin Variants.,JACC. Advances,2026,0,,10.1016/j.jacadv.2026.102857,42347731.0,,N,['titin_general'],10.1016/j.jacadv.2026.102857,False,False,False,False,False,False,False,False,False,True,True,False,False
Titin immunoglobulin domain refolding produces mechanical work in situ.,American journal of physiology. Cell physiology,2026,0,,10.1152/ajpcell.00469.2025,41914915.0,,N,"['titin_general', 'titin_structure_domain']",10.1152/ajpcell.00469.2025,True,True,False,False,False,False,True,False,False,False,False,False,False
TITIN Regulates Body Size via the JH-JHE Pathway in Honeybees (&lt;i&gt;Apis mellifera&lt;/i&gt;).,International journal of molecular sciences,2026,0,,10.3390/ijms27104501,42196478.0,PMC13207407,Y,['titin_general'],10.3390/ijms27104501,False,False,False,False,False,False,False,False,False,False,False,False,False
Papillary Thyroid Carcinoma in a Patient With a Germline Titin (TTN) Mutation.,Cureus,2026,0,,10.7759/cureus.104053,41883887.0,PMC13010354,Y,['titin_general'],10.7759/cureus.104053,False,False,False,False,False,False,True,False,False,True,True,False,False
Titin modulation and left ventricular remodelling in chronic primary mitral regurgitation.,Frontiers in cardiovascular medicine,2026,0,,10.3389/fcvm.2026.1759286,42318143.0,PMC13272440,Y,['titin_general'],10.3389/fcvm.2026.1759286,False,False,False,False,False,False,False,False,True,True,True,True,True
Selective titin cleavage disrupts cardiac mechanical homeostasis to drive heart failure and fibrosis.,Nature cardiovascular research,2026,0,,10.1038/s44161-026-00829-z,42304077.0,PMC13271893,Y,['titin_general'],10.1038/s44161-026-00829-z,False,True,False,False,False,False,False,False,False,True,True,False,False
Truncating Titin and Lamin A/C Variants in Anthracycline-Induced Cardiomyopathy,JACC. Advances,2025,0,,,,PMC12948604,Y,['titin_general'],PMC12948604,False,False,False,False,False,False,False,False,False,True,True,False,False
Comparison of preoperative urinary Titin levels and serum Titin levels in patients with gastrointestinal malignancy.,Journal of gastrointestinal oncology,2026,0,,10.21037/jgo-2026-1-0176,42434266.0,,N,['titin_general'],10.21037/jgo-2026-1-0176,False,False,False,False,False,False,False,False,False,False,True,False,False
Formation of an Amyloid-like Structure During In Vitro Interaction of Titin and Myosin-Binding Protein C.,International journal of molecular sciences,2025,0,,10.3390/ijms26146910,40725155.0,PMC12294915,Y,"['titin_general', 'titin_structure_domain']",10.3390/ijms26146910,False,False,False,False,True,False,False,True,False,False,False,False,False
Direction-dependent contributions of cardiac myofilament networks to myocardial passive stiffness reveal a major disparity for titin.,Basic research in cardiology,2025,0,,10.1007/s00395-025-01119-8,40512239.0,PMC12325546,Y,"['titin_general', 'titin_mechanics']",10.1007/s00395-025-01119-8,False,False,False,False,True,True,False,False,False,True,False,False,False
Titin cleavage in living cardiomyocytes induces sarcomere disassembly but does not trigger cell proliferation.,The Journal of biological chemistry,2026,0,,10.1016/j.jbc.2026.113167,42142587.0,PMC13279373,Y,['titin_general'],10.1016/j.jbc.2026.113167,False,False,False,False,False,False,False,False,False,False,False,False,False
Solution NMR study of the titin I-band IgI domain I82 shows unusual conformational dynamics.,Journal of biomolecular NMR,2026,0,,10.1007/s10858-026-00493-2,42223715.0,PMC13226425,Y,"['titin_general', 'titin_structure_domain']",10.1007/s10858-026-00493-2,False,False,False,False,False,False,False,True,True,False,False,False,False
Titin-Based Mechanisms of Myocardial Stiffness and Heart Failure: From Bench to Bedside.,Cardiology in review,2025,0,,10.1097/crd.0000000000000952,40377323.0,,N,"['titin_general', 'titin_mechanics']",10.1097/crd.0000000000000952,False,False,False,False,False,False,False,False,False,True,True,True,True
Titin cleavage alters the myocardial elastic network and remodels the heart.,Nature cardiovascular research,2026,0,,10.1038/s44161-026-00834-2,42332206.0,,N,['titin_general'],10.1038/s44161-026-00834-2,False,False,False,False,False,False,False,False,False,False,False,False,False
Interdomain linkers tune the energy dissipation of immunoglobulin domains in titin.,Protein science : a publication of the Protein Society,2026,0,,10.1002/pro.70663,42226344.0,,N,['titin_general'],10.1002/pro.70663,True,False,False,False,False,False,False,False,True,False,False,False,False
Spring-damper titin model improves the estimation of muscle forces during force enhancement measurements.,Journal of biomechanics,2026,0,,10.1016/j.jbiomech.2026.113306,42001764.0,,N,"['titin_general', 'titin_mechanics']",10.1016/j.jbiomech.2026.113306,False,False,False,False,False,False,False,False,False,False,False,False,False
Illuminating Titin Truncating Variants in Dilated Cardiomyopathy.,JACC. Clinical electrophysiology,2026,0,,10.1016/j.jacep.2025.11.009,41432652.0,,N,['titin_general'],10.1016/j.jacep.2025.11.009,False,False,False,False,False,False,False,False,False,True,True,False,False
Titin is a new factor regulating arterial stiffness through vascular smooth muscle cell tone in male rats.,Physiological reports,2025,0,,10.14814/phy2.70270,40119572.0,PMC11928681,Y,"['titin_general', 'titin_mechanics']",10.14814/phy2.70270,False,False,False,False,False,False,False,False,False,False,False,False,True
Comparing cryo-EM structures of the vertebrate cardiac muscle thick filament.,Biophysical reviews,2026,0,,10.1007/s12551-025-01393-9,42005345.0,PMC13089571,N,"['thick_filament', 'titin_cryoem']",10.1007/s12551-025-01393-9,False,False,False,False,True,True,False,True,False,False,False,False,False
CCDC141 is a Connectin/Titin and Nesprin-1 binding protein that adapts cardiomyocytes to mechanical stress.,Communications biology,2025,0,,10.1038/s42003-025-09093-6,41298937.0,PMC12657953,Y,['titin_general'],10.1038/s42003-025-09093-6,False,False,False,False,False,False,False,False,False,True,False,False,False
Titin's P-zone domains A164-167 are essential for thick filament structural arrangement.,The Journal of general physiology,2026,0,,10.1085/jgp.202513891,41817548.0,PMC12981300,Y,['thick_filament'],10.1085/jgp.202513891,False,False,False,True,True,False,False,False,False,False,False,False,False
"Sodium pyrophosphate-induced actomyosin dissociation, thick filament depolymerization and protein conformation changes synergistically enhance the solubility of myofibrillar proteins.",Food chemistry,2026,0,,10.1016/j.foodchem.2026.150330,42418882.0,,N,['thick_filament'],10.1016/j.foodchem.2026.150330,False,False,False,False,True,False,False,False,False,False,False,False,False
Thick filament molecular interfaces play a critical role in the pathogenesis of hypertrophic cardiomyopathy.,Proceedings of the National Academy of Sciences of the United States of America,2026,0,,10.1073/pnas.2529234123,42372158.0,,N,['thick_filament'],10.1073/pnas.2529234123,False,False,False,False,True,False,False,True,False,True,True,False,False
Marfan syndrome cardiomyocytes show excess of titin isoform N2BA and extended sarcomeric M-band.,The Journal of general physiology,2025,0,,10.1085/jgp.202413690,40062891.0,PMC11893164,N,"['mband', 'titin_general']",10.1085/jgp.202413690,False,False,False,True,False,False,False,False,True,False,False,False,True
Errata: Titin Truncation Variant in Dilated Cardiomyopathy: Still on the Way Toward Clinical Application.,International heart journal,2021,0,,10.1536/ihj.62-3_errata,34054005.0,,N,['titin_general'],10.1536/ihj.62-3_errata,False,False,False,False,False,False,False,False,False,True,True,False,False
Titin Truncation Variant in Dilated Cardiomyopathy.,International heart journal,2021,0,,10.1536/ihj.21-053,33790133.0,,N,['titin_general'],10.1536/ihj.21-053,False,False,False,False,False,False,False,False,False,True,True,False,False
Titin phosphorylation by protein kinase G as a novel mechanism of diastolic adaptation to acute load: <b>PS146</b>.,Porto biomedical journal,2017,0,,10.1016/j.pbj.2017.07.024,32258637.0,PMC6806908,N,['titin_general'],10.1016/j.pbj.2017.07.024,False,False,False,False,False,False,False,False,False,False,False,True,False
Titin related myopathy with ophthalmoplegia. A novel phenotype.,Neuromuscular disorders : NMD,2023,0,,10.1016/j.nmd.2023.05.003,37393749.0,,N,['titin_general'],10.1016/j.nmd.2023.05.003,False,False,False,False,False,False,False,False,False,False,True,False,False
"Truncations of Titin and Left Atrial Cardiomyopathy: Comment on Henkens et al.'s article, Left Atrial Function in Patients With Titin Cardiomyopathy.",Journal of cardiac failure,2024,0,,10.1016/j.cardfail.2023.06.019,37451603.0,,N,['titin_general'],10.1016/j.cardfail.2023.06.019,False,False,False,False,False,False,False,False,False,True,True,False,False
"Letter by Lewis and Miller Regarding Article, ""Experimentally Increasing the Compliance of Titin Through RNA Binding Motif-20 (RBM20) Inhibition Improves Diastolic Function in a Mouse Model of Heart Failure With Preserved Ejection Fraction"".",Circulation,2017,0,,10.1161/circulationaha.116.025995,28289009.0,,N,['titin_general'],10.1161/circulationaha.116.025995,False,False,False,False,False,False,False,False,False,True,False,False,True
"Response by Methawasin and Granzier to Letter Regarding Article, ""Experimentally Increasing the Compliance of Titin Through RNA Binding Motif-20 (RBM20) Inhibition Improves Diastolic Function in a Mouse Model of Heart Failure With Preserved Ejection Fraction"".",Circulation,2017,0,,10.1161/circulationaha.117.026955,28289010.0,PMC5401660,N,['titin_general'],10.1161/circulationaha.117.026955,False,False,False,False,False,False,False,False,False,True,False,False,True
Urinary Titin as a Non-Invasive Biomarker for Sarcopenia Sex Differences in Unresectable Digestive Malignancies: A Retrospective Cohort Study.,International journal of molecular sciences,2025,0,,10.3390/ijms26146781,40725028.0,PMC12295692,Y,['titin_general'],10.3390/ijms26146781,False,False,False,False,False,False,False,False,False,False,False,False,False
Urinary N-terminal titin fragment concentration as a non-invasive biomarker of exercise-induced muscle damage in males and females.,European journal of applied physiology,2026,0,,10.1007/s00421-025-05936-6,40794192.0,PMC12948870,Y,['titin_general'],10.1007/s00421-025-05936-6,False,False,False,False,False,False,False,False,False,False,False,False,False
Microbial Production of High-Performance Fibers from Muscle Protein Titin.,"Methods in molecular biology (Clifton, N.J.)",2025,0,,10.1007/978-1-0716-4402-7_10,40029602.0,,N,['titin_general'],10.1007/978-1-0716-4402-7_10,False,False,False,False,False,False,False,False,False,False,False,False,False
Modulation of Titin and Contraction-Regulating Proteins in a Rat Model of Heart Failure with Preserved Ejection Fraction: Limb vs. Diaphragmatic Muscle,International journal of molecular sciences,2024,0,,,,PMC11203682,Y,['titin_general'],PMC11203682,False,False,False,False,False,False,False,False,False,True,False,False,False
Response to Comment on Tanabe et al. Prediction of Sarcopenia Onset in Type 2 Diabetes Using Urinary Titin Levels: A Japanese Prospective Cohort Study. Diabetes Care 2025;48:1844-1849.,Diabetes care,2026,0,,10.2337/dci25-0114,41418030.0,,N,['titin_general'],10.2337/dci25-0114,False,False,False,False,False,False,False,False,False,False,False,False,False
Whole Genome Sequencing Solved Our Family's Genetic Mystery: Titin.,Narrative inquiry in bioethics,2015,0,,10.1353/nib.2015.0075,26752567.0,,N,['titin_general'],10.1353/nib.2015.0075,False,False,False,False,False,False,False,False,False,False,False,False,False
Spatial control of myosin regulatory light chain phosphorylation modulates cardiac thick filament mechanosensing.,Proceedings of the National Academy of Sciences of the United States of America,2026,0,,10.1073/pnas.2520471123,41642989.0,PMC12891028,Y,['thick_filament'],10.1073/pnas.2520471123,False,False,False,False,True,False,False,False,True,True,False,True,False
Postpartum cardiogenic shock with rapid recovery in a Titin gene variant: The role of genetic predisposition in peripartum cardiomyopathy,Obstetric Medicine,2023,0,,,,PMC12046153,Y,['titin_general'],PMC12046153,False,False,False,False,False,False,False,False,False,True,True,False,False
New frontiers for exercise training: evidence of cardiovascular benefit for titin-induced dilated cardiomyopathy.,Heart (British Cardiac Society),2024,0,,10.1136/heartjnl-2024-324281,39375025.0,,N,['titin_general'],10.1136/heartjnl-2024-324281,False,False,False,False,False,False,False,False,False,True,True,False,False
TTN:c.12478del in proximal I-band of titin represents a common molecular cause of dilated cardiomyopathy in Slovenian patients.,Orphanet journal of rare diseases,2025,0,,10.1186/s13023-025-03613-7,40022161.0,PMC11871621,Y,['titin_general'],10.1186/s13023-025-03613-7,False,False,False,False,False,False,False,False,True,True,True,False,False
Asynchronous movement of sarcomeres in myocardium under living conditions: role of titin.,Frontiers in physiology,2024,0,,10.3389/fphys.2024.1426545,39156829.0,PMC11327019,Y,['titin_general'],10.3389/fphys.2024.1426545,False,False,False,False,False,False,False,False,False,False,False,False,False
"Cocaine, amphetamine, or titin: Unraveling the genetic underpinnings of dilated cardiomyopathy.",Clinical case reports,2024,0,,10.1002/ccr3.9069,38868113.0,,N,['titin_general'],10.1002/ccr3.9069,False,False,False,False,False,False,False,False,False,True,True,False,False
Urinary N-terminal titin fragment ascertained as biomarker in a small cohort of limb-girdle muscular dystrophy LGMDR1-calpain 3 related.,Journal of neuromuscular diseases,2025,0,,10.1177/22143602251323629,40356353.0,PMC13142826,Y,['titin_general'],10.1177/22143602251323629,False,False,False,False,False,False,False,False,False,False,True,False,False
Two Years Transplant-Free Survival After LVAD Explantation in a Titin Truncating Variant Carrier With Peripartum Cardiomyopathy and Cardiogenic Shock.,Circulation. Heart failure,2025,0,,10.1161/circheartfailure.124.012079,40223612.0,,N,['titin_general'],10.1161/circheartfailure.124.012079,False,False,False,False,False,False,False,False,False,True,True,False,False
"Generation of iPSC lines (ICHi001-A, ICHi002-A, ICHi003-A, ICHi004-A) from four patients carrying Titin truncating variants associated with dilated cardiomyopathy.",Stem cell research,2025,0,,10.1016/j.scr.2025.103719,40286602.0,,N,['titin_general'],10.1016/j.scr.2025.103719,False,False,False,False,False,False,False,False,False,True,True,False,False
Correction: Functional abnormalities in induced Pluripotent Stem Cell-derived cardiomyocytes generated from titin-mutated patients with dilated cardiomyopathy.,PloS one,2018,0,,10.1371/journal.pone.0207548,30408120.0,PMC6224169,Y,['titin_general'],10.1371/journal.pone.0207548,False,False,False,False,False,False,False,False,False,True,True,False,False
Quantification of a serum titin fragment reflects dystrophin restoration in mdx mice and disease severity in patients with dystrophinopathies.,Journal of neuromuscular diseases,2026,0,,10.1177/22143602261453984,42161251.0,,N,['titin_general'],10.1177/22143602261453984,False,False,False,False,False,False,False,False,False,False,True,False,False
Urinary N-terminal titin fragment as a supplementary marker for frailty in chronic obstructive pulmonary disease.,Respiratory investigation,2026,0,,10.1016/j.resinv.2026.101445,42127707.0,,N,['titin_general'],10.1016/j.resinv.2026.101445,False,False,False,False,False,False,False,False,False,False,False,False,False
Does Cronos hypothesis contribute to the understanding the role of Titin in dilated cardiomyopathy?,International journal of cardiology,2020,0,,10.1016/j.ijcard.2020.07.031,32712113.0,,N,['titin_general'],10.1016/j.ijcard.2020.07.031,False,False,False,False,False,False,False,False,False,True,True,False,False
Exercise in carriers of truncated Titin variants: more evidence before the greenlight.,European journal of preventive cardiology,2025,0,,10.1093/eurjpc/zwaf161,40119822.0,,N,['titin_general'],10.1093/eurjpc/zwaf161,False,False,False,False,False,False,False,False,False,False,False,False,False
