
> titin-visualization@0.3.0 verify
> npm run check:build && npm run check:pack && npm run check:sc19:generated && npm run check:mechanical-generated && npm run check:sc20:evidence && npm run check:sc25:evidence && npm run typecheck && npm test && npm run test:negative && npm run validate && npm run validate:spec && npm run validate:showcase && npm run validate:presentation && npm run validate:annotations && npm run validate:scope && npm run validate:sequence && npm run validate:claims && npm run validate:decisions && npm run validate:citations && npm run validate:sc20 && npm run validate:mechanical-parameters && npm run validate:render-style && npm run validate:exports && npm run validate:gates && npm run check:matrix && npm run validate:python


> titin-visualization@0.3.0 check:build
> node scripts/build_standalone.mjs --check

index.html is current
  bundle: 1251 KB (three r0.185.1 inlined)
  spec files embedded: 18
  page-module imports collapsed: 14
  model: 7badc8e270e7
  app: dcdb403a759bd3df1f7d7bc821f3a73aeeb10caa
  build inputs: 0d4877e8a7ce

> titin-visualization@0.3.0 check:pack
> node scripts/build_release_pack.mjs --check

release pack is current (22 generated outputs, build inputs 0d4877e8a7ce)

> titin-visualization@0.3.0 check:sc19:generated
> python3 scripts/build_sequence_feature_report.py --check && python3 scripts/build_claim_inventory.py --check && node scripts/build_sc19_packets.mjs --check

frozen SC-19 region-feature evidence is intact (decision-ledger SHA-256)
claim inventory is current (27 claims)
frozen SC-19 evidence packets are intact (5, decision-ledger SHA-256)

> titin-visualization@0.3.0 check:mechanical-generated
> python3 scripts/mechanical_model.py --check

Mechanical generator reproducibility: PASS (2/2 byte-identical outputs)
SC-21 mechanics: 4/4 source checks; continuous; approved regimes emitted status-bearing output

> titin-visualization@0.3.0 check:sc20:evidence
> node scripts/build_sc20_evidence.mjs --check

SC-20 evidence: PASS (10 byte-digested files; model 7badc8e270e73e8bae3d84420448e6c79fee9e41bfdb0ca790484750ef329ef6)

> titin-visualization@0.3.0 check:sc25:evidence
> node scripts/build_sc25_evidence.mjs --check

SC-25 evidence: PASS (7 byte-digested files; model 7badc8e270e73e8bae3d84420448e6c79fee9e41bfdb0ca790484750ef329ef6)

> titin-visualization@0.3.0 typecheck
> tsc -p tsconfig.json


> titin-visualization@0.3.0 test
> node --test --test-concurrency=1 test/*.test.js

TAP version 13
# Subtest: close-ups: every landmark lies inside the structure at every length
ok 1 - close-ups: every landmark lies inside the structure at every length
  ---
  duration_ms: 98.846625
  ...
# Subtest: close-ups: landmarks track sarcomere length rather than staying put
ok 2 - close-ups: landmarks track sarcomere length rather than staying put
  ---
  duration_ms: 4.735541
  ...
# Subtest: close-ups: the crown view lands inside the overlap zone, not the bare zone
ok 3 - close-ups: the crown view lands inside the overlap zone, not the bare zone
  ---
  duration_ms: 61.362
  ...
# Subtest: close-ups: the twist view avoids the crown array that would occlude it
ok 4 - close-ups: the twist view avoids the crown array that would occlude it
  ---
  duration_ms: 33.404167
  ...
# Subtest: close-ups: each span resolves the periodicity it claims to show
ok 5 - close-ups: each span resolves the periodicity it claims to show
  ---
  duration_ms: 0.131542
  ...
# Subtest: close-ups: the adaptive near plane does not clip the subject
ok 6 - close-ups: the adaptive near plane does not clip the subject
  ---
  duration_ms: 0.21325
  ...
# Subtest: close-ups: depth resolution stays finer than the features being drawn
ok 7 - close-ups: depth resolution stays finer than the features being drawn
  ---
  duration_ms: 0.083083
  ...
# Subtest: close-ups: distances solve from the span, not from tuning
ok 8 - close-ups: distances solve from the span, not from tuning
  ---
  duration_ms: 0.152333
  ...
# Subtest: close-ups: the vocabulary is complete and self-describing
ok 9 - close-ups: the vocabulary is complete and self-describing
  ---
  duration_ms: 0.182708
  ...
# Subtest: close-ups: the lattice view looks down the filament axis
ok 10 - close-ups: the lattice view looks down the filament axis
  ---
  duration_ms: 0.139542
  ...
# Subtest: close-ups: the detail layer actually draws at each close-up view width
ok 11 - close-ups: the detail layer actually draws at each close-up view width
  ---
  duration_ms: 2839.89975
  ...
# Subtest: close-ups: the camera frustum actually contains drawn structure
ok 12 - close-ups: the camera frustum actually contains drawn structure
  ---
  duration_ms: 2854.289041
  ...
# Subtest: spec loads and validates cleanly
ok 13 - spec loads and validates cleanly
  ---
  duration_ms: 18.436
  ...
# Subtest: validation rejects a broken spec (dangling citation)
ok 14 - validation rejects a broken spec (dangling citation)
  ---
  duration_ms: 6.730208
  ...
# Subtest: validation rejects domain-total mismatch
ok 15 - validation rejects domain-total mismatch
  ---
  duration_ms: 6.853667
  ...
# Subtest: presets match the four spec keyframes
ok 16 - presets match the four spec keyframes
  ---
  duration_ms: 1.452709
  ...
# Subtest: geometry at a preset reproduces the keyframe exactly
ok 17 - geometry at a preset reproduces the keyframe exactly
  ---
  duration_ms: 35.729792
  ...
# Subtest: INVARIANT: thick filament length never changes across the SL range
ok 18 - INVARIANT: thick filament length never changes across the SL range
  ---
  duration_ms: 311.257
  ...
# Subtest: INVARIANT: titin extension confined to I-band (span == I-band half-width - Z-disc half-width)
ok 19 - INVARIANT: titin extension confined to I-band (span == I-band half-width - Z-disc half-width)
  ---
  duration_ms: 309.629917
  ...
# Subtest: INVARIANT: half-sarcomere = SL/2 and I-band = SL/2 - halfThick
ok 20 - INVARIANT: half-sarcomere = SL/2 and I-band = SL/2 - halfThick
  ---
  duration_ms: 216.36725
  ...
# Subtest: titin is NOT uniformly scaled: PEVK recruits nonlinearly vs prox_Ig
ok 21 - titin is NOT uniformly scaled: PEVK recruits nonlinearly vs prox_Ig
  ---
  duration_ms: 15.753292
  ...
# Subtest: lattice d10 follows constant-volume law: monotonic decrease with SL
ok 22 - lattice d10 follows constant-volume law: monotonic decrease with SL
  ---
  duration_ms: 14.576833
  ...
# Subtest: SL requests outside range are clamped and flagged
ok 23 - SL requests outside range are clamped and flagged
  ---
  duration_ms: 15.44725
  ...
# Subtest: provenance: PEVK render proxy is SCHEMATIC, span is MEASURED
ok 24 - provenance: PEVK render proxy is SCHEMATIC, span is MEASURED
  ---
  duration_ms: 0.182459
  ...
# Subtest: provenance: unknowns are explicit and non-empty
ok 25 - provenance: unknowns are explicit and non-empty
  ---
  duration_ms: 0.108125
  ...
# Subtest: forbidden rules surface to the UI layer
ok 26 - forbidden rules surface to the UI layer
  ---
  duration_ms: 0.232541
  ...
# Subtest: forParameter resolves by component ID and by human name
ok 27 - forParameter resolves by component ID and by human name
  ---
  duration_ms: 0.155292
  ...
# Subtest: forParameter miss returns found:false, NOT a fake UNKNOWN
ok 28 - forParameter miss returns found:false, NOT a fake UNKNOWN
  ---
  duration_ms: 0.126125
  ...
# Subtest: every geometry_sources parameter is resolvable via forParameter
ok 29 - every geometry_sources parameter is resolvable via forParameter
  ---
  duration_ms: 0.252292
  ...
# Subtest: _baseClass reduces all real evidence strings to one of the six declared classes
ok 30 - _baseClass reduces all real evidence strings to one of the six declared classes
  ---
  duration_ms: 0.184542
  ...
# Subtest: CONSISTENCY: engine-recomputed titin layout matches spec keyframe layout
ok 31 - CONSISTENCY: engine-recomputed titin layout matches spec keyframe layout
  ---
  duration_ms: 31.111917
  ...
# Subtest: PHASE3: geometry strategy loads and the model exposes a strategy layer
ok 32 - PHASE3: geometry strategy loads and the model exposes a strategy layer
  ---
  duration_ms: 0.153042
  ...
# Subtest: PHASE3: strategy covers every sarcomere component and titin region
ok 33 - PHASE3: strategy covers every sarcomere component and titin region
  ---
  duration_ms: 0.071291
  ...
# Subtest: PHASE3: every strategy primitive/assembly is drawn from the declared vocabulary
ok 34 - PHASE3: every strategy primitive/assembly is drawn from the declared vocabulary
  ---
  duration_ms: 0.071292
  ...
# Subtest: PHASE3: strategy validation fails loudly on an out-of-vocab primitive
ok 35 - PHASE3: strategy validation fails loudly on an out-of-vocab primitive
  ---
  duration_ms: 5.106458
  ...
# Subtest: PHASE3: scene descriptors — folded regions instance capsules, disordered regions are tubes
ok 36 - PHASE3: scene descriptors — folded regions instance capsules, disordered regions are tubes
  ---
  duration_ms: 14.853709
  ...
# Subtest: PHASE3: thick filament length is SL-invariant across the scene range
ok 37 - PHASE3: thick filament length is SL-invariant across the scene range
  ---
  duration_ms: 31.179375
  ...
# Subtest: PHASE3: verifyScene reports zero errors and the distal titin end meets the A-band tip
ok 38 - PHASE3: verifyScene reports zero errors and the distal titin end meets the A-band tip
  ---
  duration_ms: 61.587375
  ...
# Subtest: PHASE3: titin elastic span equals I-band half-width minus Z-disc half-width (confinement)
ok 39 - PHASE3: titin elastic span equals I-band half-width minus Z-disc half-width (confinement)
  ---
  duration_ms: 61.418208
  ...
# Subtest: PHASE3: geometric relationships resolve to real spec params and references
ok 40 - PHASE3: geometric relationships resolve to real spec params and references
  ---
  duration_ms: 0.092375
  ...
# Subtest: PHASE4: titin is ONE continuous polypeptide — no gaps between regions
ok 41 - PHASE4: titin is ONE continuous polypeptide — no gaps between regions
  ---
  duration_ms: 47.321792
  ...
# Subtest: PHASE4: N-terminus starts in the Z-disc, C-terminus reaches the M-line centre
ok 42 - PHASE4: N-terminus starts in the Z-disc, C-terminus reaches the M-line centre
  ---
  duration_ms: 30.98175
  ...
# Subtest: PHASE4: anchored titin spans exactly the half thick filament (SL-invariant)
ok 43 - PHASE4: anchored titin spans exactly the half thick filament (SL-invariant)
  ---
  duration_ms: 30.72475
  ...
# Subtest: PHASE4: domain instance counts match the spec exactly
ok 44 - PHASE4: domain instance counts match the spec exactly
  ---
  duration_ms: 16.390625
  ...
# Subtest: PHASE4: every instance carries the plan-mandated Level-1 fields
ok 45 - PHASE4: every instance carries the plan-mandated Level-1 fields
  ---
  duration_ms: 15.481375
  ...
# Subtest: PHASE4: FORBIDDEN — no folded domain is stretched beyond its folded length
ok 46 - PHASE4: FORBIDDEN — no folded domain is stretched beyond its folded length
  ---
  duration_ms: 323.278708
  ...
# Subtest: PHASE4: FORBIDDEN — disordered regions carry no folded-domain geometry
ok 47 - PHASE4: FORBIDDEN — disordered regions carry no folded-domain geometry
  ---
  duration_ms: 14.643125
  ...
# Subtest: PHASE4: folded archetypes are never deformed (scale stays 1)
ok 48 - PHASE4: folded archetypes are never deformed (scale stays 1)
  ---
  duration_ms: 17.470833
  ...
# Subtest: PHASE4: sequence positions tile each region without gaps or overlaps
ok 49 - PHASE4: sequence positions tile each region without gaps or overlaps
  ---
  duration_ms: 15.078084
  ...
# Subtest: PHASE4: A-band titin uses the source-context derived 11-domain interval
ok 50 - PHASE4: A-band titin uses the source-context derived 11-domain interval
  ---
  duration_ms: 14.642666
  ...
# Subtest: PHASE4: backbone must not claim to be a smooth tube
ok 51 - PHASE4: backbone must not claim to be a smooth tube
  ---
  duration_ms: 14.383875
  ...
# Subtest: PHASE4: Level 3 molecular structures never load in the browser
ok 52 - PHASE4: Level 3 molecular structures never load in the browser
  ---
  duration_ms: 0.058834
  ...
# Subtest: PHASE4/6: level-2 proxies are claimed only once measurements back them
ok 53 - PHASE4/6: level-2 proxies are claimed only once measurements back them
  ---
  duration_ms: 0.217209
  ...
# Subtest: PHASE4: representation verifies clean across the whole SL range
ok 54 - PHASE4: representation verifies clean across the whole SL range
  ---
  duration_ms: 318.538417
  ...
# Subtest: PHASE4: instance shape is uniform — no undefined fields anywhere
ok 55 - PHASE4: instance shape is uniform — no undefined fields anywhere
  ---
  duration_ms: 21.707834
  ...
# Subtest: PHASE4: EVIDENCE — placement is tracked separately and never overclaimed
ok 56 - PHASE4: EVIDENCE — placement is tracked separately and never overclaimed
  ---
  duration_ms: 15.689833
  ...
# Subtest: PHASE4: EVIDENCE — only the C-zone may claim MEASURED placement
ok 57 - PHASE4: EVIDENCE — only the C-zone may claim MEASURED placement
  ---
  duration_ms: 14.917875
  ...
# Subtest: PHASE4: disordered regions declare rise/linker INAPPLICABLE, not zero
ok 58 - PHASE4: disordered regions declare rise/linker INAPPLICABLE, not zero
  ---
  duration_ms: 14.535833
  ...
# Subtest: PHASE4: every instance source resolves to a reference or UniProt accession
ok 59 - PHASE4: every instance source resolves to a reference or UniProt accession
  ---
  duration_ms: 14.672375
  ...
# Subtest: PHASE4: domain_class values stay inside the exported vocabulary
ok 60 - PHASE4: domain_class values stay inside the exported vocabulary
  ---
  duration_ms: 14.581166
  ...
# Subtest: PHASE4: A-band titin geometry is SL-invariant (bound, translates only)
ok 61 - PHASE4: A-band titin geometry is SL-invariant (bound, translates only)
  ---
  duration_ms: 47.362458
  ...
# Subtest: PHASE4: excluding the A-band drops exactly the bound super-repeat domains
ok 62 - PHASE4: excluding the A-band drops exactly the bound super-repeat domains
  ---
  duration_ms: 29.119708
  ...
# Subtest: PHASE4: fold class and mechanical role are separate axes
ok 63 - PHASE4: fold class and mechanical role are separate axes
  ---
  duration_ms: 14.625292
  ...
# Subtest: PHASE4: plan Level-0 backbone spans the half-sarcomere Z-disc -> M-line
ok 64 - PHASE4: plan Level-0 backbone spans the half-sarcomere Z-disc -> M-line
  ---
  duration_ms: 16.590917
  ...
# Subtest: PHASE5: instances collapse to one draw call per archetype
ok 65 - PHASE5: instances collapse to one draw call per archetype
  ---
  duration_ms: 15.452167
  ...
# Subtest: PHASE5: archetype matches the domain fold class (Fn3 is not drawn as Ig)
ok 66 - PHASE5: archetype matches the domain fold class (Fn3 is not drawn as Ig)
  ---
  duration_ms: 14.716209
  ...
# Subtest: PHASE5: archetype is instanced, never deformed
ok 67 - PHASE5: archetype is instanced, never deformed
  ---
  duration_ms: 15.048875
  ...
# Subtest: PHASE5: every batch names a real representative experimental structure
ok 68 - PHASE5: every batch names a real representative experimental structure
  ---
  duration_ms: 15.072792
  ...
# Subtest: PHASE5: disordered regions are never instanced as folded primitives
ok 69 - PHASE5: disordered regions are never instanced as folded primitives
  ---
  duration_ms: 16.384417
  ...
# Subtest: PHASE5: azimuth alternates so the chain stays connected and on axis
ok 70 - PHASE5: azimuth alternates so the chain stays connected and on axis
  ---
  duration_ms: 15.654625
  ...
# Subtest: PHASE5: chain continuity — every folded-domain junction fits its linker budget
ok 71 - PHASE5: chain continuity — every folded-domain junction fits its linker budget
  ---
  duration_ms: 144.808416
  ...
# Subtest: PHASE5: A-band D-zone joins the measured C-zone without a seam
ok 72 - PHASE5: A-band D-zone joins the measured C-zone without a seam
  ---
  duration_ms: 15.278333
  ...
# Subtest: PHASE5: instancing adds no geometry — positions match Level 1 exactly
ok 73 - PHASE5: instancing adds no geometry — positions match Level 1 exactly
  ---
  duration_ms: 29.758209
  ...
# Subtest: PHASE5: azimuth alternation is checked PER REGION, not per batch
ok 74 - PHASE5: azimuth alternation is checked PER REGION, not per batch
  ---
  duration_ms: 15.072459
  ...
# Subtest: PHASE5: every declared domain is instanced or documented as undepicted
ok 75 - PHASE5: every declared domain is instanced or documented as undepicted
  ---
  duration_ms: 32.647166
  ...
# Subtest: PHASE5: N2A depicts its declared Ig in series with the mixed-structure UN2A envelope
ok 76 - PHASE5: N2A depicts its declared Ig in series with the mixed-structure UN2A envelope
  ---
  duration_ms: 43.949833
  ...
# Subtest: PHASE6: level 2 exposes measured proxies for every archetype class
ok 77 - PHASE6: level 2 exposes measured proxies for every archetype class
  ---
  duration_ms: 15.83875
  ...
# Subtest: PHASE6: every fitted primitive is a faithful envelope (>=95% heavy atoms)
ok 78 - PHASE6: every fitted primitive is a faithful envelope (>=95% heavy atoms)
  ---
  duration_ms: 5.485959
  ...
# Subtest: PHASE6: proxy guards pass on the committed spec
ok 79 - PHASE6: proxy guards pass on the committed spec
  ---
  duration_ms: 6.810208
  ...
# Subtest: PHASE6: Ig/Fn3 axial length remains the literature value, not the measurement
ok 80 - PHASE6: Ig/Fn3 axial length remains the literature value, not the measurement
  ---
  duration_ms: 5.618333
  ...
# Subtest: PHASE6: Ig and Fn3 still share one axial length (Phase-5 invariant)
ok 81 - PHASE6: Ig and Fn3 still share one axial length (Phase-5 invariant)
  ---
  duration_ms: 5.006792
  ...
# Subtest: PHASE6: measured lateral diameters differ per class and are not the placeholder
ok 82 - PHASE6: measured lateral diameters differ per class and are not the placeholder
  ---
  duration_ms: 6.146834
  ...
# Subtest: PHASE6: kinase claims measured SIZE but explicitly not orientation
ok 83 - PHASE6: kinase claims measured SIZE but explicitly not orientation
  ---
  duration_ms: 4.900875
  ...
# Subtest: PHASE6: kinase instances no longer emit a null folded length
ok 84 - PHASE6: kinase instances no longer emit a null folded length
  ---
  duration_ms: 21.614916
  ...
# Subtest: PHASE6: adopting measurements did not move any domain coordinate
ok 85 - PHASE6: adopting measurements did not move any domain coordinate
  ---
  duration_ms: 84.36375
  ...
# Subtest: PHASE6: no mesh assets are claimed for level 2
ok 86 - PHASE6: no mesh assets are claimed for level 2
  ---
  duration_ms: 5.231167
  ...
# Subtest: PHASE6-REVIEW: interaction geometry between consecutive domains exists
ok 87 - PHASE6-REVIEW: interaction geometry between consecutive domains exists
  ---
  duration_ms: 4.7905
  ...
# Subtest: PHASE6-REVIEW: flexible-linker twist is never adopted as a coordinate
ok 88 - PHASE6-REVIEW: flexible-linker twist is never adopted as a coordinate
  ---
  duration_ms: 4.8695
  ...
# Subtest: PHASE6-REVIEW: measurement excludes a constant azimuth
ok 89 - PHASE6-REVIEW: measurement excludes a constant azimuth
  ---
  duration_ms: 5.747292
  ...
# Subtest: PHASE6-REVIEW: adopting interdomain twist as coordinates fails verify()
ok 90 - PHASE6-REVIEW: adopting interdomain twist as coordinates fails verify()
  ---
  duration_ms: 5.008208
  ...
# Subtest: PHASE6-REVIEW: upgrading the azimuth policy past SCHEMATIC fails verify()
ok 91 - PHASE6-REVIEW: upgrading the azimuth policy past SCHEMATIC fails verify()
  ---
  duration_ms: 4.822708
  ...
# Subtest: PHASE6-REVIEW: interdomain evidence moves no coordinate
ok 92 - PHASE6-REVIEW: interdomain evidence moves no coordinate
  ---
  duration_ms: 81.675958
  ...
# Subtest: PHASE6-REVIEW: in-situ cross-check corroborates the retained literature value
ok 93 - PHASE6-REVIEW: in-situ cross-check corroborates the retained literature value
  ---
  duration_ms: 5.524
  ...
# Subtest: PHASE6-REVIEW: the 6.4 A in-situ entry never carries an angle
ok 94 - PHASE6-REVIEW: the 6.4 A in-situ entry never carries an angle
  ---
  duration_ms: 4.771709
  ...
# Subtest: PHASE6-REVIEW: giving the in-situ entry a twist fails verify()
ok 95 - PHASE6-REVIEW: giving the in-situ entry a twist fails verify()
  ---
  duration_ms: 4.984417
  ...
# Subtest: MVP rendered notes describe local, patch and isolated builds without adopting diagnostic copy counts
ok 96 - MVP rendered notes describe local, patch and isolated builds without adopting diagnostic copy counts
  ---
  duration_ms: 258.940917
  ...
# Subtest: PHASE10: the supported experience exposes every plan-named capability
ok 97 - PHASE10: the supported experience exposes every plan-named capability
  ---
  duration_ms: 1.4025
  ...
# Subtest: PHASE10: region tubes use exactly the canonical Level-0 boundaries
ok 98 - PHASE10: region tubes use exactly the canonical Level-0 boundaries
  ---
  duration_ms: 125.085125
  ...
# Subtest: PHASE10: highlighting changes selection colour only — never geometry or evidence opacity
ok 99 - PHASE10: highlighting changes selection colour only — never geometry or evidence opacity
  ---
  duration_ms: 81.789458
  ...
# Subtest: PHASE10: disordered regions highlight through the path without fake folded domains
ok 100 - PHASE10: disordered regions highlight through the path without fake folded domains
  ---
  duration_ms: 79.381792
  ...
# Subtest: PHASE10: the biological facade focuses the canonical region span
ok 101 - PHASE10: the biological facade focuses the canonical region span
  ---
  duration_ms: 251.297792
  ...
# Subtest: PHASE10: component visibility synchronizes the public state report
ok 102 - PHASE10: component visibility synchronizes the public state report
  ---
  duration_ms: 73.873
  ...
# Subtest: PHASE10: structural annotations register without detached marker geometry
ok 103 - PHASE10: structural annotations register without detached marker geometry
  ---
  duration_ms: 75.39775
  ...
# Subtest: PHASE10: zoom-driven rebuilds can refresh the public readout
ok 104 - PHASE10: zoom-driven rebuilds can refresh the public readout
  ---
  duration_ms: 0.197
  ...
# Subtest: PHASE10: camera easing is bounded, symmetric, monotone, and terminates exactly
ok 105 - PHASE10: camera easing is bounded, symmetric, monotone, and terminates exactly
  ---
  duration_ms: 0.609959
  ...
# Subtest: PHASE10: reduced-motion preference makes navigation immediate
ok 106 - PHASE10: reduced-motion preference makes navigation immediate
  ---
  duration_ms: 0.186292
  ...
# Subtest: PHASE10: detail framing excludes hidden context geometry
ok 107 - PHASE10: detail framing excludes hidden context geometry
  ---
  duration_ms: 0.416375
  ...
# Subtest: PHASE10: the page wires smooth scale/region navigation and accessible controls
ok 108 - PHASE10: the page wires smooth scale/region navigation and accessible controls
  ---
  duration_ms: 0.774917
  ...
# Subtest: PHASE10: an unlaid-out container cannot poison the camera aspect
ok 109 - PHASE10: an unlaid-out container cannot poison the camera aspect
  ---
  duration_ms: 0.087125
  ...
# Subtest: PHASE10: span framing refuses to write a non-finite camera position
ok 110 - PHASE10: span framing refuses to write a non-finite camera position
  ---
  duration_ms: 0.236875
  ...
# Subtest: PHASE10: a resize recovers a camera left non-finite by a zero-sized first layout
ok 111 - PHASE10: a resize recovers a camera left non-finite by a zero-sized first layout
  ---
  duration_ms: 0.422125
  ...
# Subtest: PHASE7: hexagonal identities hold at every state
ok 112 - PHASE7: hexagonal identities hold at every state
  ---
  duration_ms: 0.690625
  ...
# Subtest: PHASE7: patch thick-filament count matches 1+3N(N+1)
ok 113 - PHASE7: patch thick-filament count matches 1+3N(N+1)
  ---
  duration_ms: 1.744542
  ...
# Subtest: PHASE7: every thin filament sits exactly at a trigonal point
ok 114 - PHASE7: every thin filament sits exactly at a trigonal point
  ---
  duration_ms: 0.558333
  ...
# Subtest: PHASE7: nearest thick-thick distance equals the lattice constant
ok 115 - PHASE7: nearest thick-thick distance equals the lattice constant
  ---
  duration_ms: 0.223375
  ...
# Subtest: PHASE7: 1 thick : 2 thin stoichiometry emerges as the patch grows
ok 116 - PHASE7: 1 thick : 2 thin stoichiometry emerges as the patch grows
  ---
  duration_ms: 1.824709
  ...
# Subtest: PHASE7: spec lattice triple is recovered at its own reference SL
ok 117 - PHASE7: spec lattice triple is recovered at its own reference SL
  ---
  duration_ms: 0.095667
  ...
# Subtest: PHASE7: surface separation is derived from the live lattice and declared radii
ok 118 - PHASE7: surface separation is derived from the live lattice and declared radii
  ---
  duration_ms: 0.087833
  ...
# Subtest: PHASE7: filaments never interpenetrate over the supported range
ok 119 - PHASE7: filaments never interpenetrate over the supported range
  ---
  duration_ms: 0.081333
  ...
# Subtest: PHASE7: lattice is evaluated at the same clamped SL as the axial layer
ok 120 - PHASE7: lattice is evaluated at the same clamped SL as the axial layer
  ---
  duration_ms: 23.36325
  ...
# Subtest: PHASE7: calculator-calibrated absolute d10 is MODELED, not mislabelled MEASURED
ok 121 - PHASE7: calculator-calibrated absolute d10 is MODELED, not mislabelled MEASURED
  ---
  duration_ms: 0.253875
  ...
# Subtest: PHASE7: titin strand count equals the MEASURED copy number
ok 122 - PHASE7: titin strand count equals the MEASURED copy number
  ---
  duration_ms: 0.138458
  ...
# Subtest: PHASE7: strand offsets are six-fold symmetric on the filament surface
ok 123 - PHASE7: strand offsets are six-fold symmetric on the filament surface
  ---
  duration_ms: 0.177459
  ...
# Subtest: PHASE7: the azimuthal arrangement is never claimed above SCHEMATIC
ok 124 - PHASE7: the azimuthal arrangement is never claimed above SCHEMATIC
  ---
  duration_ms: 0.093083
  ...
# Subtest: PHASE7: a spec/renderer divergence is declared, never silent
ok 125 - PHASE7: a spec/renderer divergence is declared, never silent
  ---
  duration_ms: 0.149292
  ...
# Subtest: PHASE7: the declared divergence magnitudes match the measured arrangement
ok 126 - PHASE7: the declared divergence magnitudes match the measured arrangement
  ---
  duration_ms: 1.449458
  ...
# Subtest: PHASE7: latticePatch rejects an invalid ring count
ok 127 - PHASE7: latticePatch rejects an invalid ring count
  ---
  duration_ms: 0.318167
  ...
# Subtest: PHASE7: the lattice layer is opt-in and does not perturb the axial scene
ok 128 - PHASE7: the lattice layer is opt-in and does not perturb the axial scene
  ---
  duration_ms: 30.092125
  ...
# Subtest: PHASE7: verifyScene passes with the lattice at every state
ok 129 - PHASE7: verifyScene passes with the lattice at every state
  ---
  duration_ms: 62.786166
  ...
# Subtest: PHASE7: scene uses the primitive vocabulary the plan specifies
ok 130 - PHASE7: scene uses the primitive vocabulary the plan specifies
  ---
  duration_ms: 84.1085
  ...
# Subtest: PHASE7: filament meshes match their descriptor extents exactly
ok 131 - PHASE7: filament meshes match their descriptor extents exactly
  ---
  duration_ms: 52.735667
  ...
# Subtest: PHASE7: shared components are drawn once, half-scoped components twice
ok 132 - PHASE7: shared components are drawn once, half-scoped components twice
  ---
  duration_ms: 52.353583
  ...
# Subtest: PHASE7: the mirror preserves handedness (no inside-out geometry)
ok 133 - PHASE7: the mirror preserves handedness (no inside-out geometry)
  ---
  duration_ms: 52.271542
  ...
# Subtest: PHASE7: full repeating unit spans one sarcomere length
ok 134 - PHASE7: full repeating unit spans one sarcomere length
  ---
  duration_ms: 160.173125
  ...
# Subtest: PHASE7: titin halves meet at the M-line without crossing it
ok 135 - PHASE7: titin halves meet at the M-line without crossing it
  ---
  duration_ms: 152.231667
  ...
# Subtest: PHASE7: thin-filament double overlap is reported below SL~2150
ok 136 - PHASE7: thin-filament double overlap is reported below SL~2150
  ---
  duration_ms: 128.227625
  ...
# Subtest: PHASE7: the manifest declares what the render does not claim
ok 137 - PHASE7: the manifest declares what the render does not claim
  ---
  duration_ms: 50.346
  ...
# Subtest: PHASE7: weaker evidence renders more transparent, monotonically
ok 138 - PHASE7: weaker evidence renders more transparent, monotonically
  ---
  duration_ms: 0.087208
  ...
# Subtest: PHASE7: repeated domains are drawn as InstancedMesh, one batch per archetype
ok 139 - PHASE7: repeated domains are drawn as InstancedMesh, one batch per archetype
  ---
  duration_ms: 70.515083
  ...
# Subtest: PHASE7: archetype primitives reproduce their descriptor dimensions
ok 140 - PHASE7: archetype primitives reproduce their descriptor dimensions
  ---
  duration_ms: 15.372875
  ...
# Subtest: PHASE7: an unknown archetype primitive is refused, not guessed at
ok 141 - PHASE7: an unknown archetype primitive is refused, not guessed at
  ---
  duration_ms: 0.101625
  ...
# Subtest: PHASE7: every domain instance sits at its descriptor position
ok 142 - PHASE7: every domain instance sits at its descriptor position
  ---
  duration_ms: 67.369375
  ...
# Subtest: PHASE7: renderer consumes full tilt azimuth, not only tilt magnitude
ok 143 - PHASE7: renderer consumes full tilt azimuth, not only tilt magnitude
  ---
  duration_ms: 66.613666
  ...
# Subtest: PHASE7: the three chain-envelope records remain outside folded-domain batches
ok 144 - PHASE7: the three chain-envelope records remain outside folded-domain batches
  ---
  duration_ms: 29.880584
  ...
# Subtest: PHASE7: a batch renders the weakest evidence among its members
ok 145 - PHASE7: a batch renders the weakest evidence among its members
  ---
  duration_ms: 0.083792
  ...
# Subtest: PHASE7: domain detail is opt-in and defaults to the central strand
ok 146 - PHASE7: domain detail is opt-in and defaults to the central strand
  ---
  duration_ms: 103.6355
  ...
# Subtest: PHASE7: every lattice site is actually drawn, at every ring count
ok 147 - PHASE7: every lattice site is actually drawn, at every ring count
  ---
  duration_ms: 159.451167
  ...
# Subtest: PHASE7: a degenerate lattice is refused rather than miscounted
ok 148 - PHASE7: a degenerate lattice is refused rather than miscounted
  ---
  duration_ms: 29.097708
  ...
# Subtest: PHASE7: model.contextSceneAt adds the lattice; sceneAt still does not
ok 149 - PHASE7: model.contextSceneAt adds the lattice; sceneAt still does not
  ---
  duration_ms: 87.26775
  ...
# Subtest: PHASE7: domains render at their own evidence class, not the batch minimum
ok 150 - PHASE7: domains render at their own evidence class, not the batch minimum
  ---
  duration_ms: 67.146833
  ...
# Subtest: PHASE7: one geometry per archetype is shared across its evidence classes
ok 151 - PHASE7: one geometry per archetype is shared across its evidence classes
  ---
  duration_ms: 68.233708
  ...
# Subtest: PHASE7: a shared geometry is disposed exactly once
ok 152 - PHASE7: a shared geometry is disposed exactly once
  ---
  duration_ms: 67.578875
  ...
# Subtest: PHASE7: the instanced-mesh inventory matches the built tree
ok 153 - PHASE7: the instanced-mesh inventory matches the built tree
  ---
  duration_ms: 67.822542
  ...
# Subtest: PHASE7: mirrored InstancedMesh batches keep their instance matrices
ok 154 - PHASE7: mirrored InstancedMesh batches keep their instance matrices
  ---
  duration_ms: 74.256791
  ...
# Subtest: PHASE7: every state the user can reach builds and verifies
ok 155 - PHASE7: every state the user can reach builds and verifies
  ---
  duration_ms: 6988.036833
  ...
# Subtest: PHASE7: every manifest evidence value maps to a known style
ok 156 - PHASE7: every manifest evidence value maps to a known style
  ---
  duration_ms: 66.069167
  ...
# Subtest: PHASE7: camera presets are directions, so they hold at any length
ok 157 - PHASE7: camera presets are directions, so they hold at any length
  ---
  duration_ms: 0.095458
  ...
# Subtest: PHASE7: clear() releases every GPU resource it allocated
ok 158 - PHASE7: clear() releases every GPU resource it allocated
  ---
  duration_ms: 50.512583
  ...
# Subtest: PHASE7: build() is idempotent — rebuilding does not accumulate meshes
ok 159 - PHASE7: build() is idempotent — rebuilding does not accumulate meshes
  ---
  duration_ms: 86.117625
  ...
# Subtest: PHASE7: trigonal site count is exactly 6*rings^2 at every ring count
ok 160 - PHASE7: trigonal site count is exactly 6*rings^2 at every ring count
  ---
  duration_ms: 0.665542
  ...
# Subtest: PHASE7: both site sets carry the 6-fold symmetry of the lattice
ok 161 - PHASE7: both site sets carry the 6-fold symmetry of the lattice
  ---
  duration_ms: 0.800166
  ...
# Subtest: PHASE7: trigonal sites are the centroids of complete lattice triangles
ok 162 - PHASE7: trigonal sites are the centroids of complete lattice triangles
  ---
  duration_ms: 0.884875
  ...
# Subtest: PHASE7: every drawn filament occupies a declared lattice site
ok 163 - PHASE7: every drawn filament occupies a declared lattice site
  ---
  duration_ms: 151.477125
  ...
# Subtest: PHASE7: an out-of-range SL request is reported as clamped
ok 164 - PHASE7: an out-of-range SL request is reported as clamped
  ---
  duration_ms: 7.72575
  ...
# Subtest: PHASE7: an in-range SL request is not reported as clamped
ok 165 - PHASE7: an in-range SL request is not reported as clamped
  ---
  duration_ms: 19.4325
  ...
# Subtest: PHASE7: clamping changes provenance only, never the geometry
ok 166 - PHASE7: clamping changes provenance only, never the geometry
  ---
  duration_ms: 9.720792
  ...
# Subtest: PHASE7: the axial and transverse layers agree on the evaluated SL
ok 167 - PHASE7: the axial and transverse layers agree on the evaluated SL
  ---
  duration_ms: 19.159167
  ...
# Subtest: kT at the sourced temperature is 4.14 pN nm
ok 168 - kT at the sourced temperature is 4.14 pN nm
  ---
  duration_ms: 0.610958
  ...
# Subtest: reproduces the PEVK force-extension datapoints its source reports
ok 169 - reproduces the PEVK force-extension datapoints its source reports
  ---
  duration_ms: 0.07125
  ...
# Subtest: independently confirms the source's own stated validity boundary
ok 170 - independently confirms the source's own stated validity boundary
  ---
  duration_ms: 0.057583
  ...
# Subtest: poly-Ig entropic fit limit of ~35 pN sits below, not past, its contour
ok 171 - poly-Ig entropic fit limit of ~35 pN sits below, not past, its contour
  ---
  duration_ms: 0.125
  ...
# Subtest: g is strictly increasing, so its bisection inverse cannot pick a branch
ok 172 - g is strictly increasing, so its bisection inverse cannot pick a branch
  ---
  duration_ms: 0.309541
  ...
# Subtest: gInverse round-trips g to double precision
ok 173 - gInverse round-trips g to double precision
  ---
  duration_ms: 0.136
  ...
# Subtest: pure-entropic WLC never reaches its contour length
ok 174 - pure-entropic WLC never reaches its contour length
  ---
  duration_ms: 0.112875
  ...
# Subtest: extensible WLC has no contour ceiling — the enthalpic term is real strain
ok 175 - extensible WLC has no contour ceiling — the enthalpic term is real strain
  ---
  duration_ms: 0.067959
  ...
# Subtest: every region extension is monotone increasing in force
ok 176 - every region extension is monotone increasing in force
  ---
  duration_ms: 0.4555
  ...
# Subtest: chain length is CONTINUOUS in force — no branch-switch discontinuity
ok 177 - chain length is CONTINUOUS in force — no branch-switch discontinuity
  ---
  duration_ms: 93.912375
  ...
# Subtest: recruitment order is DERIVED, not asserted: compliance migrates Ig -> PEVK
ok 178 - recruitment order is DERIVED, not asserted: compliance migrates Ig -> PEVK
  ---
  duration_ms: 4.951167
  ...
# Subtest: A-band titin bears the chain force but does NOT extend
ok 179 - A-band titin bears the chain force but does NOT extend
  ---
  duration_ms: 0.36275
  ...
# Subtest: force partition preserves the I-band total exactly
ok 180 - force partition preserves the I-band total exactly
  ---
  duration_ms: 4.855167
  ...
# Subtest: partition is labelled MODELED, a defined class ranking below STRONGLY INFERRED
ok 181 - partition is labelled MODELED, a defined class ranking below STRONGLY INFERRED
  ---
  duration_ms: 1.438834
  ...
# Subtest: the weakest-link lattice places MODELED at its documented rung
ok 182 - the weakest-link lattice places MODELED at its documented rung
  ---
  duration_ms: 0.460334
  ...
# Subtest: development diagnostic force rises monotonically with sarcomere length
ok 183 - development diagnostic force rises monotonically with sarcomere length
  ---
  duration_ms: 4.6825
  ...
# Subtest: development diagnostic stays below the omitted unfolding regime in the working band
ok 184 - development diagnostic stays below the omitted unfolding regime in the working band
  ---
  duration_ms: 3.524125
  ...
# Subtest: audit reports unreachable values as null, never as a huge force
ok 185 - audit reports unreachable values as null, never as a huge force
  ---
  duration_ms: 5.176333
  ...
# Subtest: N2A can never be shorter than the folded Ig domain it contains
ok 186 - N2A can never be shorter than the folded Ig domain it contains
  ---
  duration_ms: 0.092334
  ...
# Subtest: every keyframe partition is now mechanically realisable and monotone
ok 187 - every keyframe partition is now mechanically realisable and monotone
  ---
  duration_ms: 4.910875
  ...
# Subtest: the audit detects a mechanically inconsistent partition
ok 188 - the audit detects a mechanically inconsistent partition
  ---
  duration_ms: 3.667833
  ...
# Subtest: JS port agrees with Python on the configured dense grid and regime boundaries
ok 189 - JS port agrees with Python on the configured dense grid and regime boundaries
  ---
  duration_ms: 34769.108667
  ...
# Subtest: contour lengths come from the spec, so they cannot drift
ok 190 - contour lengths come from the spec, so they cannot drift
  ---
  duration_ms: 0.168375
  ...
# Subtest: mechanical mode is the default — live geometry is force-balanced
ok 191 - mechanical mode is the default — live geometry is force-balanced
  ---
  duration_ms: 14.948667
  ...
# Subtest: every geometry declares which route produced its titin partition
ok 192 - every geometry declares which route produced its titin partition
  ---
  duration_ms: 14.487167
  ...
# Subtest: an unknown partition mode throws rather than falling back silently
ok 193 - an unknown partition mode throws rather than falling back silently
  ---
  duration_ms: 0.236916
  ...
# Subtest: the partition mode cannot move filaments, overlap, M-line or lattice
ok 194 - the partition mode cannot move filaments, overlap, M-line or lattice
  ---
  duration_ms: 46.522791
  ...
# Subtest: mechanical mode lays titin regions end-to-end with no gap or overlap
ok 195 - mechanical mode lays titin regions end-to-end with no gap or overlap
  ---
  duration_ms: 30.64125
  ...
# Subtest: mechanical mode is continuous in SL — no keyframe seams
ok 196 - mechanical mode is continuous in SL — no keyframe seams
  ---
  duration_ms: 112.55
  ...
# Subtest: PHASE9: every API name the plan specifies is exported and callable
ok 197 - PHASE9: every API name the plan specifies is exported and callable
  ---
  duration_ms: 0.665791
  ...
# Subtest: PHASE9: createSarcomere returns verified geometry, not a bare mesh spec
ok 198 - PHASE9: createSarcomere returns verified geometry, not a bare mesh spec
  ---
  duration_ms: 35.687125
  ...
# Subtest: PHASE9: the API passes model numbers through unchanged (no re-derivation)
ok 199 - PHASE9: the API passes model numbers through unchanged (no re-derivation)
  ---
  duration_ms: 28.471709
  ...
# Subtest: PHASE9: headless biological queries reject out-of-range lengths instead of mislabelling clamps
ok 200 - PHASE9: headless biological queries reject out-of-range lengths instead of mislabelling clamps
  ---
  duration_ms: 0.399875
  ...
# Subtest: PHASE9: placeDomainsAlongPath refuses explicit uniform-spacing arguments
ok 201 - PHASE9: placeDomainsAlongPath refuses explicit uniform-spacing arguments
  ---
  duration_ms: 15.311
  ...
# Subtest: PHASE9: placeDomainsAlongPath refuses a rescaled path
ok 202 - PHASE9: placeDomainsAlongPath refuses a rescaled path
  ---
  duration_ms: 28.912583
  ...
# Subtest: PHASE9: placeDomainsAlongPath refuses an even redistribution that preserves the total
ok 203 - PHASE9: placeDomainsAlongPath refuses an even redistribution that preserves the total
  ---
  duration_ms: 29.231333
  ...
# Subtest: PHASE9: the fidelity gate is not merely strict — sub-tolerance noise passes
ok 204 - PHASE9: the fidelity gate is not merely strict — sub-tolerance noise passes
  ---
  duration_ms: 45.511959
  ...
# Subtest: PHASE9: path fidelity requires complete ordered segments and actual control points
ok 205 - PHASE9: path fidelity requires complete ordered segments and actual control points
  ---
  duration_ms: 58.274666
  ...
# Subtest: PHASE9: path placement rejects invalid and unknown options even when false or zero
ok 206 - PHASE9: path placement rejects invalid and unknown options even when false or zero
  ---
  duration_ms: 14.577292
  ...
# Subtest: PHASE9: region extension stays non-uniform across the modelled range
ok 207 - PHASE9: region extension stays non-uniform across the modelled range
  ---
  duration_ms: 9.274625
  ...
# Subtest: PHASE9: defined keyframes are never labelled interpolated
ok 208 - PHASE9: defined keyframes are never labelled interpolated
  ---
  duration_ms: 0.13025
  ...
# Subtest: PHASE9: every non-keyframe length carries a caveat naming its bracketing states
ok 209 - PHASE9: every non-keyframe length carries a caveat naming its bracketing states
  ---
  duration_ms: 0.215375
  ...
# Subtest: PHASE9: describeLength refuses a non-finite length
ok 210 - PHASE9: describeLength refuses a non-finite length
  ---
  duration_ms: 0.144584
  ...
# Subtest: PHASE9: an explicit length and a named state together are refused
ok 211 - PHASE9: an explicit length and a named state together are refused
  ---
  duration_ms: 0.082166
  ...
# Subtest: PHASE9: an unknown structural state names the states that exist
ok 212 - PHASE9: an unknown structural state names the states that exist
  ---
  duration_ms: 0.143958
  ...
# Subtest: PHASE9: placeDomainsAlongPath refuses a path with no provenance
ok 213 - PHASE9: placeDomainsAlongPath refuses a path with no provenance
  ---
  duration_ms: 0.096
  ...
# Subtest: PHASE9: domain-to-region attribution prefers the longest matching id
ok 214 - PHASE9: domain-to-region attribution prefers the longest matching id
  ---
  duration_ms: 15.449959
  ...
# Subtest: PHASE9: every built object is owned by exactly one component
ok 215 - PHASE9: every built object is owned by exactly one component
  ---
  duration_ms: 261.820584
  ...
# Subtest: PHASE9: hiding filaments does not move titin
ok 216 - PHASE9: hiding filaments does not move titin
  ---
  duration_ms: 70.353916
  ...
# Subtest: PHASE9: the detail view hides all non-titin structure and keeps titin
ok 217 - PHASE9: the detail view hides all non-titin structure and keeps titin
  ---
  duration_ms: 223.319292
  ...
# Subtest: PHASE9: an unknown component name is refused, not ignored
ok 218 - PHASE9: an unknown component name is refused, not ignored
  ---
  duration_ms: 53.605375
  ...
# Subtest: PHASE9: setComponentVisibility before build is refused
ok 219 - PHASE9: setComponentVisibility before build is refused
  ---
  duration_ms: 0.11125
  ...
# Subtest: PHASE9: the two scales the plan names are the two scales offered
ok 220 - PHASE9: the two scales the plan names are the two scales offered
  ---
  duration_ms: 0.058209
  ...
# Subtest: PHASE9: DETAIL_HIDDEN names only real components and never hides titin
ok 221 - PHASE9: DETAIL_HIDDEN names only real components and never hides titin
  ---
  duration_ms: 0.067
  ...
# Subtest: PHASE9: detail scale invariants cannot be overridden through build options
ok 222 - PHASE9: detail scale invariants cannot be overridden through build options
  ---
  duration_ms: 0.078375
  ...
# Subtest: PHASE9: a user visibility preference cannot leak filaments into detail scale
ok 223 - PHASE9: a user visibility preference cannot leak filaments into detail scale
  ---
  duration_ms: 51.415708
  ...
# Subtest: PHASE9: annotations carry anchors, evidence, and resolved sources without detached markers
ok 224 - PHASE9: annotations carry anchors, evidence, and resolved sources without detached markers
  ---
  duration_ms: 282.187959
  ...
# Subtest: PHASE9: the page source consumes the biological visualization facade
ok 225 - PHASE9: the page source consumes the biological visualization facade
  ---
  duration_ms: 0.34075
  ...
# Subtest: PHASE9: the page source visibly consumes the interpolation caveat
ok 226 - PHASE9: the page source visibly consumes the interpolation caveat
  ---
  duration_ms: 0.343333
  ...
# Subtest: PHASE9: isolated-titin scale cannot retain a context-only close-up claim
ok 227 - PHASE9: isolated-titin scale cannot retain a context-only close-up claim
  ---
  duration_ms: 0.697584
  ...
# Subtest: PHASE9: the page source imports the evidence vocabulary instead of restating it
ok 228 - PHASE9: the page source imports the evidence vocabulary instead of restating it
  ---
  duration_ms: 0.30525
  ...
# Subtest: PHASE9: all seven plan-named API entry points exist
ok 229 - PHASE9: all seven plan-named API entry points exist
  ---
  duration_ms: 0.171042
  ...
# Subtest: PHASE9: the page reports boot failure visibly, not only to the console
ok 230 - PHASE9: the page reports boot failure visibly, not only to the console
  ---
  duration_ms: 0.586333
  ...
# Subtest: PHASE9: package.json documents how to serve the page
ok 231 - PHASE9: package.json documents how to serve the page
  ---
  duration_ms: 0.307292
  ...
# Subtest: PHASE9: the boot diagnostic fires on failure and stays silent on success
ok 232 - PHASE9: the boot diagnostic fires on failure and stays silent on success
  ---
  duration_ms: 0.541125
  ...
# Subtest: PHASE9: describeLength explains the options-object mistake instead of printing [object Object]
ok 233 - PHASE9: describeLength explains the options-object mistake instead of printing [object Object]
  ---
  duration_ms: 0.121458
  ...
# Subtest: SC1: presentation.json is required and cross-file validated at runtime
ok 234 - SC1: presentation.json is required and cross-file validated at runtime
  ---
  duration_ms: 0.910041
  ...
# Subtest: SC1: every supported public URL state round-trips exactly
ok 235 - SC1: every supported public URL state round-trips exactly
  ---
  duration_ms: 0.975125
  ...
# Subtest: SC1: bad URL fields fail visibly and use documented defaults
ok 236 - SC1: bad URL fields fail visibly and use documented defaults
  ---
  duration_ms: 0.421167
  ...
# Subtest: SC1: public facade reports audience/story/selection without adding activation
ok 237 - SC1: public facade reports audience/story/selection without adding activation
  ---
  duration_ms: 0.4055
  ...
# Subtest: SC1/SC27A: Tour owns contextual mechanics and Research owns the raw inspector
ok 238 - SC1/SC27A: Tour owns contextual mechanics and Research owns the raw inspector
  ---
  duration_ms: 1.3645
  ...
# Subtest: SC1: length presets distinguish geometry, activation, and working-range status
ok 239 - SC1: length presets distinguish geometry, activation, and working-range status
  ---
  duration_ms: 0.450667
  ...
# Subtest: SC1: runtime validation rejects a presentation target that does not exist
ok 240 - SC1: runtime validation rejects a presentation target that does not exist
  ---
  duration_ms: 14.711291
  ...
# Subtest: SC10: the continuity trace is a screen-space wide line
ok 241 - SC10: the continuity trace is a screen-space wide line
  ---
  duration_ms: 110.3175
  ...
# Subtest: SC10: both audiences get a ribbon, and Guided gets the wider one
ok 242 - SC10: both audiences get a ribbon, and Guided gets the wider one
  ---
  duration_ms: 161.786417
  ...
# Subtest: SC10: every screen-space line material is registered and resolution-settable
ok 243 - SC10: every screen-space line material is registered and resolution-settable
  ---
  duration_ms: 76.40425
  ...
# Subtest: SC10: clear() releases every tracked resource
ok 244 - SC10: clear() releases every tracked resource
  ---
  duration_ms: 73.536667
  ...
# Subtest: SC10: the halo is an emphasis channel, not an evidence claim
ok 245 - SC10: the halo is an emphasis channel, not an evidence claim
  ---
  duration_ms: 87.825792
  ...
# Subtest: SC10: the halo stays on the representative strand
ok 246 - SC10: the halo stays on the representative strand
  ---
  duration_ms: 193.476542
  ...
# Subtest: SC10: emphasis does not change any evidence opacity
ok 247 - SC10: emphasis does not change any evidence opacity
  ---
  duration_ms: 74.279166
  ...
# Subtest: SC11-0: a step-only hash adopts that chapter's complete declared scene
ok 248 - SC11-0: a step-only hash adopts that chapter's complete declared scene
  ---
  duration_ms: 1.107458
  ...
# Subtest: SC11-0: explicit scene fields still win over the chapter defaults
ok 249 - SC11-0: explicit scene fields still win over the chapter defaults
  ---
  duration_ms: 0.133042
  ...
# Subtest: SC11-0: every close-up chapter enables its detail layer
ok 250 - SC11-0: every close-up chapter enables its detail layer
  ---
  duration_ms: 0.067125
  ...
# Subtest: SC11-0: a close-up chapter round-trips through its own URL
ok 251 - SC11-0: a close-up chapter round-trips through its own URL
  ---
  duration_ms: 0.288875
  ...
# Subtest: SC11: the bracket lane hugs the model instead of the page header
ok 252 - SC11: the bracket lane hugs the model instead of the page header
  ---
  duration_ms: 0.120833
  ...
# Subtest: SC11: an off-screen model falls back to a deterministic lane
ok 253 - SC11: an off-screen model falls back to a deterministic lane
  ---
  duration_ms: 0.05325
  ...
# Subtest: SC11: a model near the top clamps to the safe area instead of overlapping the header
ok 254 - SC11: a model near the top clamps to the safe area instead of overlapping the header
  ---
  duration_ms: 0.10875
  ...
# Subtest: SC11: the inspector card never covers the object it explains
ok 255 - SC11: the inspector card never covers the object it explains
  ---
  duration_ms: 0.290208
  ...
# Subtest: SC11: the card prefers the side away from the anchor
ok 256 - SC11: the card prefers the side away from the anchor
  ---
  duration_ms: 0.139541
  ...
# Subtest: SC11: a small region focus keeps a minimum readable span
ok 257 - SC11: a small region focus keeps a minimum readable span
  ---
  duration_ms: 0.538
  ...
# Subtest: SC11: a large span uses the tighter margin
ok 258 - SC11: a large span uses the tighter margin
  ---
  duration_ms: 0.149041
  ...
# Subtest: SC11: the page derives the bracket lane from the model, not the header
ok 259 - SC11: the page derives the bracket lane from the model, not the header
  ---
  duration_ms: 0.2455
  ...
# Subtest: SC11: brackets drop a tick to the axis they measure
ok 260 - SC11: brackets drop a tick to the axis they measure
  ---
  duration_ms: 0.079542
  ...
# Subtest: SC11: changing audience mode reframes the camera
ok 261 - SC11: changing audience mode reframes the camera
  ---
  duration_ms: 0.171
  ...
# Subtest: SC11: every StageLayout binding the page imports is re-exported by the bundle
ok 262 - SC11: every StageLayout binding the page imports is re-exported by the bundle
  ---
  duration_ms: 0.139167
  ...
# Subtest: SC11: overlay work is dirty-flagged, not run on every frame
ok 263 - SC11: overlay work is dirty-flagged, not run on every frame
  ---
  duration_ms: 0.327708
  ...
# Subtest: SC11: every state change that can move an overlay marks the stage dirty
ok 264 - SC11: every state change that can move an overlay marks the stage dirty
  ---
  duration_ms: 0.418917
  ...
# Subtest: SC11: the viewer reports camera motion so overlays keep up while it moves
ok 265 - SC11: the viewer reports camera motion so overlays keep up while it moves
  ---
  duration_ms: 0.180208
  ...
# Subtest: SC11-4a: the bar picks a round span that fits the budget
ok 266 - SC11-4a: the bar picks a round span that fits the budget
  ---
  duration_ms: 0.196209
  ...
# Subtest: SC11-4a: the label switches unit without changing the measurement
ok 267 - SC11-4a: the label switches unit without changing the measurement
  ---
  duration_ms: 0.108834
  ...
# Subtest: SC11-4a: a scale that cannot be measured is refused, not drawn
ok 268 - SC11-4a: a scale that cannot be measured is refused, not drawn
  ---
  duration_ms: 0.242542
  ...
# Subtest: SC11-4a: the stage scale is a property of the camera, not of the scene
ok 269 - SC11-4a: the stage scale is a property of the camera, not of the scene
  ---
  duration_ms: 0.262125
  ...
# Subtest: SC11-4a: a scale the stage cannot state is reported as absent
ok 270 - SC11-4a: a scale the stage cannot state is reported as absent
  ---
  duration_ms: 0.103875
  ...
# Subtest: SC11-4a: the ruler holds the stage rule instead of following the card
ok 271 - SC11-4a: the ruler holds the stage rule instead of following the card
  ---
  duration_ms: 0.3405
  ...
# Subtest: SC11-4a: a phone-width card pushes the ruler above it rather than off-stage
ok 272 - SC11-4a: a phone-width card pushes the ruler above it rather than off-stage
  ---
  duration_ms: 0.054333
  ...
# Subtest: SC11-4a: the page takes the bar's scale from the camera
ok 273 - SC11-4a: the page takes the bar's scale from the camera
  ---
  duration_ms: 0.235417
  ...
# Subtest: SC11-4a: the stage declares the scale bar as presentation geometry
ok 274 - SC11-4a: the stage declares the scale bar as presentation geometry
  ---
  duration_ms: 0.082875
  ...
# Subtest: SC12/SC27A: mechanics are contextual inside the Stretch beat
ok 275 - SC12/SC27A: mechanics are contextual inside the Stretch beat
  ---
  duration_ms: 0.777959
  ...
# Subtest: SC12/SC27A: the persistent stage bar is retired
ok 276 - SC12/SC27A: the persistent stage bar is retired
  ---
  duration_ms: 0.32925
  ...
# Subtest: SC12: the readouts stay in the Evidence drawer
ok 277 - SC12: the readouts stay in the Evidence drawer
  ---
  duration_ms: 0.401375
  ...
# Subtest: SC12/SC27A: Guided identity uses direct labels and the full-sarcomere locator
ok 278 - SC12/SC27A: Guided identity uses direct labels and the full-sarcomere locator
  ---
  duration_ms: 0.19225
  ...
# Subtest: SC12: every stage control is a real, labelled button or input
ok 279 - SC12: every stage control is a real, labelled button or input
  ---
  duration_ms: 0.341959
  ...
# Subtest: SC12: the sweep is a closed triangle between the two working-range ends
ok 280 - SC12: the sweep is a closed triangle between the two working-range ends
  ---
  duration_ms: 0.088958
  ...
# Subtest: SC12: the sweep is monotone on each limb and always an integer
ok 281 - SC12: the sweep is monotone on each limb and always an integer
  ---
  duration_ms: 0.154875
  ...
# Subtest: SC12: a non-positive period is rejected rather than dividing by zero
ok 282 - SC12: a non-positive period is rejected rather than dividing by zero
  ---
  duration_ms: 0.182
  ...
# Subtest: SC12: the page refuses to autoplay and honours reduced motion
ok 283 - SC12: the page refuses to autoplay and honours reduced motion
  ---
  duration_ms: 0.385666
  ...
# Subtest: SC12: the sweep stays inside the declared working range
ok 284 - SC12: the sweep stays inside the declared working range
  ---
  duration_ms: 0.261458
  ...
# Subtest: SC12-2a: the two filament families are separable by luminance alone
ok 285 - SC12-2a: the two filament families are separable by luminance alone
  ---
  duration_ms: 0.105375
  ...
# Subtest: SC12-2a: context stays visible without competing with titin
ok 286 - SC12-2a: context stays visible without competing with titin
  ---
  duration_ms: 0.142292
  ...
# Subtest: SC12-2b: the drawn label set obeys the reviewed budget
ok 287 - SC12-2b: the drawn label set obeys the reviewed budget
  ---
  duration_ms: 0.172792
  ...
# Subtest: SC12-2b: it drops the lowest priority first, never the anchor in view
ok 288 - SC12-2b: it drops the lowest priority first, never the anchor in view
  ---
  duration_ms: 0.361625
  ...
# Subtest: SC12-2b: Evidence mode is not subject to the guided budget
ok 289 - SC12-2b: Evidence mode is not subject to the guided budget
  ---
  duration_ms: 0.071375
  ...
# Subtest: SC12-2b: a label that would collide with a kept one is dropped, not overlapped
ok 290 - SC12-2b: a label that would collide with a kept one is dropped, not overlapped
  ---
  duration_ms: 0.138625
  ...
# Subtest: SC12-2b: a budget record without its declared keys is refused, not guessed
ok 291 - SC12-2b: a budget record without its declared keys is refused, not guessed
  ---
  duration_ms: 0.116792
  ...
# Subtest: SC12-2b: the page enforces the budget it reads from the claims record
ok 292 - SC12-2b: the page enforces the budget it reads from the claims record
  ---
  duration_ms: 0.360125
  ...
# Subtest: SC12/SC27A: one lane decision keeps Tour locator and Research brackets exclusive
ok 293 - SC12/SC27A: one lane decision keeps Tour locator and Research brackets exclusive
  ---
  duration_ms: 0.237333
  ...
# Subtest: SC12-2c: the shaded extent is the camera span, to scale
ok 294 - SC12-2c: the shaded extent is the camera span, to scale
  ---
  duration_ms: 0.099333
  ...
# Subtest: SC12-2c: a view wider than the model clamps instead of overflowing
ok 295 - SC12-2c: a view wider than the model clamps instead of overflowing
  ---
  duration_ms: 0.055458
  ...
# Subtest: SC12-2c: a stage with no measurable span draws no locator
ok 296 - SC12-2c: a stage with no measurable span draws no locator
  ---
  duration_ms: 0.054917
  ...
# Subtest: SC12-2c: the locator follows the camera along the model
ok 297 - SC12-2c: the locator follows the camera along the model
  ---
  duration_ms: 0.040625
  ...
# Subtest: SC12/SC27A: the Guided full-sarcomere locator remains visible across views
ok 298 - SC12/SC27A: the Guided full-sarcomere locator remains visible across views
  ---
  duration_ms: 0.538333
  ...
# Subtest: SC12-2c: the stage declares the locator as presentation geometry
ok 299 - SC12-2c: the stage declares the locator as presentation geometry
  ---
  duration_ms: 0.068708
  ...
# Subtest: SC13: specialist depth is disclosed, not dumped
ok 300 - SC13: specialist depth is disclosed, not dumped
  ---
  duration_ms: 0.757875
  ...
# Subtest: SC13: the card reads lay text before detail and citations last
ok 301 - SC13: the card reads lay text before detail and citations last
  ---
  duration_ms: 0.105208
  ...
# Subtest: SC13/22: Research citations remain in the canonical renderer
ok 302 - SC13/22: Research citations remain in the canonical renderer
  ---
  duration_ms: 0.15125
  ...
# Subtest: SC13/SC27A: selection announcements name the mode-appropriate route to exact sources
ok 303 - SC13/SC27A: selection announcements name the mode-appropriate route to exact sources
  ---
  duration_ms: 0.420583
  ...
# Subtest: SC13: the card is placed by the tested layout function
ok 304 - SC13: the card is placed by the tested layout function
  ---
  duration_ms: 0.156208
  ...
# Subtest: SC13: the chapter card names the selection instead of repeating it
ok 305 - SC13: the chapter card names the selection instead of repeating it
  ---
  duration_ms: 0.083666
  ...
# Subtest: SC13/SC27A: the compact card has no duplicate object carousel
ok 306 - SC13/SC27A: the compact card has no duplicate object carousel
  ---
  duration_ms: 0.157834
  ...
# Subtest: SC13: the drawer is tabbed and sources come last
ok 307 - SC13: the drawer is tabbed and sources come last
  ---
  duration_ms: 0.336125
  ...
# Subtest: SC13/18: named drawer entries land on their named destination
ok 308 - SC13/18: named drawer entries land on their named destination
  ---
  duration_ms: 0.259458
  ...
# Subtest: SC13: an empty selection hides its heading instead of leaving it dangling
ok 309 - SC13: an empty selection hides its heading instead of leaving it dangling
  ---
  duration_ms: 0.15525
  ...
# Subtest: SC13: the bibliography resolves every record in the registry
ok 310 - SC13: the bibliography resolves every record in the registry
  ---
  duration_ms: 7.796917
  ...
# Subtest: SC13: the bibliography is stably ordered
ok 311 - SC13: the bibliography is stably ordered
  ---
  duration_ms: 0.942792
  ...
# Subtest: SC13: the page can copy a citable link to the current view
ok 312 - SC13: the page can copy a citable link to the current view
  ---
  duration_ms: 0.248417
  ...
# Subtest: SC13: every expert card names the biology it is about
ok 313 - SC13: every expert card names the biology it is about
  ---
  duration_ms: 1.78875
  ...
# Subtest: SC13: an unknown related target is rejected by the contract
ok 314 - SC13: an unknown related target is rejected by the contract
  ---
  duration_ms: 1.271208
  ...
# Subtest: SC13/SC27A: expert cards remain in Research after the compact shortcut removal
ok 315 - SC13/SC27A: expert cards remain in Research after the compact shortcut removal
  ---
  duration_ms: 0.240833
  ...
# Subtest: SC13-5: no pipeline figure is written into the page
ok 316 - SC13-5: no pipeline figure is written into the page
  ---
  duration_ms: 0.380667
  ...
# Subtest: SC13-5/SC27A: the retired Guided provenance band does not return
ok 317 - SC13-5/SC27A: the retired Guided provenance band does not return
  ---
  duration_ms: 0.380708
  ...
# Subtest: SC13-5: the pipeline is typeset for a room, not for a scrolling box
ok 318 - SC13-5: the pipeline is typeset for a room, not for a scrolling box
  ---
  duration_ms: 0.33925
  ...
# Subtest: SC14: the curve is sampled from the same pipeline the render uses
ok 319 - SC14: the curve is sampled from the same pipeline the render uses
  ---
  duration_ms: 675.722625
  ...
# Subtest: SC21: approved curve has monotone geometry and regime-bound force values
ok 320 - SC21: approved curve has monotone geometry and regime-bound force values
  ---
  duration_ms: 0.530917
  ...
# Subtest: SC21: generated state rows and browser evaluations apply the same regimes
ok 321 - SC21: generated state rows and browser evaluations apply the same regimes
  ---
  duration_ms: 30.741791
  ...
# Subtest: SC21: added length is distinct from authorized incremental compliance
ok 322 - SC21: added length is distinct from authorized incremental compliance
  ---
  duration_ms: 15.658208
  ...
# Subtest: SC14: the curve carries evidence metadata it cannot silently drop
ok 323 - SC14: the curve carries evidence metadata it cannot silently drop
  ---
  duration_ms: 0.285375
  ...
# Subtest: SC21: the public stage binds force disclosure to the loaded decision and status
ok 324 - SC21: the public stage binds force disclosure to the loaded decision and status
  ---
  duration_ms: 0.284083
  ...
# Subtest: SC21: the Measure tab explains the regime-bound force curve
ok 325 - SC21: the Measure tab explains the regime-bound force curve
  ---
  duration_ms: 0.232917
  ...
# Subtest: SC21: the Measure contribution table keeps geometry separate from the force audit
ok 326 - SC21: the Measure contribution table keeps geometry separate from the force audit
  ---
  duration_ms: 0.151583
  ...
# Subtest: SC21: the curve panel states what it does not claim
ok 327 - SC21: the curve panel states what it does not claim
  ---
  duration_ms: 0.205
  ...
# Subtest: SC14: new bundle bindings are re-exported by the standalone builder
ok 328 - SC14: new bundle bindings are re-exported by the standalone builder
  ---
  duration_ms: 0.204792
  ...
# Subtest: SC15: unresolved/disordered regions use a seeded irregular ribbon and remain schematic
ok 329 - SC15: unresolved/disordered regions use a seeded irregular ribbon and remain schematic
  ---
  duration_ms: 107.974417
  ...
# Subtest: SC15: irregular ribbons never move a canonical axial coordinate
ok 330 - SC15: irregular ribbons never move a canonical axial coordinate
  ---
  duration_ms: 93.678
  ...
# Subtest: SC15: the irregular ribbon is bounded by the canonical interval it decorates
ok 331 - SC15: the irregular ribbon is bounded by the canonical interval it decorates
  ---
  duration_ms: 90.820375
  ...
# Subtest: SC15: stretching straightens contour-backed ribbons
ok 332 - SC15: stretching straightens contour-backed ribbons
  ---
  duration_ms: 145.223208
  ...
# Subtest: SC15: the coil is driven by the same contour length the mechanics use
ok 333 - SC15: the coil is driven by the same contour length the mechanics use
  ---
  duration_ms: 72.430083
  ...
# Subtest: SC15: the emphasis halo always contains the chain it emphasises
ok 334 - SC15: the emphasis halo always contains the chain it emphasises
  ---
  duration_ms: 20.732834
  ...
# Subtest: MVP: molecular architecture remains a resolving Research close-up
ok 335 - MVP: molecular architecture remains a resolving Research close-up
  ---
  duration_ms: 0.07825
  ...
# Subtest: MVP: the spring beat frames the complete PEVK teaching context
ok 336 - MVP: the spring beat frames the complete PEVK teaching context
  ---
  duration_ms: 0.505
  ...
# Subtest: SC15: a drawn domain is never sealed inside the backbone that carries it
ok 337 - SC15: a drawn domain is never sealed inside the backbone that carries it
  ---
  duration_ms: 87.804333
  ...
# Subtest: SC15: narrowing the backbone is a width, not a change of region identity
ok 338 - SC15: narrowing the backbone is a width, not a change of region identity
  ---
  duration_ms: 73.754167
  ...
# Subtest: SC15: a build without domain detail keeps the full-width backbone
ok 339 - SC15: a build without domain detail keeps the full-width backbone
  ---
  duration_ms: 57.31175
  ...
# Subtest: SC15: the folded regions are never coiled
ok 340 - SC15: the folded regions are never coiled
  ---
  duration_ms: 71.70375
  ...
# Subtest: SC16: the Z-disc envelope stays solid in the overview
ok 341 - SC16: the Z-disc envelope stays solid in the overview
  ---
  duration_ms: 86.333417
  ...
# Subtest: SC16: the envelope ghosts when its own detail is drawn
ok 342 - SC16: the envelope ghosts when its own detail is drawn
  ---
  duration_ms: 81.555
  ...
# Subtest: SC16: the ghost is actually blended and stops writing depth
ok 343 - SC16: the ghost is actually blended and stops writing depth
  ---
  duration_ms: 79.096625
  ...
# Subtest: SC16: ghosting is a visibility choice, not an evidence downgrade
ok 344 - SC16: ghosting is a visibility choice, not an evidence downgrade
  ---
  duration_ms: 132.083333
  ...
# Subtest: SC16: an envelope whose detail is withheld keeps its boundary
ok 345 - SC16: an envelope whose detail is withheld keeps its boundary
  ---
  duration_ms: 72.629292
  ...
# Subtest: SC16: the M-band reference marker never needed ghosting
ok 346 - SC16: the M-band reference marker never needed ghosting
  ---
  duration_ms: 73.742458
  ...
# Subtest: SC16: the ghosted frame still contains the anchor it exists to show
ok 347 - SC16: the ghosted frame still contains the anchor it exists to show
  ---
  duration_ms: 72.449084
  ...
# Subtest: SC16: the ghost is a render decision made at the framed span
ok 348 - SC16: the ghost is a render decision made at the framed span
  ---
  duration_ms: 144.054416
  ...
# Subtest: SC16.2: the backbones come from the archetypes' own declared structures
ok 349 - SC16.2: the backbones come from the archetypes' own declared structures
  ---
  duration_ms: 0.280875
  ...
# Subtest: SC16.2: a backbone is a drop-in for the capsule it replaces
ok 350 - SC16.2: a backbone is a drop-in for the capsule it replaces
  ---
  duration_ms: 0.332167
  ...
# Subtest: SC16.2: the capsule stays until a domain is big enough to read as a chain
ok 351 - SC16.2: the capsule stays until a domain is big enough to read as a chain
  ---
  duration_ms: 74.744
  ...
# Subtest: SC16.2: the backbone is drawn once a domain resolves
ok 352 - SC16.2: the backbone is drawn once a domain resolves
  ---
  duration_ms: 76.587375
  ...
# Subtest: SC16.2: a measured surface never promotes a placement's evidence class
ok 353 - SC16.2: a measured surface never promotes a placement's evidence class
  ---
  duration_ms: 146.730292
  ...
# Subtest: SC16.2: without the optional file the capsules simply stay
ok 354 - SC16.2: without the optional file the capsules simply stay
  ---
  duration_ms: 72.090375
  ...
# Subtest: SC16.2: drawing a backbone retires no disclaimer, and adds its own
ok 355 - SC16.2: drawing a backbone retires no disclaimer, and adds its own
  ---
  duration_ms: 145.482417
  ...
# Subtest: SC16.2: crossing the resolve threshold rebuilds, and settling stops
ok 356 - SC16.2: crossing the resolve threshold rebuilds, and settling stops
  ---
  duration_ms: 145.376917
  ...
# Subtest: SC16.2: an archetype that can never swap never asks for a rebuild
ok 357 - SC16.2: an archetype that can never swap never asks for a rebuild
  ---
  duration_ms: 71.712209
  ...
# Subtest: SC16: the sandwich glyph fits the room its own descriptor gives it
ok 358 - SC16: the sandwich glyph fits the room its own descriptor gives it
  ---
  duration_ms: 142.418917
  ...
# Subtest: SC16: fitting the glyph only ever narrows it
ok 359 - SC16: fitting the glyph only ever narrows it
  ---
  duration_ms: 71.33
  ...
# Subtest: SC16: the fitted widths follow the descriptor, not a constant
ok 360 - SC16: the fitted widths follow the descriptor, not a constant
  ---
  duration_ms: 143.858917
  ...
# Subtest: SC16: neither chain's drawn surface swallows the molecule it clamps
ok 361 - SC16: neither chain's drawn surface swallows the molecule it clamps
  ---
  duration_ms: 129.340209
  ...
# Subtest: SC16: fitting the glyph moves no coordinate and no evidence class
ok 362 - SC16: fitting the glyph moves no coordinate and no evidence class
  ---
  duration_ms: 70.845167
  ...
# Subtest: SC16: a clamp with no clearance is refused, not defaulted
ok 363 - SC16: a clamp with no clearance is refused, not defaulted
  ---
  duration_ms: 72.350875
  ...
# Subtest: SC16: the fit reports itself only when it actually narrowed something
ok 364 - SC16: the fit reports itself only when it actually narrowed something
  ---
  duration_ms: 71.33275
  ...
# Subtest: SC17: a presentation text scale exists and is user-controlled
ok 365 - SC17: a presentation text scale exists and is user-controlled
  ---
  duration_ms: 0.681625
  ...
# Subtest: SC17/SC27A: default type meets the design floor and large mode raises it
ok 366 - SC17/SC27A: default type meets the design floor and large mode raises it
  ---
  duration_ms: 0.37025
  ...
# Subtest: SC17: every declared presenter shortcut is bound to a key
ok 367 - SC17: every declared presenter shortcut is bound to a key
  ---
  duration_ms: 0.603042
  ...
# Subtest: SC17/SC27A: shortcut accelerators remain in the accessible canvas description
ok 368 - SC17/SC27A: shortcut accelerators remain in the accessible canvas description
  ---
  duration_ms: 0.242417
  ...
# Subtest: SC17: the printed script names the keys the page binds
ok 369 - SC17: the printed script names the keys the page binds
  ---
  duration_ms: 0.811875
  ...
# Subtest: SC17: orientation is claim-bound while titin retains one identity colour
ok 370 - SC17: orientation is claim-bound while titin retains one identity colour
  ---
  duration_ms: 0.298292
  ...
# Subtest: SC18: the model identity has one explicit, non-self-referential input manifest
ok 371 - SC18: the model identity has one explicit, non-self-referential input manifest
  ---
  duration_ms: 8.5445
  ...
# Subtest: SC18: build identity covers the real graph and excludes attestations and outputs
ok 372 - SC18: build identity covers the real graph and excludes attestations and outputs
  ---
  duration_ms: 39.481875
  ...
# Subtest: SC18: classification refuses evidence in every candidate identity surface
ok 373 - SC18: classification refuses evidence in every candidate identity surface
  ---
  duration_ms: 4.263458
  ...
# Subtest: SC18: app revision follows source inputs and ignores an output-only commit
ok 374 - SC18: app revision follows source inputs and ignores an output-only commit
  ---
  duration_ms: 144.351541
  ...
# Subtest: SC18: manifest v2 binds raw candidate bytes without hashing itself
ok 375 - SC18: manifest v2 binds raw candidate bytes without hashing itself
  ---
  duration_ms: 6.261083
  ...
# Subtest: SC18: every rendered link container declares contrast
ok 376 - SC18: every rendered link container declares contrast
  ---
  duration_ms: 0.264417
  ...
# Subtest: SC18: drawer entry routing and camera state tell the truth
ok 377 - SC18: drawer entry routing and camera state tell the truth
  ---
  duration_ms: 0.3695
  ...
# Subtest: SC18: release-gate v2 retains pending human evidence and uses stable protocol IDs
ok 378 - SC18: release-gate v2 retains pending human evidence and uses stable protocol IDs
  ---
  duration_ms: 0.55575
  ...
# Subtest: SC19: all four authority records are mandatory standalone spec inputs
ok 379 - SC19: all four authority records are mandatory standalone spec inputs
  ---
  duration_ms: 3.401875
  ...
# Subtest: SC19: scope has no tissue overclaim or literal public fallback
ok 380 - SC19: scope has no tissue overclaim or literal public fallback
  ---
  duration_ms: 0.535667
  ...
# Subtest: SC19: all five decision statuses are normalized and visibly rendered
ok 381 - SC19: all five decision statuses are normalized and visibly rendered
  ---
  duration_ms: 0.519291
  ...
# Subtest: SC19: pinned features map deterministically and retain the adjudication discrepancy
ok 382 - SC19: pinned features map deterministically and retain the adjudication discrepancy
  ---
  duration_ms: 0.323709
  ...
# Subtest: SC19: coordinate-frame mismatch throws rather than becoming a warning
ok 383 - SC19: coordinate-frame mismatch throws rather than becoming a warning
  ---
  duration_ms: 0.071334
  ...
# Subtest: SC19: every visible claim resolves to its exact atomic support record
ok 384 - SC19: every visible claim resolves to its exact atomic support record
  ---
  duration_ms: 0.371084
  ...
# Subtest: SC19: runtime rejects a valid pointer rebound to the wrong public claim
ok 385 - SC19: runtime rejects a valid pointer rebound to the wrong public claim
  ---
  duration_ms: 8.051209
  ...
# Subtest: SC23: runtime rejects fabricated project-owner approval provenance
ok 386 - SC23: runtime rejects fabricated project-owner approval provenance
  ---
  duration_ms: 11.2205
  ...
# Subtest: SC20: all five owner-authorized decisions are honest and packet-byte bound
ok 387 - SC20: all five owner-authorized decisions are honest and packet-byte bound
  ---
  duration_ms: 2.8355
  ...
# Subtest: SC19: registry closure and human entailment stay separate
ok 388 - SC19: registry closure and human entailment stay separate
  ---
  duration_ms: 0.4955
  ...
# Subtest: SC2: immediate context is one myosin filament with its six nearest actin filaments
ok 389 - SC2: immediate context is one myosin filament with its six nearest actin filaments
  ---
  duration_ms: 96.019334
  ...
# Subtest: SC2: immediate context detail zips one central crown array to one central site
ok 390 - SC2: immediate context detail zips one central crown array to one central site
  ---
  duration_ms: 222.075792
  ...
# Subtest: SC2: filament-context and lattice-scope options are validated and persistent
ok 391 - SC2: filament-context and lattice-scope options are validated and persistent
  ---
  duration_ms: 0.269875
  ...
# Subtest: SC2: every presentation descriptor is a derivative of canonical geometry
ok 392 - SC2: every presentation descriptor is a derivative of canonical geometry
  ---
  duration_ms: 154.274917
  ...
# Subtest: SC2: band labels use sourced ranges and do not invent M-band substructure
ok 393 - SC2: band labels use sourced ranges and do not invent M-band substructure
  ---
  duration_ms: 72.277417
  ...
# Subtest: SC2: screen-space brackets are admitted only for the live longitudinal camera
ok 394 - SC2: screen-space brackets are admitted only for the live longitudinal camera
  ---
  duration_ms: 0.127583
  ...
# Subtest: SC2: the x-ray trace is exact, continuous and independent of tube radius
ok 395 - SC2: the x-ray trace is exact, continuous and independent of tube radius
  ---
  duration_ms: 92.582458
  ...
# Subtest: SC2/SC27A: the shipped Guided contour preserves every canonical trace endpoint
ok 396 - SC2/SC27A: the shipped Guided contour preserves every canonical trace endpoint
  ---
  duration_ms: 89.617375
  ...
# Subtest: SC2: hierarchy and selection preserve geometry and evidence opacity
ok 397 - SC2: hierarchy and selection preserve geometry and evidence opacity
  ---
  duration_ms: 77.213625
  ...
# Subtest: SC2/SC24: the opening and mechanics story are present in the accessible shell
ok 398 - SC2/SC24: the opening and mechanics story are present in the accessible shell
  ---
  duration_ms: 1.157875
  ...
# Subtest: SC20/21: decision provenance distinguishes AI adjudication from later specialist review
ok 399 - SC20/21: decision provenance distinguishes AI adjudication from later specialist review
  ---
  duration_ms: 0.906459
  ...
# Subtest: SC20: live region boundaries implement the approved Q8WZ42-1 partition
ok 400 - SC20: live region boundaries implement the approved Q8WZ42-1 partition
  ---
  duration_ms: 0.096959
  ...
# Subtest: SC20: imported, curated, and rendered domain totals are not collapsed
ok 401 - SC20: imported, curated, and rendered domain totals are not collapsed
  ---
  duration_ms: 20.186417
  ...
# Subtest: SC20: A/M display allocations are continuous, non-metric, and kinase-bounded
ok 402 - SC20: A/M display allocations are continuous, non-metric, and kinase-bounded
  ---
  duration_ms: 0.103542
  ...
# Subtest: SC20: sequence composition, axial spacings, and register hypothesis stay distinct
ok 403 - SC20: sequence composition, axial spacings, and register hypothesis stay distinct
  ---
  duration_ms: 0.11775
  ...
# Subtest: SC20: render style is required build input and excluded from model identity
ok 404 - SC20: render style is required build input and excluded from model identity
  ---
  duration_ms: 0.606834
  ...
# Subtest: SC20: a render-style-only mutation changes build identity but not model identity
ok 405 - SC20: a render-style-only mutation changes build identity but not model identity
  ---
  duration_ms: 1.980167
  ...
# Subtest: SC20: irregular ribbons are deterministic, bounded, and endpoint-preserving
ok 406 - SC20: irregular ribbons are deterministic, bounded, and endpoint-preserving
  ---
  duration_ms: 180.95325
  ...
# Subtest: SC20: the public application requests one representative titin only
ok 407 - SC20: the public application requests one representative titin only
  ---
  duration_ms: 77.41775
  ...
# Subtest: SC21: the parameter record is required, model-identifying, and decision-bound
ok 408 - SC21: the parameter record is required, model-identifying, and decision-bound
  ---
  duration_ms: 2.360125
  ...
# Subtest: SC21: every law parameter carries units, uncertainty, source, preparation, and transfer
ok 409 - SC21: every law parameter carries units, uncertainty, source, preparation, and transfer
  ---
  duration_ms: 0.28075
  ...
# Subtest: SC21: JavaScript contains algorithms but no duplicated material constants
ok 410 - SC21: JavaScript contains algorithms but no duplicated material constants
  ---
  duration_ms: 0.211
  ...
# Subtest: SC21: approved SD-04 emits force only inside its length regimes
ok 411 - SC21: approved SD-04 emits force only inside its length regimes
  ---
  duration_ms: 65.326167
  ...
# Subtest: SC21: target evaluation cannot be confused with the development geometry solve
ok 412 - SC21: target evaluation cannot be confused with the development geometry solve
  ---
  duration_ms: 28.915792
  ...
# Subtest: SC21: both solver ports reject targets outside their configured force bracket
ok 413 - SC21: both solver ports reject targets outside their configured force bracket
  ---
  duration_ms: 45.597917
  ...
# Subtest: SC21: decision validation admits honest citation-backed and qualified-human provenance
ok 414 - SC21: decision validation admits honest citation-backed and qualified-human provenance
  ---
  duration_ms: 51.048708
  ...
# Subtest: SC21: generated outputs contain identities and regime-authorized evaluations
ok 415 - SC21: generated outputs contain identities and regime-authorized evaluations
  ---
  duration_ms: 0.227542
  ...
# Subtest: SC21: release pack exports the exact canonical parameter record
ok 416 - SC21: release pack exports the exact canonical parameter record
  ---
  duration_ms: 0.65825
  ...
# Subtest: SC21: release validation supports a complete approved authority but rejects partial approval
ok 417 - SC21: release validation supports a complete approved authority but rejects partial approval
  ---
  duration_ms: 124.175542
  ...
# Subtest: SC21: every sensitivity scenario is source-bound and remains non-probabilistic
ok 418 - SC21: every sensitivity scenario is source-bound and remains non-probabilistic
  ---
  duration_ms: 0.198917
  ...
# Subtest: SC21: approved-regime scaffold honors both omission boundaries and PEVK-rise scenarios
ok 419 - SC21: approved-regime scaffold honors both omission boundaries and PEVK-rise scenarios
  ---
  duration_ms: 583.327583
  ...
# Subtest: SC21: approved evaluations conserve length and stay continuous and monotone by regime
ok 420 - SC21: approved evaluations conserve length and stay continuous and monotone by regime
  ---
  duration_ms: 291.584792
  ...
# Subtest: SC21: uncertainty formatting obeys sensitivity place and significant-digit cap
ok 421 - SC21: uncertainty formatting obeys sensitivity place and significant-digit cap
  ---
  duration_ms: 0.232583
  ...
# Subtest: SC21: approved presenter data includes regimes, marker precision, and sensitivity
ok 422 - SC21: approved presenter data includes regimes, marker precision, and sensitivity
  ---
  duration_ms: 445.464708
  ...
# Subtest: SC21: validators and destructive controls pass
ok 423 - SC21: validators and destructive controls pass
  ---
  duration_ms: 71.160292
  ...
# Subtest: SC21: the public mechanics surface is status-bearing and one-click auditable
ok 424 - SC21: the public mechanics surface is status-bearing and one-click auditable
  ---
  duration_ms: 1.095458
  ...
# Subtest: SC22: claim view and renderer expose one pure public function apiece
ok 425 - SC22: claim view and renderer expose one pure public function apiece
  ---
  duration_ms: 1.059917
  ...
# Subtest: SC22: one canonical record supplies complete, source-rich ClaimView data
ok 426 - SC22: one canonical record supplies complete, source-rich ClaimView data
  ---
  duration_ms: 0.630375
  ...
# Subtest: SC22: mixed region fields are canonical values with one semantic status each
ok 427 - SC22: mixed region fields are canonical values with one semantic status each
  ---
  duration_ms: 79.175
  ...
# Subtest: SC22: expert finding status is resolved before the DOM boundary
ok 428 - SC22: expert finding status is resolved before the DOM boundary
  ---
  duration_ms: 0.919875
  ...
# Subtest: SC22: every annotation ClaimView is closed over its canonical claim support
ok 429 - SC22: every annotation ClaimView is closed over its canonical claim support
  ---
  duration_ms: 74.208834
  ...
# Subtest: SC22/23: source precedence falls through value, object, scene, chapter, then all
ok 430 - SC22/23: source precedence falls through value, object, scene, chapter, then all
  ---
  duration_ms: 8.20775
  ...
# Subtest: SC22: every chapter retains its declared contextual citations
ok 431 - SC22: every chapter retains its declared contextual citations
  ---
  duration_ms: 1.192
  ...
# Subtest: SC22: exact parameter source context remains useful offline
ok 432 - SC22: exact parameter source context remains useful offline
  ---
  duration_ms: 443.679417
  ...
# Subtest: SC22: facade uses the canonical registries and rejects unknown contexts
ok 433 - SC22: facade uses the canonical registries and rejects unknown contexts
  ---
  duration_ms: 0.29675
  ...
# Subtest: SC22: UI gives Evidence drawer sole full-detail ownership and final Sources routing
ok 434 - SC22: UI gives Evidence drawer sole full-detail ownership and final Sources routing
  ---
  duration_ms: 4.116917
  ...
# Subtest: SC22: governed performance baseline was not replaced by a dirty working tree
ok 435 - SC22: governed performance baseline was not replaced by a dirty working tree
  ---
  duration_ms: 0.0765
  ...
# Subtest: SC22: handoff records the required schema, coverage, and ownership matrix
ok 436 - SC22: handoff records the required schema, coverage, and ownership matrix
  ---
  duration_ms: 1.258
  ...
# Subtest: SC22: bounded commands and valid-unrelated-source control are installed
ok 437 - SC22: bounded commands and valid-unrelated-source control are installed
  ---
  duration_ms: 85.430959
  ...
# Subtest: SC23/SC27A: schema v3 carries the ordered five-beat curriculum within its reviewed budget
ok 438 - SC23/SC27A: schema v3 carries the ordered five-beat curriculum within its reviewed budget
  ---
  duration_ms: 1.105333
  ...
# Subtest: SC23: text alone teaches the required concepts and expands first-use vocabulary
ok 439 - SC23: text alone teaches the required concepts and expands first-use vocabulary
  ---
  duration_ms: 1.522167
  ...
# Subtest: SC23: scenes are a closed declarative vocabulary with no scientific constants
ok 440 - SC23: scenes are a closed declarative vocabulary with no scientific constants
  ---
  duration_ms: 1.381167
  ...
# Subtest: SC23: legacy links resolve visibly and serialize only canonical chapter IDs
ok 441 - SC23: legacy links resolve visibly and serialize only canonical chapter IDs
  ---
  duration_ms: 1.202625
  ...
# Subtest: SC23: chapter navigation preserves length and the sweep starts at the current value
ok 442 - SC23: chapter navigation preserves length and the sweep starts at the current value
  ---
  duration_ms: 0.375
  ...
# Subtest: SC23: a semantic scene outranks its chapter in contextual source resolution
ok 443 - SC23: a semantic scene outranks its chapter in contextual source resolution
  ---
  duration_ms: 7.685125
  ...
# Subtest: SC23: text and screen-reader transcripts share sequence, claims, announcements, and pacing
ok 444 - SC23: text and screen-reader transcripts share sequence, claims, announcements, and pacing
  ---
  duration_ms: 125.328958
  ...
# Subtest: SC23: generated transcripts, package gates, and handoff record are present
ok 445 - SC23: generated transcripts, package gates, and handoff record are present
  ---
  duration_ms: 0.255791
  ...
# Subtest: SC23: the final frame returns to the complete titin route and actionable recap
ok 446 - SC23: the final frame returns to the complete titin route and actionable recap
  ---
  duration_ms: 0.139208
  ...
# Subtest: SC24: seven human semantic controls resolve purely from the declarative catalog
ok 447 - SC24: seven human semantic controls resolve purely from the declarative catalog
  ---
  duration_ms: 1.413167
  ...
# Subtest: SC24: complete meaningful state—not the last clicked button—owns active truth
ok 448 - SC24: complete meaningful state—not the last clicked button—owns active truth
  ---
  duration_ms: 0.299292
  ...
# Subtest: SC24: canonical v2 scene and Custom URLs round-trip without mixed representations
ok 449 - SC24: canonical v2 scene and Custom URLs round-trip without mixed representations
  ---
  duration_ms: 1.585208
  ...
# Subtest: SC24: every v1 mode migrates deterministically and only inexact values produce issues
ok 450 - SC24: every v1 mode migrates deterministically and only inexact values produce issues
  ---
  duration_ms: 0.347458
  ...
# Subtest: SC24: a conflicting scene plus custom representation visibly becomes Custom
ok 451 - SC24: a conflicting scene plus custom representation visibly becomes Custom
  ---
  duration_ms: 0.493666
  ...
# Subtest: SC24: v2 repairs renderer invariants visibly and serialization rejects impossible state
ok 452 - SC24: v2 repairs renderer invariants visibly and serialization rejects impossible state
  ---
  duration_ms: 0.724834
  ...
# Subtest: SC24: runtime catalog validation resolves control-scene claims when supplied
ok 453 - SC24: runtime catalog validation resolves control-scene claims when supplied
  ---
  duration_ms: 0.503292
  ...
# Subtest: SC24/SC27A: responsive shell exposes Tour, Research controls, and stretch contracts
ok 454 - SC24/SC27A: responsive shell exposes Tour, Research controls, and stretch contracts
  ---
  duration_ms: 1.407125
  ...
# Subtest: SC24: visual matrix is regenerated from v2 semantic scenes with legacy disposition
ok 455 - SC24: visual matrix is regenerated from v2 semantic scenes with legacy disposition
  ---
  duration_ms: 8.087875
  ...
# Subtest: SC24: a close-up scene can turn its context-detail layer off and still share
ok 456 - SC24: a close-up scene can turn its context-detail layer off and still share
  ---
  duration_ms: 0.346084
  ...
# Subtest: SC24: a close-up still refuses to serialize without its filament lattice
ok 457 - SC24: a close-up still refuses to serialize without its filament lattice
  ---
  duration_ms: 0.155625
  ...
# Subtest: SC24: Explore confidence display keeps semantic scene truth and shares as one field
ok 458 - SC24: Explore confidence display keeps semantic scene truth and shares as one field
  ---
  duration_ms: 0.219542
  ...
# Subtest: SC24/SC27A: the nonvisual accelerator guide names current surfaces, not retired modes
ok 459 - SC24/SC27A: the nonvisual accelerator guide names current surfaces, not retired modes
  ---
  duration_ms: 0.255416
  ...
# Subtest: SC25: evidence JSON regenerates byte-identically without prior output
ok 460 - SC25: evidence JSON regenerates byte-identically without prior output
  ---
  duration_ms: 199.775667
  ...
# Subtest: SC25: the resolver implements the reviewed order and nothing else
ok 461 - SC25: the resolver implements the reviewed order and nothing else
  ---
  duration_ms: 0.162958
  ...
# Subtest: SC25: an explicitly named target wins outright, with or without ray candidates
ok 462 - SC25: an explicitly named target wins outright, with or without ray candidates
  ---
  duration_ms: 0.220417
  ...
# Subtest: SC25: emphasized titin within tolerance outranks a nearer occluding surface
ok 463 - SC25: emphasized titin within tolerance outranks a nearer occluding surface
  ---
  duration_ms: 0.137209
  ...
# Subtest: SC25: outside the tolerance the emphasized molecule does not steal the click
ok 464 - SC25: outside the tolerance the emphasized molecule does not steal the click
  ---
  duration_ms: 0.078
  ...
# Subtest: SC25: clause 2 answers with the nearest part of the molecule, not the nearest depth
ok 465 - SC25: clause 2 answers with the nearest part of the molecule, not the nearest depth
  ---
  duration_ms: 0.196333
  ...
# Subtest: SC25: a proxy-only hit resolves last, and never over a drawn surface
ok 466 - SC25: a proxy-only hit resolves last, and never over a drawn surface
  ---
  duration_ms: 0.162208
  ...
# Subtest: SC25: the current selection is inert and cannot make a selection sticky
ok 467 - SC25: the current selection is inert and cannot make a selection sticky
  ---
  duration_ms: 0.171666
  ...
# Subtest: SC25: decoration is dropped, and hidden geometry never resolves
ok 468 - SC25: decoration is dropped, and hidden geometry never resolves
  ---
  duration_ms: 0.191417
  ...
# Subtest: SC25: malformed candidate records are refused rather than ranked
ok 469 - SC25: malformed candidate records are refused rather than ranked
  ---
  duration_ms: 0.364875
  ...
# Subtest: SC25: the hit grid is exactly what its declared rules produce
ok 470 - SC25: the hit grid is exactly what its declared rules produce
  ---
  duration_ms: 0.316958
  ...
# Subtest: SC25: every hit-grid offset is a rule multiple on a real titin path
ok 471 - SC25: every hit-grid offset is a rule multiple on a real titin path
  ---
  duration_ms: 0.818625
  ...
# Subtest: SC25: changing the committed grid requires a recorded contract migration
ok 472 - SC25: changing the committed grid requires a recorded contract migration
  ---
  duration_ms: 0.186125
  ...
# Subtest: SC25: hit proxies are non-rendering, uncounted, and out of every bound
ok 473 - SC25: hit proxies are non-rendering, uncounted, and out of every bound
  ---
  duration_ms: 109.505584
  ...
# Subtest: SC25: a proxy resolves to its canonical region and never to an unknown object
ok 474 - SC25: a proxy resolves to its canonical region and never to an unknown object
  ---
  duration_ms: 75.562125
  ...
# Subtest: SC25: selection and emphasis style the visible target, never the hit area
ok 475 - SC25: selection and emphasis style the visible target, never the hit area
  ---
  duration_ms: 75.676083
  ...
# Subtest: SC25: proxies are rebuilt and disposed with the target they follow
ok 476 - SC25: proxies are rebuilt and disposed with the target they follow
  ---
  duration_ms: 149.452042
  ...
# Subtest: SC25: the pick centreline is the path the molecule is drawn on
ok 477 - SC25: the pick centreline is the path the molecule is drawn on
  ---
  duration_ms: 88.354333
  ...
# Subtest: SC25: labels, legends, and the one-time invitation are wired in the page
ok 478 - SC25: labels, legends, and the one-time invitation are wired in the page
  ---
  duration_ms: 0.732708
  ...
# Subtest: SC25: the onboarding pulse moves colour only and yields to a real selection
ok 479 - SC25: the onboarding pulse moves colour only and yields to a real selection
  ---
  duration_ms: 76.660542
  ...
# Subtest: SC25: the pinned card clears the controls at every release viewport
ok 480 - SC25: the pinned card clears the controls at every release viewport
  ---
  duration_ms: 3.09675
  ...
# Subtest: SC25: placement reports a real constraint rather than hiding a collision
ok 481 - SC25: placement reports a real constraint rather than hiding a collision
  ---
  duration_ms: 0.101041
  ...
# Subtest: SC25: titin keeps the top of the luminance range against every context object
ok 482 - SC25: titin keeps the top of the luminance range against every context object
  ---
  duration_ms: 0.185709
  ...
# Subtest: SC25: the drawn chain is irregular at every length, not a regular helix
ok 483 - SC25: the drawn chain is irregular at every length, not a regular helix
  ---
  duration_ms: 237.171125
  ...
# Subtest: SC25: the stage states that titin’s drawn width is a reading width
ok 484 - SC25: the stage states that titin’s drawn width is a reading width
  ---
  duration_ms: 0.240584
  ...
# Subtest: SC26: contract fingerprint is SHA-256 of the canonical schema contract, not payload bytes
ok 485 - SC26: contract fingerprint is SHA-256 of the canonical schema contract, not payload bytes
  ---
  duration_ms: 1.069208
  ...
# Subtest: SC26: complete parameter table exposes values, bindings, units, preparation, and transfer
ok 486 - SC26: complete parameter table exposes values, bindings, units, preparation, and transfer
  ---
  duration_ms: 0.595417
  ...
# Subtest: SC26: Inspect resolves the exact construct, interval, mapped features, render, and claims
ok 487 - SC26: Inspect resolves the exact construct, interval, mapped features, render, and claims
  ---
  duration_ms: 226.593708
  ...
# Subtest: MVP: titin aggregates carry reference metadata without inventing a residue interval
ok 488 - MVP: titin aggregates carry reference metadata without inventing a residue interval
  ---
  duration_ms: 288.352416
  ...
# Subtest: SC26: exact reference strip accounts for every residue and every domain feature
ok 489 - SC26: exact reference strip accounts for every residue and every domain feature
  ---
  duration_ms: 0.38675
  ...
# Subtest: SC26: atomic evidence groups cover every claim while render status stays orthogonal
ok 490 - SC26: atomic evidence groups cover every claim while render status stays orthogonal
  ---
  duration_ms: 0.381125
  ...
# Subtest: SC26: compliance plot has shares at supported lengths and nulls at omission boundaries
ok 491 - SC26: compliance plot has shares at supported lengths and nulls at omission boundaries
  ---
  duration_ms: 906.936208
  ...
# Subtest: SC26: reproduction worksheet names only fingerprinted model inputs and every required runtime
ok 492 - SC26: reproduction worksheet names only fingerprinted model inputs and every required runtime
  ---
  duration_ms: 1.753709
  ...
# Subtest: SC26: boundary worksheet pins every exact SC27 review coordinate
ok 493 - SC26: boundary worksheet pins every exact SC27 review coordinate
  ---
  duration_ms: 0.653708
  ...
# Subtest: SC26: 2000 nm export is byte-deterministic and agrees with direct evaluation
ok 494 - SC26: 2000 nm export is byte-deterministic and agrees with direct evaluation
  ---
  duration_ms: 3769.331875
  ...
# Subtest: SC26: 2200 nm export is byte-deterministic and agrees with direct evaluation
ok 495 - SC26: 2200 nm export is byte-deterministic and agrees with direct evaluation
  ---
  duration_ms: 3789.106917
  ...
# Subtest: SC26: 2400 nm export is byte-deterministic and agrees with direct evaluation
ok 496 - SC26: 2400 nm export is byte-deterministic and agrees with direct evaluation
  ---
  duration_ms: 3744.446584
  ...
# Subtest: SC26: 1900 nm export is byte-deterministic and agrees with direct evaluation
ok 497 - SC26: 1900 nm export is byte-deterministic and agrees with direct evaluation
  ---
  duration_ms: 2259.01575
  ...
# Subtest: SC26: CSV shapes are exact, parse cleanly, and every row carries all four identities
ok 498 - SC26: CSV shapes are exact, parse cleanly, and every row carries all four identities
  ---
  duration_ms: 1536.995834
  ...
# Subtest: SC26: custom-state export restores every serialized presentation field
ok 499 - SC26: custom-state export restores every serialized presentation field
  ---
  duration_ms: 2083.715292
  ...
# Subtest: SC26: selected claim subset includes local metadata and exact source locators offline
ok 500 - SC26: selected claim subset includes local metadata and exact source locators offline
  ---
  duration_ms: 1546.174125
  ...
# Subtest: SC26: validators reject malformed, forged, drifted, and non-canonical payloads
ok 501 - SC26: validators reject malformed, forged, drifted, and non-canonical payloads
  ---
  duration_ms: 9706.917625
  ...
# Subtest: SC26: JSON Schema records describe the two emitted JSON payloads
ok 502 - SC26: JSON Schema records describe the two emitted JSON payloads
  ---
  duration_ms: 1.577167
  ...
# Subtest: SC26: release manifest records contract and sample byte hashes externally
ok 503 - SC26: release manifest records contract and sample byte hashes externally
  ---
  duration_ms: 0.457292
  ...
# Subtest: SC26: serializer module remains free of browser, clock, random, and Node-only reads
ok 504 - SC26: serializer module remains free of browser, clock, random, and Node-only reads
  ---
  duration_ms: 1.149334
  ...
# Subtest: SC27A: the public Tour is exactly five ordered beats with one transition each
ok 505 - SC27A: the public Tour is exactly five ordered beats with one transition each
  ---
  duration_ms: 1.060792
  ...
# Subtest: SC27A: every v1 chapter alias canonicalizes directly to a final v3 beat
ok 506 - SC27A: every v1 chapter alias canonicalizes directly to a final v3 beat
  ---
  duration_ms: 0.081875
  ...
# Subtest: SC27A: protected public claim bindings migrate without editing the claim ledger
ok 507 - SC27A: protected public claim bindings migrate without editing the claim ledger
  ---
  duration_ms: 0.093708
  ...
# Subtest: SC27A: one presentation mapping covers every canonical evidence class
ok 508 - SC27A: one presentation mapping covers every canonical evidence class
  ---
  duration_ms: 0.340667
  ...
# Subtest: SC27A: the five-beat merge preserves every v2 scientific non-claim
ok 509 - SC27A: the five-beat merge preserves every v2 scientific non-claim
  ---
  duration_ms: 0.586167
  ...
# Subtest: SC27A: TourView budgets mechanics on Stretch and one evidence action on the final beat
ok 510 - SC27A: TourView budgets mechanics on Stretch and one evidence action on the final beat
  ---
  duration_ms: 0.103167
  ...
# Subtest: SC27A: a zero-height first layout is deferred rather than treated as corrupt
ok 511 - SC27A: a zero-height first layout is deferred rather than treated as corrupt
  ---
  duration_ms: 0.105083
  ...
# Subtest: SC27A: the presentation palette names its contrast and non-claim contracts
ok 512 - SC27A: the presentation palette names its contrast and non-claim contracts
  ---
  duration_ms: 0.17875
  ...
# Subtest: SC27A: user-facing vocabulary and accessible grouping use Tour and Research
ok 513 - SC27A: user-facing vocabulary and accessible grouping use Tour and Research
  ---
  duration_ms: 0.671167
  ...
# Subtest: SC27A: every protected scientific input remains byte-identical to SC-26
ok 514 - SC27A: every protected scientific input remains byte-identical to SC-26
  ---
  duration_ms: 3.5005
  ...
# Subtest: SC27A: implementation never claims human or release evidence
ok 515 - SC27A: implementation never claims human or release evidence
  ---
  duration_ms: 0.077375
  ...
# Subtest: SC27A: history, viewport, and all-family overlay truth share atomic runtime gates
ok 516 - SC27A: history, viewport, and all-family overlay truth share atomic runtime gates
  ---
  duration_ms: 0.5715
  ...
# Subtest: SC27A: Large type never makes any visible text smaller
ok 517 - SC27A: Large type never makes any visible text smaller
  ---
  duration_ms: 0.629125
  ...
# Subtest: SC27A: the generated review checklist uses current vocabulary
ok 518 - SC27A: the generated review checklist uses current vocabulary
  ---
  duration_ms: 0.303583
  ...
# Subtest: SC27A: Escape closes the last-opened surface and never focuses an inert canvas
ok 519 - SC27A: Escape closes the last-opened surface and never focuses an inert canvas
  ---
  duration_ms: 0.237042
  ...
# Subtest: SC27A: the Tour-return accelerator uses the focus-restoring close path
ok 520 - SC27A: the Tour-return accelerator uses the focus-restoring close path
  ---
  duration_ms: 0.188917
  ...
# Subtest: SC27A: every surface that can hide a scientific label is an overlay obstacle
ok 521 - SC27A: every surface that can hide a scientific label is an overlay obstacle
  ---
  duration_ms: 0.306875
  ...
# Subtest: SC27A: the retired Guided provenance band leaves nothing behind
ok 522 - SC27A: the retired Guided provenance band leaves nothing behind
  ---
  duration_ms: 0.5185
  ...
# Subtest: SC27A: the compact-stage envelope is one governed threshold, not a repeated literal
ok 523 - SC27A: the compact-stage envelope is one governed threshold, not a repeated literal
  ---
  duration_ms: 0.41625
  ...
# Subtest: SC3: the 160 nm interval belongs only to the thick-filament bare zone
ok 524 - SC3: the 160 nm interval belongs only to the thick-filament bare zone
  ---
  duration_ms: 26.234916
  ...
# Subtest: SC3: Z-disc detail is local, heterogeneous, antiparallel, and source-limited
ok 525 - SC3: Z-disc detail is local, heterogeneous, antiparallel, and source-limited
  ---
  duration_ms: 16.469875
  ...
# Subtest: SC3: the local Z-disc motif is invariant when the surrounding lattice expands
ok 526 - SC3: the local Z-disc motif is invariant when the surrounding lattice expands
  ---
  duration_ms: 89.068791
  ...
# Subtest: SC3: M-band detail separates midpoint, head-free interval, and crosslink context
ok 527 - SC3: M-band detail separates midpoint, head-free interval, and crosslink context
  ---
  duration_ms: 14.919208
  ...
# Subtest: SC3: normal view has no anchor micro-detail and M-band is never a solid slab
ok 528 - SC3: normal view has no anchor micro-detail and M-band is never a solid slab
  ---
  duration_ms: 85.748541
  ...
# Subtest: SC3: only the selected, screen-resolved anchor detail is drawn
ok 529 - SC3: only the selected, screen-resolved anchor detail is drawn
  ---
  duration_ms: 385.468667
  ...
# Subtest: SC3: live LOD reevaluates crown, twist, and anchor gates exactly once
ok 530 - SC3: live LOD reevaluates crown, twist, and anchor gates exactly once
  ---
  duration_ms: 0.319792
  ...
# Subtest: SC3: destructive controls reject a slab, single-ended telethonin, and one-half M detail
ok 531 - SC3: destructive controls reject a slab, single-ended telethonin, and one-half M detail
  ---
  duration_ms: 149.2075
  ...
# Subtest: SC3: controls expose target gating and detail-only component ownership
ok 532 - SC3: controls expose target gating and detail-only component ownership
  ---
  duration_ms: 0.548791
  ...
# Subtest: SC4: the validated catalog covers every pickable biological component once
ok 533 - SC4: the validated catalog covers every pickable biological component once
  ---
  duration_ms: 1.059791
  ...
# Subtest: SC4: every annotation exposes complete dual-audience evidence and resolved links
ok 534 - SC4: every annotation exposes complete dual-audience evidence and resolved links
  ---
  duration_ms: 155.046
  ...
# Subtest: SC4: negative catalog mutations fail closed
ok 535 - SC4: negative catalog mutations fail closed
  ---
  duration_ms: 0.472458
  ...
# Subtest: SC4: tubes, instanced domains, and ordinary components resolve to biological IDs
ok 536 - SC4: tubes, instanced domains, and ordinary components resolve to biological IDs
  ---
  duration_ms: 107.934917
  ...
# Subtest: SC4: Z-disc and M-band detail structures are directly pickable
ok 537 - SC4: Z-disc and M-band detail structures are directly pickable
  ---
  duration_ms: 163.713541
  ...
# Subtest: SC4: annotation registration adds no detached square or sprite geometry
ok 538 - SC4: annotation registration adds no detached square or sprite geometry
  ---
  duration_ms: 135.586792
  ...
# Subtest: SC4: Viewer raycasting rejects off-canvas input and returns no Three.js object
ok 539 - SC4: Viewer raycasting rejects off-canvas input and returns no Three.js object
  ---
  duration_ms: 58.711625
  ...
# Subtest: SC4: the first browser build has a positive LOD span before camera framing
ok 540 - SC4: the first browser build has a positive LOD span before camera framing
  ---
  duration_ms: 0.233625
  ...
# Subtest: SC4: a logical selection re-resolves after orbit-safe projection and rebuild
ok 541 - SC4: a logical selection re-resolves after orbit-safe projection and rebuild
  ---
  duration_ms: 213.370583
  ...
# Subtest: SC4: page wires one synchronized accessible tooltip and pinned explanation path
ok 542 - SC4: page wires one synchronized accessible tooltip and pinned explanation path
  ---
  duration_ms: 0.966584
  ...
# Subtest: SC5: the A-band scaffold story is complete and sourced without MyBP-C
ok 543 - SC5: the A-band scaffold story is complete and sourced without MyBP-C
  ---
  duration_ms: 230.484791
  ...
# Subtest: SC5: the anchored A-band span is invariant while the I-band spring changes
ok 544 - SC5: the anchored A-band span is invariant while the I-band spring changes
  ---
  duration_ms: 182.8555
  ...
# Subtest: SC5: one canonical C-zone feeds the domain block, the bracket, and MyBP-C
ok 545 - SC5: one canonical C-zone feeds the domain block, the bracket, and MyBP-C
  ---
  duration_ms: 296.515416
  ...
# Subtest: SC5: MyBP-C uses only the canonical C-zone and its sourced skeletal periodicity
ok 546 - SC5: MyBP-C uses only the canonical C-zone and its sourced skeletal periodicity
  ---
  duration_ms: 92.107916
  ...
# Subtest: SC5: MyBP-C is accessory context — Evidence-only, off by default, subordinate
ok 547 - SC5: MyBP-C is accessory context — Evidence-only, off by default, subordinate
  ---
  duration_ms: 221.911417
  ...
# Subtest: SC5: MyBP-C detail appears only when the view is framed on its C-zone
ok 548 - SC5: MyBP-C detail appears only when the view is framed on its C-zone
  ---
  duration_ms: 536.535667
  ...
# Subtest: SC5: a C-zone close-up exists and satisfies the framing gate it presupposes
ok 549 - SC5: a C-zone close-up exists and satisfies the framing gate it presupposes
  ---
  duration_ms: 204.987917
  ...
# Subtest: SC5: hiding or withdrawing MyBP-C changes no other coordinate
ok 550 - SC5: hiding or withdrawing MyBP-C changes no other coordinate
  ---
  duration_ms: 199.782584
  ...
# Subtest: SC5: no MyBP-C molecule bridges to a thin filament or contacts titin
ok 551 - SC5: no MyBP-C molecule bridges to a thin filament or contacts titin
  ---
  duration_ms: 45.646375
  ...
# Subtest: SC5: placement evidence can never be promoted above SCHEMATIC
ok 552 - SC5: placement evidence can never be promoted above SCHEMATIC
  ---
  duration_ms: 15.235833
  ...
# Subtest: SC5: the module refuses a claim record that no longer admits a schematic layer
ok 553 - SC5: the module refuses a claim record that no longer admits a schematic layer
  ---
  duration_ms: 15.31825
  ...
# Subtest: SC5: MyBP-C is explained as accessory context with resolved sources
ok 554 - SC5: MyBP-C is explained as accessory context with resolved sources
  ---
  duration_ms: 159.639542
  ...
# Subtest: SC5: an Evidence-mode card records why cardiac coordinates were not imported
ok 555 - SC5: an Evidence-mode card records why cardiac coordinates were not imported
  ---
  duration_ms: 3.821042
  ...
# Subtest: SC5: the page keeps MyBP-C optional, Research-scoped, and labelled schematic
ok 556 - SC5: the page keeps MyBP-C optional, Research-scoped, and labelled schematic
  ---
  duration_ms: 0.676167
  ...
# Subtest: SC6: the cross-section is orthographic and cannot foreshorten
ok 557 - SC6: the cross-section is orthographic and cannot foreshorten
  ---
  duration_ms: 3.381791
  ...
# Subtest: SC6: cross-section sites are exactly the existing LatticeGeometry output
ok 558 - SC6: cross-section sites are exactly the existing LatticeGeometry output
  ---
  duration_ms: 5.41875
  ...
# Subtest: SC6: axial and transverse readouts describe the same state
ok 559 - SC6: axial and transverse readouts describe the same state
  ---
  duration_ms: 82.187167
  ...
# Subtest: SC6: increasing sarcomere length monotonically reduces the displayed d10
ok 560 - SC6: increasing sarcomere length monotonically reduces the displayed d10
  ---
  duration_ms: 7.243542
  ...
# Subtest: SC6: both panels share one centre, scale, and projection
ok 561 - SC6: both panels share one centre, scale, and projection
  ---
  duration_ms: 1.537625
  ...
# Subtest: SC6: the comparison state is a defined state inside the declared working band
ok 562 - SC6: the comparison state is a defined state inside the declared working band
  ---
  duration_ms: 1.412959
  ...
# Subtest: SC6: the dimension line measures d10 rather than being labelled with it
ok 563 - SC6: the dimension line measures d10 rather than being labelled with it
  ---
  duration_ms: 1.156959
  ...
# Subtest: SC6: the constant-volume caveat travels with the comparison
ok 564 - SC6: the constant-volume caveat travels with the comparison
  ---
  duration_ms: 0.379417
  ...
# Subtest: SC6: destructive mutations of the cross-section record fail closed
ok 565 - SC6: destructive mutations of the cross-section record fail closed
  ---
  duration_ms: 2.105709
  ...
# Subtest: SC6: the module refuses a working band that drifted from its source
ok 566 - SC6: the module refuses a working band that drifted from its source
  ---
  duration_ms: 16.2185
  ...
# Subtest: SC6: the page renders both panels from one shared frame and no camera
ok 567 - SC6: the page renders both panels from one shared frame and no camera
  ---
  duration_ms: 0.612167
  ...
# Subtest: SC6: a guided chapter may legally request the comparison
ok 568 - SC6: a guided chapter may legally request the comparison
  ---
  duration_ms: 3.237167
  ...
# Subtest: SC6: the facade exposes the comparison at the displayed length only
ok 569 - SC6: the facade exposes the comparison at the displayed length only
  ---
  duration_ms: 0.44675
  ...
# Subtest: SC7/SC27A: the route has five deterministic presentation beats
ok 570 - SC7/SC27A: the route has five deterministic presentation beats
  ---
  duration_ms: 2.573084
  ...
# Subtest: SC7: every chapter owns one takeaway, camera, configuration, and source set
ok 571 - SC7: every chapter owns one takeaway, camera, configuration, and source set
  ---
  duration_ms: 0.250167
  ...
# Subtest: SC7: each chapter covers the subject the plan assigned it
ok 572 - SC7: each chapter covers the subject the plan assigned it
  ---
  duration_ms: 0.348125
  ...
# Subtest: SC7: the tour is paced to the plan window without opening the drawer
ok 573 - SC7: the tour is paced to the plan window without opening the drawer
  ---
  duration_ms: 0.152791
  ...
# Subtest: SC7: every chapter transition is deterministic and resettable
ok 574 - SC7: every chapter transition is deterministic and resettable
  ---
  duration_ms: 1.163917
  ...
# Subtest: SC7: the reviewed expert deep dives are all present and Evidence-scoped
ok 575 - SC7: the reviewed expert deep dives are all present and Evidence-scoped
  ---
  duration_ms: 0.197417
  ...
# Subtest: SC7: expert cards separate established findings from proposed mechanisms
ok 576 - SC7: expert cards separate established findings from proposed mechanisms
  ---
  duration_ms: 1.784625
  ...
# Subtest: SC7: expert cards resolve to real citations through the facade
ok 577 - SC7: expert cards resolve to real citations through the facade
  ---
  duration_ms: 0.708625
  ...
# Subtest: SC7: the pipeline counts its figures from the loaded records
ok 578 - SC7: the pipeline counts its figures from the loaded records
  ---
  duration_ms: 3.618083
  ...
# Subtest: SC7: the pipeline message stays a provenance claim, not an AI claim
ok 579 - SC7: the pipeline message stays a provenance claim, not an AI claim
  ---
  duration_ms: 0.407084
  ...
# Subtest: SC7: reduced motion lands on the identical state without animating
ok 580 - SC7: reduced motion lands on the identical state without animating
  ---
  duration_ms: 0.748
  ...
# Subtest: SC7/SC27A: the page renders the Tour, recap chips, and Research pipeline
ok 581 - SC7/SC27A: the page renders the Tour, recap chips, and Research pipeline
  ---
  duration_ms: 1.371083
  ...
# Subtest: SC8: no presentation combination changes the model or the solver
ok 582 - SC8: no presentation combination changes the model or the solver
  ---
  duration_ms: 8446.765792
  ...
# Subtest: SC8: every visibility and mode combination keeps titin continuous
ok 583 - SC8: every visibility and mode combination keeps titin continuous
  ---
  duration_ms: 2818.516
  ...
# Subtest: SC8: no annotation renders stronger evidence than it claims
ok 584 - SC8: no annotation renders stronger evidence than it claims
  ---
  duration_ms: 168.645667
  ...
# Subtest: SC8: cross-muscle measurements are declared and never silently adopted
ok 585 - SC8: cross-muscle measurements are declared and never silently adopted
  ---
  duration_ms: 14.652375
  ...
# Subtest: SC8: every supported state survives a URL round trip
ok 586 - SC8: every supported state survives a URL round trip
  ---
  duration_ms: 2.056334
  ...
# Subtest: SC8: the visual matrix covers the plan and every cell is reproducible
ok 587 - SC8: the visual matrix covers the plan and every cell is reproducible
  ---
  duration_ms: 11.287833
  ...
# Subtest: SC8: every declared colour pair meets its contrast floor and exists in the page
ok 588 - SC8: every declared colour pair meets its contrast floor and exists in the page
  ---
  duration_ms: 11.484
  ...
# Subtest: SC8: focus order, keyboard route, and touch targets hold
ok 589 - SC8: focus order, keyboard route, and touch targets hold
  ---
  duration_ms: 0.542458
  ...
# Subtest: SC8: evidence and selection are never carried by colour alone
ok 590 - SC8: evidence and selection are never carried by colour alone
  ---
  duration_ms: 72.520667
  ...
# Subtest: SC8: repeated rebuilds and mode changes do not grow resource counts
ok 591 - SC8: repeated rebuilds and mode changes do not grow resource counts
  ---
  duration_ms: 1021.127583
  ...
# Subtest: SC8: an idle frame rebuilds no geometry
ok 592 - SC8: an idle frame rebuilds no geometry
  ---
  duration_ms: 160.754916
  ...
# Subtest: SC8: the standalone build stays inside its declared size budget
ok 593 - SC8: the standalone build stays inside its declared size budget
  ---
  duration_ms: 0.309792
  ...
# Subtest: SC8: the release record claims nothing that has not been earned
ok 594 - SC8: the release record claims nothing that has not been earned
  ---
  duration_ms: 0.67025
  ...
# Subtest: SC9: every named release artifact exists and is generated, not written
ok 595 - SC9: every named release artifact exists and is generated, not written
  ---
  duration_ms: 1.430042
  ...
# Subtest: SC9: the claim matrix restates the audit exactly, with resolvable citations
ok 596 - SC9: the claim matrix restates the audit exactly, with resolvable citations
  ---
  duration_ms: 0.610875
  ...
# Subtest: SC9: the limitations sheet carries every recorded non-claim
ok 597 - SC9: the limitations sheet carries every recorded non-claim
  ---
  duration_ms: 0.468
  ...
# Subtest: SC9: the presenter script matches the shipped route and its pacing
ok 598 - SC9: the presenter script matches the shipped route and its pacing
  ---
  duration_ms: 0.445125
  ...
# Subtest: SC9: the preflight keeps its seven steps and points at a real fallback
ok 599 - SC9: the preflight keeps its seven steps and points at a real fallback
  ---
  duration_ms: 0.369209
  ...
# Subtest: SC9/18: the standalone reports three non-self-referential candidate identities
ok 600 - SC9/18: the standalone reports three non-self-referential candidate identities
  ---
  duration_ms: 0.218792
  ...
# Subtest: SC9/18: the model fingerprint tracks only explicit primary model inputs
ok 601 - SC9/18: the model fingerprint tracks only explicit primary model inputs
  ---
  duration_ms: 1.697958
  ...
# Subtest: SC9: the fallback deck says what the application says, without a GPU
ok 602 - SC9: the fallback deck says what the application says, without a GPU
  ---
  duration_ms: 1.5495
  ...
# Subtest: SC9: a release pack missing its provenance is rejected
ok 603 - SC9: a release pack missing its provenance is rejected
  ---
  duration_ms: 4.088708
  ...
# Subtest: SC9: the twelve release conditions are tracked and none is over-claimed
ok 604 - SC9: the twelve release conditions are tracked and none is over-claimed
  ---
  duration_ms: 0.218375
  ...
# Subtest: SC9: the rehearsal record claims nothing that has not been rehearsed
ok 605 - SC9: the rehearsal record claims nothing that has not been rehearsed
  ---
  duration_ms: 0.223167
  ...
# Subtest: SC9/18: the README and progress record hand the current project over accurately
ok 606 - SC9/18: the README and progress record hand the current project over accurately
  ---
  duration_ms: 1.364333
  ...
# Subtest: standalone: no live reference to sibling files can survive
ok 607 - standalone: no live reference to sibling files can survive
  ---
  duration_ms: 2.271
  ...
# Subtest: standalone: HTML script elements are balanced
ok 608 - standalone: HTML script elements are balanced
  ---
  duration_ms: 3.448042
  ...
# Subtest: standalone: the $& splice corruption never recurs
ok 609 - standalone: the $& splice corruption never recurs
  ---
  duration_ms: 0.592
  ...
# Subtest: standalone: every page binding is exposed by the inlined bundle namespace
ok 610 - standalone: every page binding is exposed by the inlined bundle namespace
  ---
  duration_ms: 2.129625
  ...
# Subtest: standalone: embedded spec matches data/ byte-for-byte
ok 611 - standalone: embedded spec matches data/ byte-for-byte
  ---
  duration_ms: 9.086709
  ...
# Subtest: standalone: every spec file the loader requests is embedded
ok 612 - standalone: every spec file the loader requests is embedded
  ---
  duration_ms: 5.899083
  ...
# Subtest: standalone: model and scene build from the shipped file alone
ok 613 - standalone: model and scene build from the shipped file alone
  ---
  duration_ms: 108.9485
  ...
# Subtest: standalone: the science matches the served page exactly
ok 614 - standalone: the science matches the served page exactly
  ---
  duration_ms: 122.291708
  ...
# Subtest: standalone: the boot advice is not the served-page advice
ok 615 - standalone: the boot advice is not the served-page advice
  ---
  duration_ms: 0.343
  ...
# Subtest: standalone: the real boot scripts permit a healthy file:// launch
ok 616 - standalone: the real boot scripts permit a healthy file:// launch
  ---
  duration_ms: 1.442625
  ...
# Subtest: standalone: spec discovery is redundant, not single-point
ok 617 - standalone: spec discovery is redundant, not single-point
  ---
  duration_ms: 0.306291
  ...
# Subtest: standalone: build refuses rather than emit a file missing a spec
ok 618 - standalone: build refuses rather than emit a file missing a spec
  ---
  duration_ms: 50.45725
  ...
1..618
# tests 618
# suites 0
# pass 618
# fail 0
# cancelled 0
# skipped 0
# todo 0
# duration_ms 115243.164042

> titin-visualization@0.3.0 test:negative
> node scripts/neg_control_phase5.mjs && node scripts/neg_control_phase6.mjs && python3 scripts/neg_control_phase6_spec.py && python3 scripts/neg_control_phase6_review.py && python3 scripts/neg_control_showcase_claims.py && python3 scripts/neg_control_presentation.py && node scripts/neg_control_showcase_release.mjs && python3 scripts/neg_control_release_gates.py && python3 scripts/neg_control_sc19.py && python3 scripts/neg_control_sc20.py && python3 scripts/neg_control_mechanical_parameters.py && python3 scripts/neg_control_sc22.py && python3 scripts/neg_control_sc23.py && python3 scripts/neg_control_sc24.py && python3 scripts/neg_control_sc25.py && node scripts/neg_control_sc26.mjs

PASS  unmodified baseline is clean (errors=0)
PASS  [deform archetype (scale 1 -> 1.5)] rejected with 286 error(s) :: Z1Z2.1: scale 1.5 != 1 — archetype deformed
PASS  [constant azimuth (breaks chain / drifts off axis)] rejected with 212 error(s) :: prox_Ig (batch Ig_like): 74 tilted instances share one azimuth — the chain would drift off axis
PASS  [Fn3 batched as Ig_like (wrong exemplar)] rejected with 133 error(s) :: 3 batches for 2 archetypes — batching is not collapsing to one draw call per archetype
PASS  [drop representative structure] rejected with 1 error(s) :: batch Ig_like: no representative experimental structure recorded
PASS  [erase coordinate-derived geometry provenance] rejected with 3 error(s) :: batch Ig_like: geometry_derived_from_coordinates=false but archetype provenance requires true
PASS  [claim a deliberately broken D/C-zone junction is MEASURED] rejected with 1 error(s) :: chain break Aband_super.58 -> Aband_super.59: 3D gap 10.000 nm exceeds linker budget 0.000 nm by

-- review-added controls --
PASS  [constant azimuth in ONE region only] azimuthErrors=1 :: prox_Ig (batch Ig_like): 74 tilted instances share one azimuth — the chain would drift off
PASS  [undocumented undepicted domain] errors=1 :: N2A: declares 4 Ig_like domain(s) but instances 3 (assembly 'composite_spring') — undocumented omiss

9 passed, 0 failed
PASS  poor enclosure is rejected
PASS  missing enclosure figure is rejected
PASS  undisclaimed orientation is rejected
PASS  unexplained non-adoption is rejected
PASS  drifted axial length is rejected
PASS  single-entry measurement is rejected
PASS  unmodified spec is clean

7 passed, 0 failed
PASS  undocumented sequence variant is rejected
PASS  tag-dominated construct is rejected
PASS  mis-registered chain is rejected
PASS  silently adopting a measured axial length is rejected
PASS  primitive that fails to enclose atoms is rejected
PASS  using the long-axis extent as an axial length is rejected
PASS  single-entry measurement is rejected
PASS  unmodified spec validates clean

8 passed, 0 failed
Phase-6 review negative controls
  PASS  unmodified tree validates clean
  PASS  reverting to the false 'all entries are monomeric' prose is rejected
  PASS  dropping the computed assembly_note is rejected
  PASS  accepting 5JDJ's declared dimer as biological is rejected
  PASS  claiming assembly stoichiometry affects measurements is rejected
  PASS  adopting flexible-linker twist as coordinates is rejected
  PASS  upgrading the azimuth policy to MEASURED is rejected
  PASS  claiming centre-to-centre equals the spec axial rise is rejected
  PASS  dropping the canonical-azimuth disclaimer is rejected
  PASS  inflating independent pairs with a duplicate entry is rejected
  PASS  measuring a non-consecutive domain pair is rejected
  PASS  fitting an axis to a barely-observed domain is rejected
  PASS  resting interdomain geometry on one entry is rejected
  PASS  using a tandem entry for per-domain size is rejected
  PASS  dropping the separate-selection rationale is rejected
  PASS  smuggling a per-domain size into the interdomain record is rejected
  PASS  claiming a twist from the 6.4 A in-situ entry is rejected
  PASS  widening the in-situ entry beyond centroid spacing is rejected
  PASS  dropping the in-situ resolution disclaimer is rejected
  PASS  in-situ spacing disagreeing with crystals by >1 nm is rejected
  PASS  using the 6.4 A in-situ entry for per-domain size is rejected
  PASS  tree validates clean after all restores

22 passed, 0 failed
== SC-0 destructive negative controls ==
  PASS rejected cardiac titin mode
  PASS rejected alternative isoform mode
  PASS rejected laboratory-specific narrative
  PASS rejected reference species changed to mouse
  PASS rejected required scope badge deleted
  PASS rejected MyBP-C promoted above schematic
  PASS rejected M1 density admitted
  PASS rejected thin-filament regulation promoted into core scope
  PASS rejected dangling citation
  PASS rejected copied source figure
  PASS rejected cross-tissue Z-disc source promoted to DIRECT
  PASS rejected M-band source promoted to DIRECT
  PASS rejected continuity proxy promoted above its claim evidence
  PASS rejected evidence visual channel deleted
  PASS rejected Guided label budget raised to 100
  PASS rejected primary M-band source removed
  PASS rejected admitted source missing authors
  PASS rejected admitted source DOI mismatch
ALL SC-0 NEGATIVE CONTROLS PASSED (18 mutations)
  PASS duplicate chapter ID rejected
  PASS unknown narrative target rejected
  PASS missing source closure rejected
  PASS overstated evidence rejected
  PASS chapter targeting a deferred claim rejected
  PASS dense single-sentence chapter summary rejected
  PASS chapter summary with multiple sentences rejected
  PASS hidden out-of-range state rejected
  PASS guided raw evidence rejected
  PASS invalid chapter visibility rejected
  PASS invalid initial target rejected
  PASS MyBP-C scope card deleted rejected
  PASS expert card promoted into Guided mode rejected
  PASS expert card without a non-claim rejected
  PASS expert card citing a missing source rejected
  PASS expert card bound to a structure the runtime cannot select rejected
  PASS expert card unreachable from any structure rejected
  PASS expert card with no established/proposed split rejected
  PASS expert card inventing a finding status rejected
  PASS proposed mechanism presented as established rejected
  PASS guided tour stretched past its declared window rejected
  PASS tour pacing without a stated basis rejected
PRESENTATION NEGATIVE CONTROLS PASSED
== SC-8 integrated destructive controls ==
  PASS rejected a cardiac source substituted for the skeletal MyBP-C parameters
  PASS rejected a MyBP-C placement promoted above SCHEMATIC
  PASS rejected an M-line given the 160 nm bare-zone width
  PASS rejected a single-chain telethonin sandwich
  PASS rejected a presentation claim with no source and no SCHEMATIC status
  PASS rejected sarcomere length coupled to activation
  PASS rejected a selection that moves geometry or changes evidence opacity

SHOWCASE RELEASE NEGATIVE CONTROLS PASSED (7/7 controls)
== SC-18 release-gate v2 destructive controls ==
  PASS unsupported schema rejected
  PASS release ready while gates are outstanding rejected
  PASS required identity check deleted rejected
  PASS automated PASS points at no verifier rejected
  PASS section PASS hides outstanding checks rejected
  PASS browser PASS has no append-only evidence rejected
  PASS evidence ref points outside evidence tree rejected
  PASS evidence ref omits candidate identity rejected
  PASS scientific decision ID deleted rejected
  PASS PENDING decision invents a reviewer rejected
  PASS lay protocol ID renamed rejected
  PASS lay question deleted rejected
  PASS lay PASS has no participants rejected
  PASS lay PASS misses per-question floor rejected
  PASS expert protocol role coverage changed rejected
  PASS expert PASS has no reviewers rejected
  PASS expert PASS retains a MAJOR finding rejected
  PASS visual matrix PASS has no captures rejected
  PASS final condition deleted rejected
  PASS passing final condition has no verifier rejected
  PASS condition waits on a gate already PASS rejected
  PASS outstanding gate hidden from blockers rejected
  PASS source-link contrast flattened rejected
  PASS declared source-link colour does not ship rejected
  PASS declared object colour does not ship from the data-owned palette rejected
  PASS declared object colour cannot borrow another palette role rejected
  PASS release artifact points at missing generator rejected
RELEASE-GATE V2 NEGATIVE CONTROLS PASSED (27 mutations)
PASS  coordinate-frame mutation: FATAL coordinate-frame mismatch between pinned features and titin.json
PASS  one-residue region mutation: region-feature report diverges from the pinned features/titin boundaries
PASS  one-domain mutation: normalized feature payload digest is stale
PASS  off-by-one feature length: features:DOMAIN:Ig-like-1:6-96 has an off-by-one residue length
PASS  duplicate upstream assignment: features:DOMAIN:Ig-like-1:6-96 has a missing or duplicate feature ID
PASS  mapping offset without VAR_SEQ: applied isoform mapping lacks upstream VAR_SEQ IDs/offsets
PASS  canonical isoform mutation: unapplied mapping does not name the canonical isoform
PASS  VAR_SEQ coordinate mutation: alternative_sequences:VSP_019138 has an off-by-one residue length
PASS  unreviewed tissue identity: Q8WZ42-1 may not acquire an unreviewed tissue claim
PASS  literal public badge fallback: public badge has a literal/fallback label instead of label_ref
PASS  template drops normalized ledger: template does not render scope/mechanics from the normalized ledger
PASS  missing exact locator: claim scope_badge support[0] has a missing identifier, locator, or extraction note
PASS  permitted but wrong quantitative unit: claim aband_periodicity_relation length-like quantity must use nm
PASS  absent subject metadata: claim scope_badge has absent subject/preparation metadata
PASS  unresolved source identifier: claim scope_badge support[0] has unresolved identifier 10.9999/not-registered
PASS  claimed human review without reviewer: claim scope_badge claims human review without reviewer metadata
PASS  project-owner approval loses its evidence basis: claim sarcomere_definition has invalid project-owner approval provenance
PASS  project-owner approval claims independent review: claim actomyosin_motor_function project-owner approval overstates independent human review
PASS  SCHEMATIC render promotes claim class: showcase object mybpc_czone_context changed claim class at the render boundary
PASS  invalid public JSON pointer: claim scope_badge public binding data/showcase_claims.json#/objects/scope_badge/claim does not resolve through its SC-27A target(s): data/showcase_claims.json#/objects/scope_badge/claim does not resolve: invalid literal for int() with base 10: 'scope_badge'
PASS  valid but wrong public pointer: showcase object scope_badge is not bound to its exact visible claim at data/showcase_claims.json#/objects/0/claim
PASS  source subject relabeled skeletal: claim lattice_cross_section support[0] has source-subject metadata inconsistent with the primary preparation
PASS  visible annotation loses claim binding: annotation component-thick-filament has no claim-support IDs
PASS  valid-source rebinding invalidates approval: claim titin_continuity_trace reviewed payload digest is stale
PASS  locator mutation invalidates approval: claim titin_continuity_trace reviewed payload digest is stale
PASS  subject/preparation mutation invalidates approval: claim titin_continuity_trace reviewed payload digest is stale
PASS  stale decision ruling: SD-01 reviewed decision payload digest is stale/self-referential
PASS  self-referential decision digest: SD-01 reviewed decision payload digest is stale/self-referential
PASS  SD-01 deferred consumption: SD-01 has no DEFERRED implementation path
PASS  review packet byte mutation: SD-02 evidence-packet byte digest is stale
PASS  missing reviewer role: SD-03 lacks its required reviewer role
PASS  unregistered DOI injection: unregistered identifier: 10.9999/unregistered-sc19-control

32 SC-19 destructive controls passed
SC-20 negative controls: PASS (11/11 destructive mutations rejected)
SC-21 mechanical-parameter negative controls: PASS (19/19 mutations rejected; approved fixture accepted)
SC-22 claim/source negative control: PASS (valid unrelated source and missing annotation binding rejected)
  PASS invented semantic scene ID rejected
  PASS scientific coordinate smuggled into scene rejected
  PASS undeclared numeric scene constant rejected
  PASS numeric value in admitted scene field rejected
  PASS evidence class smuggled into scene value rejected
  PASS scene camera drift rejected
  PASS unresolved scene claim rejected
  PASS legacy alias drift rejected
  PASS opening motor concept removed rejected
  PASS approved content falsely marked blocked rejected
SC-23 NEGATIVE CONTROLS PASSED
  PASS missing required control scene rejected
  PASS unresolved control-scene claim rejected
  PASS duplicate control-scene claim rejected
  PASS scale/context contradiction rejected
  PASS ambiguous lattice ring count rejected
  PASS close-up without required detail rejected
  PASS scientific coordinate smuggled into control scene rejected
SC-24 NEGATIVE CONTROLS PASSED
== SC-25 picking policy ==
  PASS pick proxy allowed to render rejected
  PASS pick proxy counted as geometry rejected
  PASS selection allowed to steer a ray rejected
  PASS decoration made pickable rejected
  PASS tolerance chosen instead of derived rejected
  PASS reordered resolution policy rejected
  PASS proxies moved onto the rendered layer rejected
  PASS titin emphasis widened beyond the Learn depth rejected
  PASS trace drawn wider than the tolerance admits rejected
  PASS picking policy removed entirely rejected
  PASS resolver renames a reviewed reason code rejected
  PASS resolver renames the titin clause rejected
  PASS resolver reaches for renderer objects rejected

== SC-25 hit grid ==
  PASS intended flag flipped to hide a miss rejected
  PASS a sample offset nudged off the declared spacing rejected
  PASS coverage inflated by editing the totals rejected
  PASS the intended radius widened past the reviewed tolerance rejected
  PASS an offset attributed to a path the scene does not sample rejected
  PASS a migration recorded without saying what changed rejected

SC-25 NEGATIVE CONTROLS PASSED
  PASS unsupported force coerced to zero rejected
  PASS CSV candidate identity changed rejected
  PASS generation timestamp injected rejected
  PASS contract fingerprint changed rejected
  PASS header-only force CSV rejected
  PASS invalid RFC quote transition rejected
  PASS invented evaluation status rejected
  PASS deep-link story-step drift rejected
  PASS forged app identity rejected
  PASS missing candidate manifest rejected
  PASS caller-provided claim IDs ignored
SC-26 NEGATIVE CONTROLS PASSED

> titin-visualization@0.3.0 validate
> python3 scripts/validate_geometry.py

== JSON validity ==
  PASS sarcomere.json
  PASS titin.json
  PASS structural_states.json
  PASS geometry_sources.json
  PASS references.json
  PASS geometry_strategy.json
  PASS mechanical_model.json
  PASS showcase_claims.json
  PASS presentation.json
  PASS scenes.json
  PASS annotations.json
  PASS release_gates.json
== Validator covers every spec file ==
  PASS every .json in data/ is validated somewhere (uncovered: [])
  PASS registry names no file that has been deleted (stale: [])
  PASS deferred file context_measurements.json is still referenced by its validating section (== Phase 11: context_measurements.json ==)
  PASS deferred file interdomain_measurements.json is still referenced by its validating section (_ID_PATH block (Phase 6 interdomain geometry))
  PASS deferred file structure_measurements.json is still referenced by its validating section (Phase 6 structure-measurement provenance checks)
  PASS deferred file domain_backbones.json is still referenced by its validating section (== SC-16.2: domain_backbones.json ==)
  PASS external validator for scientific_scope.json exists (validate_scientific_scope.py)
  PASS external validator validate_scientific_scope.py names scientific_scope.json
  PASS external validator for titin_sequence_features.json exists (validate_sequence_features.py)
  PASS external validator validate_sequence_features.py names titin_sequence_features.json
  PASS external validator for claim_support.json exists (validate_claim_support.py)
  PASS external validator validate_claim_support.py names claim_support.json
  PASS external validator for scientific_decisions.json exists (validate_scientific_decisions.py)
  PASS external validator validate_scientific_decisions.py names scientific_decisions.json
  PASS external validator for render_style.json exists (validate_render_style.py)
  PASS external validator validate_render_style.py names render_style.json
  PASS external validator for mechanical_parameters.json exists (validate_mechanical_parameters.py)
  PASS external validator validate_mechanical_parameters.py names mechanical_parameters.json
  PASS all 22 spec files accounted for (12 eager, 4 deferred, 6 external)
== Structural raw-source reproducibility ==
  PASS raw structural source manifest has the expected schema
  PASS raw structural source filenames are unique
  PASS every raw structural source is SHA-256 pinned
  PASS every raw structural source records a positive byte count
  PASS every raw structural source uses an explicit HTTPS URL
  PASS manifest covers every measurement input (missing: [])
  PASS structure_measurements.json points to the byte-pinned raw-source manifest
  PASS interdomain_measurements.json points to the byte-pinned raw-source manifest
  PASS context_measurements.json points to the byte-pinned raw-source manifest
  PASS cached raw source 3PUC.cif matches its pin
  PASS cached raw source 5JDJ.cif matches its pin
  PASS cached raw source 1TIT.cif matches its pin
  PASS cached raw source 8OMW.cif matches its pin
  PASS cached raw source 8OT5.cif matches its pin
  PASS cached raw source 1TKI.cif matches its pin
  PASS cached raw source 4JNW.cif matches its pin
  PASS cached raw source 3LPW.cif matches its pin
  PASS cached raw source 8BXR.cif matches its pin
  PASS cached raw source 8BNQ.cif matches its pin
  PASS cached raw source 2J8O.cif matches its pin
  PASS cached raw source 6YGN.cif matches its pin
  PASS cached raw source 8G4L_sifts.json matches its pin
  PASS cached raw source 6KN7.cif matches its pin
  PASS cached raw source 3PUC_sifts.json matches its pin
  PASS cached raw source 5JDJ_sifts.json matches its pin
  PASS cached raw source 1TIT_sifts.json matches its pin
  PASS cached raw source 8OMW_sifts.json matches its pin
  PASS cached raw source 8OT5_sifts.json matches its pin
  PASS cached raw source 1TKI_sifts.json matches its pin
  PASS cached raw source 4JNW_sifts.json matches its pin
  PASS cached raw source 3LPW_sifts.json matches its pin
  PASS cached raw source 8BXR_sifts.json matches its pin
  PASS cached raw source 8BNQ_sifts.json matches its pin
  PASS cached raw source 2J8O_sifts.json matches its pin
  PASS cached raw source 6YGN_sifts.json matches its pin
  PASS cached raw source Q8WZ42.fasta matches its pin
  PASS cached raw source Q8WZ42_ft_domain.json matches its pin
== Cross-reference integrity ==
  PASS all cited DOIs present (missing: [])
== SC-0 showcase claim registry ==
  PASS showcase claim matrix has the reviewed schema
  PASS showcase claim matrix is non-empty
  PASS showcase claim object IDs are unique
  PASS showcase external sources resolve (missing: [])
  PASS showcase internal sources resolve to repository files
== SC-1 presentation registry ==
  PASS presentation record has the SC-27A schema
  PASS semantic scene record has the SC-23 schema
  PASS presentation record IDs are globally unique
  PASS presentation source IDs resolve (missing: [])
== SC-4 annotation registry ==
  PASS annotation catalog has the reviewed SC-4 schema
  PASS annotation IDs and biological targets are unique
  PASS annotation source IDs resolve (missing: [])
  PASS annotation evidence stays within its admitted claim ([])
== SC-18 release-gate registry ==
  PASS release-gate record has the reviewed SC-18 schema
  PASS every release-gate section is present (missing: [])
  PASS release_ready is not claimed while gates are outstanding (['claim_entailment', 'mechanical_validity', 'deployment_parity', 'visual_matrix', 'lay_comprehension', 'expert_review', 'accessibility', 'performance', 'demo_rehearsal', 'final_release_definition'])
  PASS every automated release check names a real file ([])
== Titin domain reconciliation (UniProt Q8WZ42) ==
  PASS curated Ig-like total == 153 (got 153; UniProt rows remain 152 separately)
  PASS Fn3 total == 132 (got 132)
== Structural-state numerical identities ==
  PASS contracted: half-sarcomere==SL/2
  PASS contracted: I-band==SL/2-800
  PASS contracted: titin elastic span==I-band half-width - Z-disc half-width
  PASS contracted: extension components sum==titin_I_band_total
  PASS contracted: distal titin end==A-band tip
  PASS resting: half-sarcomere==SL/2
  PASS resting: I-band==SL/2-800
  PASS resting: titin elastic span==I-band half-width - Z-disc half-width
  PASS resting: extension components sum==titin_I_band_total
  PASS resting: distal titin end==A-band tip
  PASS stretched: half-sarcomere==SL/2
  PASS stretched: I-band==SL/2-800
  PASS stretched: titin elastic span==I-band half-width - Z-disc half-width
  PASS stretched: extension components sum==titin_I_band_total
  PASS stretched: distal titin end==A-band tip
  PASS extended_reference: half-sarcomere==SL/2
  PASS extended_reference: I-band==SL/2-800
  PASS extended_reference: titin elastic span==I-band half-width - Z-disc half-width
  PASS extended_reference: extension components sum==titin_I_band_total
  PASS extended_reference: distal titin end==A-band tip
== Evidence-class vocabulary ==
  PASS param 'Resting/working length' has a source
  PASS param 'Cross-study tested sarcomere-length span' has a source
  PASS param 'Molecular span' has a source
  PASS param 'Molecular mass (isoform-dependent)' has a source
  PASS param 'Myosin H periodicity' has a source
  PASS param 'Myosin crowns per axial repeat' has a source
  PASS param 'Crown axial spacing' has a source
  PASS param 'Thick-filament L periodicity' has a source
  PASS param 'Ig/Fn3 domains per super-repeat' has a source
  PASS param 'Mean A-band titin domain spacing' has a source
  PASS param 'Number of C-zone super-repeats' has a source
  PASS param 'Folded Ig/Fn3 domain axial length' has a source
  PASS param 'N2A unique-seq contour length' has a source
  PASS param 'N2A unique-seq persistence length' has a source
  PASS param 'UN2A three-helix bundle length' has a source
  PASS param 'Width (super-resolution)' has a source
  PASS param 'α-actinin/actin doublet spacing' has a source
  PASS param 'Actin tip free of α-actinin links' has a source
  PASS param 'Thin-filament length (max at SL 3.0 µm)' has a source
  PASS param 'Ig domain unfolding force (AFM, fast pul' has a source
  PASS param 'Ig domain equilibrium (re)folding force' has a source
  PASS param 'd10 response over rat-cardiac working le' has a source
  PASS param 'Lattice geometry' has a source
  PASS param 'd10 vs sarcomere length scaling (constan' has a source
  PASS param 'Real effective Poisson ratio (contractin' has a source
  PASS param 'Thick-thin surface separation (cross-bri' has a source
  PASS param 'Ig_like domain cross-section (mean of tw' has a source
  PASS param 'Ig_like domain N-to-C extent' has a source
  PASS param 'Fn3 domain cross-section (mean of two sm' has a source
  PASS param 'Fn3 domain N-to-C extent' has a source
  PASS param 'kinase domain cross-section (mean of two' has a source
  PASS param 'kinase domain N-to-C extent' has a source
  PASS param 'MyBP-C C-zone stripe axial periodicity' has a source
  PASS param 'MyBP-C molecules per C-zone stripe' has a source
  PASS SCHEMATIC + UNKNOWN classes present in titin spec
== Phase-0 quantitative-value metadata (9 required fields per parameter) ==
  PASS param 'Resting/working length' has all 9 Phase-0 fields
  PASS param 'Cross-study tested sarcomere-length sp' has all 9 Phase-0 fields
  PASS param 'Molecular span' has all 9 Phase-0 fields
  PASS param 'Molecular mass (isoform-dependent)' has all 9 Phase-0 fields
  PASS param 'Myosin H periodicity' has all 9 Phase-0 fields
  PASS param 'Myosin crowns per axial repeat' has all 9 Phase-0 fields
  PASS param 'Crown axial spacing' has all 9 Phase-0 fields
  PASS param 'Thick-filament L periodicity' has all 9 Phase-0 fields
  PASS param 'Ig/Fn3 domains per super-repeat' has all 9 Phase-0 fields
  PASS param 'Mean A-band titin domain spacing' has all 9 Phase-0 fields
  PASS param 'Number of C-zone super-repeats' has all 9 Phase-0 fields
  PASS param 'Folded Ig/Fn3 domain axial length' has all 9 Phase-0 fields
  PASS param 'N2A unique-seq contour length' has all 9 Phase-0 fields
  PASS param 'N2A unique-seq persistence length' has all 9 Phase-0 fields
  PASS param 'UN2A three-helix bundle length' has all 9 Phase-0 fields
  PASS param 'Width (super-resolution)' has all 9 Phase-0 fields
  PASS param 'α-actinin/actin doublet spacing' has all 9 Phase-0 fields
  PASS param 'Actin tip free of α-actinin links' has all 9 Phase-0 fields
  PASS param 'Thin-filament length (max at SL 3.0 µm' has all 9 Phase-0 fields
  PASS param 'Ig domain unfolding force (AFM, fast p' has all 9 Phase-0 fields
  PASS param 'Ig domain equilibrium (re)folding forc' has all 9 Phase-0 fields
  PASS param 'd10 response over rat-cardiac working ' has all 9 Phase-0 fields
  PASS param 'Lattice geometry' has all 9 Phase-0 fields
  PASS param 'd10 vs sarcomere length scaling (const' has all 9 Phase-0 fields
  PASS param 'Real effective Poisson ratio (contract' has all 9 Phase-0 fields
  PASS param 'Thick-thin surface separation (cross-b' has all 9 Phase-0 fields
  PASS param 'Ig_like domain cross-section (mean of ' has all 9 Phase-0 fields
  PASS param 'Ig_like domain N-to-C extent' has all 9 Phase-0 fields
  PASS param 'Fn3 domain cross-section (mean of two ' has all 9 Phase-0 fields
  PASS param 'Fn3 domain N-to-C extent' has all 9 Phase-0 fields
  PASS param 'kinase domain cross-section (mean of t' has all 9 Phase-0 fields
  PASS param 'kinase domain N-to-C extent' has all 9 Phase-0 fields
  PASS param 'MyBP-C C-zone stripe axial periodicity' has all 9 Phase-0 fields
  PASS param 'MyBP-C molecules per C-zone stripe' has all 9 Phase-0 fields
== Phase-1 component record completeness ==
  PASS sarcomere component 'zdisc' complete
  PASS sarcomere component 'thin_filament' complete
  PASS sarcomere component 'thick_filament' complete
  PASS sarcomere component 'mline' complete
  PASS sarcomere component 'lattice' complete
  PASS titin region 'Z1Z2' complete
  PASS titin region 'Z1Z2' delegates sequence identity to the scope ledger
  PASS titin region 'Z1Z2' does not duplicate sequence identity
  PASS titin region 'prox_Ig' complete
  PASS titin region 'prox_Ig' delegates sequence identity to the scope ledger
  PASS titin region 'prox_Ig' does not duplicate sequence identity
  PASS titin region 'N2A' complete
  PASS titin region 'N2A' delegates sequence identity to the scope ledger
  PASS titin region 'N2A' does not duplicate sequence identity
  PASS titin region 'post_N2A_unknown' complete
  PASS titin region 'post_N2A_unknown' delegates sequence identity to the scope ledger
  PASS titin region 'post_N2A_unknown' does not duplicate sequence identity
  PASS titin region 'PEVK' complete
  PASS titin region 'PEVK' delegates sequence identity to the scope ledger
  PASS titin region 'PEVK' does not duplicate sequence identity
  PASS titin region 'dist_Ig' complete
  PASS titin region 'dist_Ig' delegates sequence identity to the scope ledger
  PASS titin region 'dist_Ig' does not duplicate sequence identity
  PASS titin region 'Aband_super' complete
  PASS titin region 'Aband_super' delegates sequence identity to the scope ledger
  PASS titin region 'Aband_super' does not duplicate sequence identity
  PASS titin region 'kinase' complete
  PASS titin region 'kinase' delegates sequence identity to the scope ledger
  PASS titin region 'kinase' does not duplicate sequence identity
  PASS titin region 'Mline' complete
  PASS titin region 'Mline' delegates sequence identity to the scope ledger
  PASS titin region 'Mline' does not duplicate sequence identity
== Attachment-point sourcing (every attachment cites a real reference) ==
  PASS Z1Z2 attachment 'telethonin (TCAP)' cites a known reference
  PASS Z1Z2 attachment 'telethonin (TCAP)' has a valid evidence class
  PASS Z1Z2 attachment 'alpha-actinin-2 / Z-disc latti' cites a known reference
  PASS Z1Z2 attachment 'alpha-actinin-2 / Z-disc latti' has a valid evidence class
  PASS prox_Ig attachment 'none (free elastic segment)' cites a known reference
  PASS prox_Ig attachment 'none (free elastic segment)' has a valid evidence class
  PASS N2A attachment 'N2A-signalosome candidates (e.' cites a known reference
  PASS N2A attachment 'N2A-signalosome candidates (e.' has a valid evidence class
  PASS PEVK attachment 'actin (reported transient/elec' cites a known reference
  PASS PEVK attachment 'actin (reported transient/elec' has a valid evidence class
  PASS dist_Ig attachment 'none free; terminates at the t' cites a known reference
  PASS dist_Ig attachment 'none free; terminates at the t' has a valid evidence class
  PASS Aband_super attachment 'myosin thick filament / MyBP-C' cites a known reference
  PASS Aband_super attachment 'myosin thick filament / MyBP-C' has a valid evidence class
  PASS kinase attachment 'titin kinase domain interactor' cites a known reference
  PASS kinase attachment 'titin kinase domain interactor' has a valid evidence class
  PASS Mline attachment 'obscurin-like 1 (OBSL1)' cites a known reference
  PASS Mline attachment 'obscurin-like 1 (OBSL1)' has a valid evidence class
  PASS Mline attachment 'myomesin / M-line lattice' cites a known reference
  PASS Mline attachment 'myomesin / M-line lattice' has a valid evidence class

== Phase-4 titin chain topology (single continuous polypeptide) ==
  PASS titin chain continuous Z1Z2 -> prox_Ig
  PASS titin chain continuous prox_Ig -> N2A
  PASS titin chain continuous N2A -> post_N2A_unknown
  PASS titin chain continuous post_N2A_unknown -> PEVK
  PASS titin chain continuous PEVK -> dist_Ig
  PASS titin chain continuous dist_Ig -> Aband_super
  PASS titin chain continuous Aband_super -> kinase
  PASS titin chain continuous kinase -> Mline
  PASS Z1Z2 axial_length_nm agrees with X_start/X_end
  PASS prox_Ig axial_length_nm agrees with X_start/X_end
  PASS N2A axial_length_nm agrees with X_start/X_end
  PASS post_N2A_unknown axial_length_nm agrees with X_start/X_end
  PASS PEVK axial_length_nm agrees with X_start/X_end
  PASS dist_Ig axial_length_nm agrees with X_start/X_end
  PASS Aband_super axial_length_nm agrees with X_start/X_end
  PASS kinase axial_length_nm agrees with X_start/X_end
  PASS Mline axial_length_nm agrees with X_start/X_end
  PASS titin N-terminus (Z1Z2) starts at the Z-disc centre (X=0)
  PASS titin C-terminus reaches the M-line centre (half-sarcomere)
  PASS anchored titin spans the half thick filament (800.0 vs 800.0 nm)
  PASS A-band titin starts at the thick-filament tip (I/A junction)
  PASS contracted/prox_Ig axial rise 1.142 nm <= folded length 4.0 nm (no unfolding implied)
  PASS contracted/dist_Ig axial rise 1.143 nm <= folded length 4.0 nm (no unfolding implied)
  PASS resting/prox_Ig axial rise 2.574 nm <= folded length 4.0 nm (no unfolding implied)
  PASS resting/dist_Ig axial rise 2.574 nm <= folded length 4.0 nm (no unfolding implied)
  PASS stretched/prox_Ig axial rise 3.181 nm <= folded length 4.0 nm (no unfolding implied)
  PASS stretched/dist_Ig axial rise 3.181 nm <= folded length 4.0 nm (no unfolding implied)
  PASS extended_reference/prox_Ig axial rise 3.688 nm <= folded length 4.0 nm (no unfolding implied)
  PASS extended_reference/dist_Ig axial rise 3.688 nm <= folded length 4.0 nm (no unfolding implied)

== SC-20 A-band zoning (source-context derived C-zone interval) ==
  PASS C-zone block 481.58000000000004 nm fits the bound A-band span 695.0 nm
  PASS D-zone remainder is positive (179 total - 121 C-zone = 58)
  PASS A-band span is NOT the whole-region super-repeat product — confirms the D-zone needs its own (unsourced, SCHEMATIC) spacing

== Phase-5 repeated-domain strategy (archetypes + representative structures) ==
  PASS selection provenance recorded (criteria + rejected candidates are auditable)
  PASS fold class Fn3 occurring in titin.json has its own archetype
  PASS fold class Ig_like occurring in titin.json has its own archetype
  PASS archetype Ig_like names a representative experimental structure
  PASS archetype Ig_like representative pdb_id '3PUC' is a valid PDB code
  PASS archetype Ig_like representative maps to the reference accession Q8WZ42
  PASS archetype Ig_like representative span {'start': 33774, 'end': 33871} lies inside the canonical sequence
  PASS archetype Ig_like representative states what it does NOT claim
  PASS archetype Fn3 names a representative experimental structure
  PASS archetype Fn3 representative pdb_id '8OMW' is a valid PDB code
  PASS archetype Fn3 representative maps to the reference accession Q8WZ42
  PASS archetype Fn3 representative span {'start': 16525, 'end': 16630} lies inside the canonical sequence
  PASS archetype Fn3 representative states what it does NOT claim
  PASS archetype kinase names a representative experimental structure
  PASS archetype kinase representative pdb_id '1TKI' is a valid PDB code
  PASS archetype kinase representative maps to the reference accession Q8WZ42
  PASS archetype kinase representative span {'start': 32172, 'end': 32492} lies inside the canonical sequence
  PASS archetype kinase representative states what it does NOT claim
  PASS Ig_like and Fn3 archetypes share one axial length (per-zone tilt assumes it)
  PASS region PEVK reported structure-free: declares none — consistent
  PASS region post_N2A_unknown reported structure-free: declares none — consistent
  PASS adoption records exist only alongside the measurements file
  PASS adoption record documents 'adopted'
  PASS adoption record documents 'not_adopted'
  PASS adoption record documents 'layout_invariance'
  PASS adoption record documents 'representation_choice'
  PASS adoption record documents 'asset_export'
  PASS Ig_like carries measured_geometry
  PASS Ig_like measured geometry rests on >=2 independent PDB entries (got 3)
  PASS Ig_like entries_used matches n_independent_entries
  PASS Ig_like measurement cites a registered PDB-derived source
  PASS Ig_like chosen primitive 'capsule' encloses >=95% of heavy atoms (got 0.9882)
  PASS Ig_like records the schematic lateral diameter it replaced
  PASS Ig_like lateral diameter actually changed from its placeholder
  PASS Ig_like lateral diameter cites its measurement
  PASS Ig_like reports N-to-C angle against its long axis
  PASS Fn3 carries measured_geometry
  PASS Fn3 measured geometry rests on >=2 independent PDB entries (got 2)
  PASS Fn3 entries_used matches n_independent_entries
  PASS Fn3 measurement cites a registered PDB-derived source
  PASS Fn3 chosen primitive 'capsule' encloses >=95% of heavy atoms (got 0.9819)
  PASS Fn3 records the schematic lateral diameter it replaced
  PASS Fn3 lateral diameter actually changed from its placeholder
  PASS Fn3 lateral diameter cites its measurement
  PASS Fn3 reports N-to-C angle against its long axis
  PASS kinase carries measured_geometry
  PASS kinase measured geometry rests on >=2 independent PDB entries (got 2)
  PASS kinase entries_used matches n_independent_entries
  PASS kinase measurement cites a registered PDB-derived source
  PASS kinase chosen primitive 'ellipsoid' encloses >=95% of heavy atoms (got 0.9743)
  PASS kinase records the schematic lateral diameter it replaced
  PASS kinase lateral diameter actually changed from its placeholder
  PASS kinase lateral diameter cites its measurement
  PASS kinase reports N-to-C angle against its long axis
  PASS kinase chain runs 42.727 deg off its long axis and must disclaim any orientation claim
  PASS kinase must not use its long-axis extent as an axial length
  PASS Ig_like must NOT adopt a measured axial length (it drives layout)
  PASS Ig_like records why the measurement was not adopted
  PASS Ig_like axial length remains the literature 4.0 nm (got 4.0)
  PASS Ig_like names the literature source it retains
  PASS Ig_like literature value lies within 2 SD of the measurement (got 1.03 SD) — beyond that, retention needs re-argument
  PASS Fn3 must NOT adopt a measured axial length (it drives layout)
  PASS Fn3 records why the measurement was not adopted
  PASS Fn3 axial length remains the literature 4.0 nm (got 4.0)
  PASS Fn3 names the literature source it retains
  PASS Fn3 literature value lies within 2 SD of the measurement (got 1.3 SD) — beyond that, retention needs re-argument
  PASS kinase has an axial length (was absent; instances emitted null)
  PASS kinase axial length is its measured N-to-C extent, not its long axis
  PASS adoption states that no mesh asset is exported
  PASS Ig_like chain 3PUC/A matches Q8WZ42 across its mapped span at >=98% (got 1.0)
  PASS Ig_like chain 3PUC/A has at most one sequence difference from canonical (got 0)
  PASS Ig_like chain 3PUC/A is >=90% native titin residues (got 0.9898)
  PASS Ig_like chain 3PUC/A records which observed residues are non-native construct remnants
  PASS Ig_like chain 5JDJ/A matches Q8WZ42 across its mapped span at >=98% (got 1.0)
  PASS Ig_like chain 5JDJ/A has at most one sequence difference from canonical (got 0)
  PASS Ig_like chain 5JDJ/A is >=90% native titin residues (got 0.967)
  PASS Ig_like chain 5JDJ/A records which observed residues are non-native construct remnants
  PASS Ig_like chain 1TIT/A matches Q8WZ42 across its mapped span at >=98% (got 0.9888)
  PASS Ig_like chain 1TIT/A differs from Q8WZ42 at position 12679 (K->E) and that difference is documented as a verified variant
  PASS Ig_like chain 1TIT/A has at most one sequence difference from canonical (got 1)
  PASS Ig_like chain 1TIT/A is >=90% native titin residues (got 0.9888)
  PASS Ig_like chain 1TIT/A records which observed residues are non-native construct remnants
  PASS Fn3 chain 8OMW/A matches Q8WZ42 across its mapped span at >=98% (got 1.0)
  PASS Fn3 chain 8OMW/A has at most one sequence difference from canonical (got 0)
  PASS Fn3 chain 8OMW/A is >=90% native titin residues (got 0.9907)
  PASS Fn3 chain 8OMW/A records which observed residues are non-native construct remnants
  PASS Fn3 chain 8OT5/A matches Q8WZ42 across its mapped span at >=98% (got 1.0)
  PASS Fn3 chain 8OT5/A has at most one sequence difference from canonical (got 0)
  PASS Fn3 chain 8OT5/A is >=90% native titin residues (got 0.9808)
  PASS Fn3 chain 8OT5/A records which observed residues are non-native construct remnants
  PASS kinase chain 1TKI/A matches Q8WZ42 across its mapped span at >=98% (got 1.0)
  PASS kinase chain 1TKI/A has at most one sequence difference from canonical (got 0)
  PASS kinase chain 1TKI/A is >=90% native titin residues (got 1.0)
  PASS kinase chain 1TKI/A records which observed residues are non-native construct remnants
  PASS kinase chain 4JNW/B matches Q8WZ42 across its mapped span at >=98% (got 1.0)
  PASS kinase chain 4JNW/B has at most one sequence difference from canonical (got 0)
  PASS kinase chain 4JNW/B is >=90% native titin residues (got 1.0)
  PASS kinase chain 4JNW/B records which observed residues are non-native construct remnants
  PASS 3PUC records a computed assembly_note
  PASS 3PUC assembly stoichiometry does not affect measurements (each chain is fitted individually)
  PASS 5JDJ records a computed assembly_note
  PASS 5JDJ assembly stoichiometry does not affect measurements (each chain is fitted individually)
  PASS 5JDJ declares ['dimeric'] and reports the observed interfaces that adjudicate it
  PASS 5JDJ declared multimer is adjudicated as crystal packing (largest interfaces are not declared partners)
  PASS 1TIT records a computed assembly_note
  PASS 1TIT assembly stoichiometry does not affect measurements (each chain is fitted individually)
  PASS 8OMW records a computed assembly_note
  PASS 8OMW assembly stoichiometry does not affect measurements (each chain is fitted individually)
  PASS 8OT5 records a computed assembly_note
  PASS 8OT5 assembly stoichiometry does not affect measurements (each chain is fitted individually)
  PASS 1TKI records a computed assembly_note
  PASS 1TKI assembly stoichiometry does not affect measurements (each chain is fitted individually)
  PASS 4JNW records a computed assembly_note
  PASS 4JNW assembly stoichiometry does not affect measurements (each chain is fitted individually)
  PASS method.assembly is per-entry and does not claim all entries monomeric
  PASS interaction geometry between consecutive domains is measured (data/interdomain_measurements.json)
  PASS interdomain geometry rests on >=3 independent entries (got 4)
  PASS each independent interdomain pair comes from a distinct entry (lattice copies must not inflate n)
  PASS 3LPW pair is consecutive (gap 1 residues)
  PASS 3LPW pair has >=60 observed CA per domain (got [96, 93])
  PASS 3LPW pair yields a defined twist
  PASS 8BXR pair is consecutive (gap 3 residues)
  PASS 8BXR pair has >=60 observed CA per domain (got [96, 97])
  PASS 8BXR pair yields a defined twist
  PASS 8BNQ pair is consecutive (gap 5 residues)
  PASS 8BNQ pair has >=60 observed CA per domain (got [96, 96])
  PASS 8BNQ pair yields a defined twist
  PASS 2J8O pair is consecutive (gap 9 residues)
  PASS 2J8O pair has >=60 observed CA per domain (got [91, 92])
  PASS 2J8O pair yields a defined twist
  PASS spec records interdomain_geometry
  PASS interdomain geometry is NOT adopted as coordinates, and says why (flexible linker; one crystal conformation is not canonical)
  PASS interdomain record disclaims a canonical per-domain azimuth
  PASS centre-to-centre distance is not claimed to equal the spec axial rise
  PASS interdomain measurement is tied to the azimuth policy it constrains
  PASS the azimuth policy remains SCHEMATIC after measurement (a bound is not an in vivo azimuth)
  PASS measurement excludes a CONSTANT azimuth (|twist| median 163.188 deg)
  PASS interdomain record carries the in-situ cross-check
  PASS the in-situ entry is explicitly low-resolution
  PASS the in-situ entry measures centroid spacing ONLY
  PASS the in-situ entry explicitly declines axes, bend and twist at 6.4 A
  PASS in-situ record claims no bend_deg (resolution does not support it)
  PASS in-situ record claims no abs_twist_deg (resolution does not support it)
  PASS in-situ record claims no twist_deg (resolution does not support it)
  PASS in-situ and crystal spacing agree within 1 nm (diff -0.449 nm)
  PASS in-situ spacing corroborates the retained literature 4.0 nm (diff 0.102 nm)
  PASS the in-situ entry is not used for per-domain size
  PASS interdomain record explains why it needs its own entry selection
  PASS Ig_like per-domain size uses no tandem entry (leaked: [])
  PASS Fn3 per-domain size uses no tandem entry (leaked: [])
  PASS kinase per-domain size uses no tandem entry (leaked: [])
  PASS interdomain record claims no per-domain size field
  PASS measured centre-to-centre 4.402 nm is within 2 nm of the archetype axial length 4.0 nm (one domain per tandem step)

== Phase 3: geometric_relationships encode_as directives ==
  PASS encode_as for 'thick_filament_crown_periodicity' is realised in src/ or declared unrealised (tokens tried: ['crown', 'crown_axial_spacing'])
  PASS encode_as for 'titin_Aband_periodicities' is realised in src/ or declared unrealised (tokens tried: ['arithmetic', 'interval', 'labelled', 'source'])
  PASS encode_as for 'lattice_d10_scaling' is realised in src/ or declared unrealised (tokens tried: ['geometryengine', 'latticed', 'interpolated', 'linearly'])
  PASS encode_as for 'ig_domain_aspect' is realised in src/ or declared unrealised (tokens tried: ['capsule', 'archetype', 'axial', 'lateral'])

== Phase 11: context_measurements.json ==
  PASS schema follows the established convention (got 'titin-context-measurements/1')
  PASS carries a provenance block
  PASS has measurements (15)
  PASS every entry's evidence_class is in the Phase 1 enum (bad: [])
  PASS every entry carries muscle_type per meta.isoform_reconciliation (missing: [])
  PASS every entry carries a unit (missing: [])
  PASS every entry's source resolves to a reference (unresolved: [])
  PASS every cardiac value states its skeletal transferability (missing: [])
  PASS declares what it does not claim

== SC-16.2: domain_backbones.json ==
  PASS schema follows the established convention (got 'titin-domain-backbones/1')
  PASS declares what it does not claim
  PASS has archetype backbones (3)
  PASS each backbone comes from the archetype's own representative structure (mismatched: [])
  PASS every backbone is declared MEASURED (bad: [])
  PASS every source_id resolves in references.json (bad: [])
  PASS residue_count matches the coordinates (bad: [])
  PASS every backbone was extracted from the SHA-256-pinned cached file (bad: [])
  PASS every backbone is centred with its principal axis on +Y, matching the capsule it replaces (bad: [])

== Phase 1: crown periodicity self-consistency ==
  PASS crown spacing and repeat are both present (14.3, 43.17)
  PASS crown spacing 14.3 is either the literature value or, if the 8G4L measurement has been adopted, cites 8G4L in its sources (10.1073/pnas.2311883121 10.1085/jgp.202012713)
  PASS spec crown spacing 14.3 agrees with the 8G4L measurement 14.44 within 8G4L's own 6 A resolution (cross-check, not a correction)

== Phase 7b: recorded derivations reproduce their recorded results ==
  PASS head block: floor((1600.0-160.0)/2/14.3)+1 = 51 reproduces the recorded crown_levels_per_half_filament 51
  PASS head block: whole-filament level count is exactly twice the half count
  PASS head block: head count is levels x heads_per_crown
  PASS head block spacing 14.3 is the spec value 14.3 that ContextDetail actually reads (a divergence here silently changes the recorded counts)
  PASS head block states which spacing it used and why the measurement is not substituted (evidence-class promotion needs a spec edit, not a swap)
  PASS the 51 derived levels span 715.0 nm, inside the 720 nm cross-bridge-bearing half-span
  PASS twist crossover 37.091 nm is the long-pitch half-turn, not the ~5.9 nm genetic-helix repeat
  PASS twist full pitch is exactly twice the crossover repeat
  PASS inter-crown rotations [32, 16, 72] sum to 120 deg over the 3-crown super-repeat
  PASS inter-crown rotations [32, 16, 72] are UNEQUAL — equal steps would make the array a regular helix, which is the error this project set out to avoid

== Phase 7b: myosin head projection (PH7B-1) ==
  PASS head projection skeleton is MEASURED, not schematic
  PASS S2 lies at 13.8 deg to the filament axis — a value near 90 would mean the radial-spike depiction has returned
  PASS motor domain lies at 17.0 deg to the filament axis — a value near 90 would mean the radial-spike depiction has returned
  PASS motor domain folds INWARD (-2.32 nm) as measured in the relaxed interacting-heads state
  PASS head envelope 30.29 nm fits inside the measured filament-including-heads diameter 32.356 nm
  PASS s2 drawn angle 13.38 deg is the angle OF the median displacements the model is built from, not the median of per-chain angles
  PASS tip drawn angle 12.59 deg is the angle OF the median displacements the model is built from, not the median of per-chain angles
  PASS the relaxed-state caveat is recorded — the axial tilt SIGN does not transfer to active cross-bridges
  PASS structural_states 'contracted' partition is mechanically realisable: per-region implied forces span 1.0x (<= 3.0x; series topology requires ONE common force) 
  PASS 'contracted' common force 0.10 pN is below the 150-300 pN AFM regime mechanical_states_note.domain_unfolding calls EXTREME
  PASS structural_states 'resting' partition is mechanically realisable: per-region implied forces span 1.0x (<= 3.0x; series topology requires ONE common force) 
  PASS 'resting' common force 0.47 pN is below the 150-300 pN AFM regime mechanical_states_note.domain_unfolding calls EXTREME
  PASS structural_states 'stretched' partition is mechanically realisable: per-region implied forces span 1.0x (<= 3.0x; series topology requires ONE common force) 
  PASS 'stretched' common force 1.28 pN is below the 150-300 pN AFM regime mechanical_states_note.domain_unfolding calls EXTREME
  PASS structural_states 'extended_reference' partition is mechanically realisable: per-region implied forces span 1.0x (<= 3.0x; series topology requires ONE common force) 
  PASS 'contracted' carries a MODELED partition and records the superseded values and the reason (project convention: never silently replace)
  PASS 'contracted' MODELED partition preserves the I-band total EXACTLY, so no filament / overlap / M-line / lattice geometry moved
  PASS 'resting' carries a MODELED partition and records the superseded values and the reason (project convention: never silently replace)
  PASS 'resting' MODELED partition preserves the I-band total EXACTLY, so no filament / overlap / M-line / lattice geometry moved
  PASS 'stretched' supersession_chain records every step
  PASS 'stretched' superseded_partition_nm is the ORIGINAL (chain step 1), not an intermediate correction
  PASS 'stretched' chain step 1 does not mint an evidence class; a historical step records what was believed AT THE TIME and must not present as a live claim, so it uses 'derivation' instead)
  PASS 'stretched' chain step 2 does not mint an evidence class; a historical step records what was believed AT THE TIME and must not present as a live claim, so it uses 'derivation' instead)
  PASS 'stretched' chain step 3 does not mint an evidence class; a historical step records what was believed AT THE TIME and must not present as a live claim, so it uses 'derivation' instead)
  PASS 'stretched' supersession_chain ends at the CURRENT partition
  PASS 'stretched' chain step 1 preserves the I-band total
  PASS 'stretched' chain step 2 preserves the I-band total
  PASS 'stretched' chain step 3 preserves the I-band total
  PASS 'stretched' carries a MODELED partition and records the superseded values and the reason (project convention: never silently replace)
  PASS 'stretched' MODELED partition preserves the I-band total EXACTLY, so no filament / overlap / M-line / lattice geometry moved
  PASS 'extended_reference' carries a MODELED partition and records the superseded values and the reason (project convention: never silently replace)
  PASS 'extended_reference' MODELED partition preserves the I-band total EXACTLY, so no filament / overlap / M-line / lattice geometry moved
  PASS titin.json prox_Ig axial_length_X (190.5) agrees with structural_states resting partition (190.5)
  PASS titin.json prox_Ig resting_axial_position axial_length_nm (190.5) agrees with structural_states resting partition (190.5)
  PASS titin.json N2A axial_length_X (17.0) agrees with structural_states resting partition (17.0)
  PASS titin.json N2A resting_axial_position axial_length_nm (17.0) agrees with structural_states resting partition (17.0)
  PASS titin.json PEVK axial_length_X (26.3) agrees with structural_states resting partition (26.3)
  PASS titin.json PEVK resting_axial_position axial_length_nm (26.3) agrees with structural_states resting partition (26.3)
  PASS titin.json dist_Ig axial_length_X (41.2) agrees with structural_states resting partition (41.2)
  PASS titin.json dist_Ig resting_axial_position axial_length_nm (41.2) agrees with structural_states resting partition (41.2)
  PASS titin.json prox_Ig resting X_start (25.0) continues the chain (25.0)
  PASS titin.json N2A resting X_start (215.5) continues the chain (215.5)
  PASS titin.json PEVK resting X_start (232.5) continues the chain (232.5)
  PASS titin.json dist_Ig resting X_start (258.8) continues the chain (258.8)
  PASS titin.json resting chain closes exactly on the thick-filament tip (300.0)
  PASS prox_Ig extension is non-decreasing in sarcomere length 84.5 -> 190.5 -> 235.4 -> 272.9
  PASS N2A extension is non-decreasing in sarcomere length 16.2 -> 17.0 -> 18.6 -> 29.4
  PASS PEVK extension is non-decreasing in sarcomere length 6.0 -> 26.3 -> 70.0 -> 313.7
  PASS dist_Ig extension is non-decreasing in sarcomere length 18.3 -> 41.2 -> 50.9 -> 59.0
  PASS N2A at SL 1900 (16.2 nm) is not shorter than its four-fold rigid floor (16.0 nm, SD-01)
  PASS N2A at SL 2200 (17.0 nm) is not shorter than its four-fold rigid floor (16.0 nm, SD-01)
  PASS N2A at SL 2400 (18.6 nm) is not shorter than its four-fold rigid floor (16.0 nm, SD-01)
  PASS N2A at SL 3000 (29.4 nm) is not shorter than its four-fold rigid floor (16.0 nm, SD-01)

== MODELED evidence class: definition and preconditions ==
  PASS MODELED is in the declared vocabulary
  PASS MODELED carries a written definition, not just a list entry
  PASS ladder ranks MODELED below STRONGLY INFERRED (got 'UNKNOWN < SCHEMATIC < INFERRED < MODELED < STRONGLY INFERRED')
  PASS renderer's weakest-link ordering includes MODELED at the documented rung
  PASS TitinRepresentation ranks MODELED strictly below STRONGLY INFERRED
  PASS all three opacities are declared
  PASS opacity monotone: INFERRED 0.82 < MODELED 0.87 < STRONGLY INFERRED 0.92
  PASS 'contracted' MODELED partition names the law it was computed from
  PASS 'contracted' model_basis cites the primary source of the chain law
  PASS 'contracted' declares the evidence class of its model inputs (4)
  PASS 'contracted' input 'chain persistence lengths, stretch' has class 'MEASURED', which is MEASURED or STRONGLY INFERRED as MODELED requires
  PASS 'contracted' input 'region contour lengths' has class 'STRONGLY INFERRED', which is MEASURED or STRONGLY INFERRED as MODELED requires
  PASS 'contracted' input 'N2A folded-domain rigid length' has class 'MEASURED', which is MEASURED or STRONGLY INFERRED as MODELED requires
  PASS 'contracted' input 'I-band total at this state' has class 'STRONGLY INFERRED', which is MEASURED or STRONGLY INFERRED as MODELED requires
  PASS 'contracted' obeys the canonical SD-04 output regime
  PASS 'contracted' records the canonical mechanical parameter-set ID
  PASS 'resting' MODELED partition names the law it was computed from
  PASS 'resting' model_basis cites the primary source of the chain law
  PASS 'resting' declares the evidence class of its model inputs (4)
  PASS 'resting' input 'chain persistence lengths, stretch' has class 'MEASURED', which is MEASURED or STRONGLY INFERRED as MODELED requires
  PASS 'resting' input 'region contour lengths' has class 'STRONGLY INFERRED', which is MEASURED or STRONGLY INFERRED as MODELED requires
  PASS 'resting' input 'N2A folded-domain rigid length' has class 'MEASURED', which is MEASURED or STRONGLY INFERRED as MODELED requires
  PASS 'resting' input 'I-band total at this state' has class 'STRONGLY INFERRED', which is MEASURED or STRONGLY INFERRED as MODELED requires
  PASS 'resting' obeys the canonical SD-04 output regime
  PASS 'resting' records the canonical mechanical parameter-set ID
  PASS 'stretched' MODELED partition names the law it was computed from
  PASS 'stretched' model_basis cites the primary source of the chain law
  PASS 'stretched' declares the evidence class of its model inputs (4)
  PASS 'stretched' input 'chain persistence lengths, stretch' has class 'MEASURED', which is MEASURED or STRONGLY INFERRED as MODELED requires
  PASS 'stretched' input 'region contour lengths' has class 'STRONGLY INFERRED', which is MEASURED or STRONGLY INFERRED as MODELED requires
  PASS 'stretched' input 'N2A folded-domain rigid length' has class 'MEASURED', which is MEASURED or STRONGLY INFERRED as MODELED requires
  PASS 'stretched' input 'I-band total at this state' has class 'STRONGLY INFERRED', which is MEASURED or STRONGLY INFERRED as MODELED requires
  PASS 'stretched' obeys the canonical SD-04 output regime
  PASS 'stretched' records the canonical mechanical parameter-set ID
  PASS 'extended_reference' MODELED partition names the law it was computed from
  PASS 'extended_reference' model_basis cites the primary source of the chain law
  PASS 'extended_reference' declares the evidence class of its model inputs (4)
  PASS 'extended_reference' input 'chain persistence lengths, stretch' has class 'MEASURED', which is MEASURED or STRONGLY INFERRED as MODELED requires
  PASS 'extended_reference' input 'region contour lengths' has class 'STRONGLY INFERRED', which is MEASURED or STRONGLY INFERRED as MODELED requires
  PASS 'extended_reference' input 'N2A folded-domain rigid length' has class 'MEASURED', which is MEASURED or STRONGLY INFERRED as MODELED requires
  PASS 'extended_reference' input 'I-band total at this state' has class 'STRONGLY INFERRED', which is MEASURED or STRONGLY INFERRED as MODELED requires
  PASS 'extended_reference' obeys the canonical SD-04 output regime
  PASS 'extended_reference' records the canonical mechanical parameter-set ID

== SC-21 mechanical authority boundary ==
  PASS mechanical output uses the status-bearing SC-21 schema
  PASS generated output identifies the canonical parameter set
  PASS generated output identifies the exact quantitative model inputs
  PASS top-level mechanics output follows the canonical status policy without inventing one state
  PASS top-level sensitivity authority matches the canonical policy without inventing one state
  PASS mechanical applicability names the target accession
  PASS mechanical applicability names the transferred source preparation
  PASS mixed-source target applicability matches the canonical authority record
  PASS contracted exports the canonical status and regime-authorized force presence
  PASS contracted binds parameter-set and model identities
  PASS resting exports the canonical status and regime-authorized force presence
  PASS resting binds parameter-set and model identities
  PASS stretched exports the canonical status and regime-authorized force presence
  PASS stretched binds parameter-set and model identities
  PASS extended_reference exports the canonical status and regime-authorized force presence
  PASS extended_reference binds parameter-set and model identities

========================================
ALL CHECKS PASSED

> titin-visualization@0.3.0 validate:spec
> python3 scripts/validate_spec.py

== JSON validity ==
  PASS sarcomere.json
  PASS titin.json
  PASS structural_states.json
  PASS geometry_sources.json
  PASS references.json
  PASS showcase_claims.json
  PASS presentation.json
  PASS scenes.json
  PASS annotations.json
== Cross-reference integrity ==
  PASS all cited DOIs present (missing: [])
  PASS presentation.json has the SC-27A schema (full checks: validate_presentation.py)
  PASS scenes.json has the SC-23 semantic-scene schema
  PASS annotations.json has the SC-4 schema (full checks: validate_annotations.py)
== Titin domain reconciliation (UniProt Q8WZ42) ==
  PASS curated Ig-like total == 153 (got regions=153, curated=153)
  PASS UniProt imported Ig-like rows remain 152 (got 152)
  PASS Fn3 total == 132 (got 132)
== Structural-state numerical identities ==
  PASS contracted: half-sarcomere==SL/2
  PASS contracted: I-band==SL/2-800
  PASS contracted: titin elastic span==I-band width minus Z-disc half-width
  PASS resting: half-sarcomere==SL/2
  PASS resting: I-band==SL/2-800
  PASS resting: titin elastic span==I-band width minus Z-disc half-width
  PASS stretched: half-sarcomere==SL/2
  PASS stretched: I-band==SL/2-800
  PASS stretched: titin elastic span==I-band width minus Z-disc half-width
  PASS extended_reference: half-sarcomere==SL/2
  PASS extended_reference: I-band==SL/2-800
  PASS extended_reference: titin elastic span==I-band width minus Z-disc half-width
== Evidence-class vocabulary ==
  PASS param 'Resting/working length' has a source
  PASS param 'Cross-study tested sarcomere-length span' has a source
  PASS param 'Molecular span' has a source
  PASS param 'Molecular mass (isoform-dependent)' has a source
  PASS param 'Myosin H periodicity' has a source
  PASS param 'Myosin crowns per axial repeat' has a source
  PASS param 'Crown axial spacing' has a source
  PASS param 'Thick-filament L periodicity' has a source
  PASS param 'Ig/Fn3 domains per super-repeat' has a source
  PASS param 'Mean A-band titin domain spacing' has a source
  PASS param 'Number of C-zone super-repeats' has a source
  PASS param 'Folded Ig/Fn3 domain axial length' has a source
  PASS param 'N2A unique-seq contour length' has a source
  PASS param 'N2A unique-seq persistence length' has a source
  PASS param 'UN2A three-helix bundle length' has a source
  PASS param 'Width (super-resolution)' has a source
  PASS param 'α-actinin/actin doublet spacing' has a source
  PASS param 'Actin tip free of α-actinin links' has a source
  PASS param 'Thin-filament length (max at SL 3.0 µm)' has a source
  PASS param 'Ig domain unfolding force (AFM, fast pul' has a source
  PASS param 'Ig domain equilibrium (re)folding force' has a source
  PASS param 'd10 response over rat-cardiac working le' has a source
  PASS param 'Lattice geometry' has a source
  PASS param 'd10 vs sarcomere length scaling (constan' has a source
  PASS param 'Real effective Poisson ratio (contractin' has a source
  PASS param 'Thick-thin surface separation (cross-bri' has a source
  PASS param 'Ig_like domain cross-section (mean of tw' has a source
  PASS param 'Ig_like domain N-to-C extent' has a source
  PASS param 'Fn3 domain cross-section (mean of two sm' has a source
  PASS param 'Fn3 domain N-to-C extent' has a source
  PASS param 'kinase domain cross-section (mean of two' has a source
  PASS param 'kinase domain N-to-C extent' has a source
  PASS param 'MyBP-C C-zone stripe axial periodicity' has a source
  PASS param 'MyBP-C molecules per C-zone stripe' has a source
  PASS SCHEMATIC + UNKNOWN classes present in titin spec

========================================
ALL CHECKS PASSED

> titin-visualization@0.3.0 validate:showcase
> python3 scripts/validate_showcase_claims.py

== SC-0 admission history migrated into the SC-19 claim authority ==
  PASS schema is the SC-19 version
  PASS SC-0 record declares completion
  PASS schema migration names its source version
  PASS schema migration retains the historical reviewed payload digest
  PASS the migrated live claim/source bindings do not inherit the old whole-file approval
  PASS species, isoform, tissue, state, and mode scope are exact
  PASS visual grammar is complete and unchanged
  PASS attention budget is complete and unchanged
  PASS all reviewed admission decisions are present

== Claim matrix completeness and evidence integrity ==
  PASS object IDs are unique
  PASS the complete 20-object reviewed manifest is present
  PASS scope_badge: all required fields are present
  PASS scope_badge: claim is non-empty
  PASS scope_badge: scope is non-empty
  PASS scope_badge: decision is declared vocabulary
  PASS scope_badge: release tier is valid
  PASS scope_badge: audience is valid
  PASS scope_badge: claim evidence class is valid
  PASS scope_badge: render evidence class is valid
  PASS scope_badge: render evidence never exceeds claim evidence
  PASS scope_badge: render meaning is explicit
  PASS scope_badge: non-claims are explicit
  PASS scope_badge: source figures are not copied
  PASS scope_badge: at least one source is present
  PASS scope_badge: stable claim-support binding matches the object ID
  PASS scope_badge: decision, tier, audience, and evidence remain reviewed
  PASS scope_badge: source UniProt:Q8WZ42 has all required fields
  PASS scope_badge: source UniProt:Q8WZ42 has a valid source kind
  PASS scope_badge: source UniProt:Q8WZ42 has an explicit role
  PASS scope_badge: source UniProt:Q8WZ42 has a valid compatibility class
  PASS scope_badge: source UniProt:Q8WZ42 has a transfer limit
  PASS scope_badge: source UniProt:Q8WZ42 resolves in references.json
  PASS scope_badge: source data/structural_states.json has all required fields
  PASS scope_badge: source data/structural_states.json has a valid source kind
  PASS scope_badge: source data/structural_states.json has an explicit role
  PASS scope_badge: source data/structural_states.json has a valid compatibility class
  PASS scope_badge: source data/structural_states.json has a transfer limit
  PASS scope_badge: source data/structural_states.json resolves to a repository file
  PASS titin_continuity_trace: all required fields are present
  PASS titin_continuity_trace: claim is non-empty
  PASS titin_continuity_trace: scope is non-empty
  PASS titin_continuity_trace: decision is declared vocabulary
  PASS titin_continuity_trace: release tier is valid
  PASS titin_continuity_trace: audience is valid
  PASS titin_continuity_trace: claim evidence class is valid
  PASS titin_continuity_trace: render evidence class is valid
  PASS titin_continuity_trace: render evidence never exceeds claim evidence
  PASS titin_continuity_trace: render meaning is explicit
  PASS titin_continuity_trace: non-claims are explicit
  PASS titin_continuity_trace: source figures are not copied
  PASS titin_continuity_trace: at least one source is present
  PASS titin_continuity_trace: stable claim-support binding matches the object ID
  PASS titin_continuity_trace: decision, tier, audience, and evidence remain reviewed
  PASS titin_continuity_trace: source 10.1083/jcb.106.5.1563 has all required fields
  PASS titin_continuity_trace: source 10.1083/jcb.106.5.1563 has a valid source kind
  PASS titin_continuity_trace: source 10.1083/jcb.106.5.1563 has an explicit role
  PASS titin_continuity_trace: source 10.1083/jcb.106.5.1563 has a valid compatibility class
  PASS titin_continuity_trace: source 10.1083/jcb.106.5.1563 has a transfer limit
  PASS titin_continuity_trace: source 10.1083/jcb.106.5.1563 resolves in references.json
  PASS titin_continuity_trace: source UniProt:Q8WZ42 has all required fields
  PASS titin_continuity_trace: source UniProt:Q8WZ42 has a valid source kind
  PASS titin_continuity_trace: source UniProt:Q8WZ42 has an explicit role
  PASS titin_continuity_trace: source UniProt:Q8WZ42 has a valid compatibility class
  PASS titin_continuity_trace: source UniProt:Q8WZ42 has a transfer limit
  PASS titin_continuity_trace: source UniProt:Q8WZ42 resolves in references.json
  PASS titin_region_architecture: all required fields are present
  PASS titin_region_architecture: claim is non-empty
  PASS titin_region_architecture: scope is non-empty
  PASS titin_region_architecture: decision is declared vocabulary
  PASS titin_region_architecture: release tier is valid
  PASS titin_region_architecture: audience is valid
  PASS titin_region_architecture: claim evidence class is valid
  PASS titin_region_architecture: render evidence class is valid
  PASS titin_region_architecture: render evidence never exceeds claim evidence
  PASS titin_region_architecture: render meaning is explicit
  PASS titin_region_architecture: non-claims are explicit
  PASS titin_region_architecture: source figures are not copied
  PASS titin_region_architecture: at least one source is present
  PASS titin_region_architecture: stable claim-support binding matches the object ID
  PASS titin_region_architecture: decision, tier, audience, and evidence remain reviewed
  PASS titin_region_architecture: source UniProt:Q8WZ42 has all required fields
  PASS titin_region_architecture: source UniProt:Q8WZ42 has a valid source kind
  PASS titin_region_architecture: source UniProt:Q8WZ42 has an explicit role
  PASS titin_region_architecture: source UniProt:Q8WZ42 has a valid compatibility class
  PASS titin_region_architecture: source UniProt:Q8WZ42 has a transfer limit
  PASS titin_region_architecture: source UniProt:Q8WZ42 resolves in references.json
  PASS titin_region_architecture: source 10.1016/j.jmb.2020.06.025 has all required fields
  PASS titin_region_architecture: source 10.1016/j.jmb.2020.06.025 has a valid source kind
  PASS titin_region_architecture: source 10.1016/j.jmb.2020.06.025 has an explicit role
  PASS titin_region_architecture: source 10.1016/j.jmb.2020.06.025 has a valid compatibility class
  PASS titin_region_architecture: source 10.1016/j.jmb.2020.06.025 has a transfer limit
  PASS titin_region_architecture: source 10.1016/j.jmb.2020.06.025 resolves in references.json
  PASS regional_extension_story: all required fields are present
  PASS regional_extension_story: claim is non-empty
  PASS regional_extension_story: scope is non-empty
  PASS regional_extension_story: decision is declared vocabulary
  PASS regional_extension_story: release tier is valid
  PASS regional_extension_story: audience is valid
  PASS regional_extension_story: claim evidence class is valid
  PASS regional_extension_story: render evidence class is valid
  PASS regional_extension_story: render evidence never exceeds claim evidence
  PASS regional_extension_story: render meaning is explicit
  PASS regional_extension_story: non-claims are explicit
  PASS regional_extension_story: source figures are not copied
  PASS regional_extension_story: at least one source is present
  PASS regional_extension_story: stable claim-support binding matches the object ID
  PASS regional_extension_story: decision, tier, audience, and evidence remain reviewed
  PASS regional_extension_story: source 10.1083/jcb.140.4.853 has all required fields
  PASS regional_extension_story: source 10.1083/jcb.140.4.853 has a valid source kind
  PASS regional_extension_story: source 10.1083/jcb.140.4.853 has an explicit role
  PASS regional_extension_story: source 10.1083/jcb.140.4.853 has a valid compatibility class
  PASS regional_extension_story: source 10.1083/jcb.140.4.853 has a transfer limit
  PASS regional_extension_story: source 10.1083/jcb.140.4.853 resolves in references.json
  PASS regional_extension_story: source data/mechanical_model.json has all required fields
  PASS regional_extension_story: source data/mechanical_model.json has a valid source kind
  PASS regional_extension_story: source data/mechanical_model.json has an explicit role
  PASS regional_extension_story: source data/mechanical_model.json has a valid compatibility class
  PASS regional_extension_story: source data/mechanical_model.json has a transfer limit
  PASS regional_extension_story: source data/mechanical_model.json resolves to a repository file
  PASS band_and_zone_brackets: all required fields are present
  PASS band_and_zone_brackets: claim is non-empty
  PASS band_and_zone_brackets: scope is non-empty
  PASS band_and_zone_brackets: decision is declared vocabulary
  PASS band_and_zone_brackets: release tier is valid
  PASS band_and_zone_brackets: audience is valid
  PASS band_and_zone_brackets: claim evidence class is valid
  PASS band_and_zone_brackets: render evidence class is valid
  PASS band_and_zone_brackets: render evidence never exceeds claim evidence
  PASS band_and_zone_brackets: render meaning is explicit
  PASS band_and_zone_brackets: non-claims are explicit
  PASS band_and_zone_brackets: source figures are not copied
  PASS band_and_zone_brackets: at least one source is present
  PASS band_and_zone_brackets: stable claim-support binding matches the object ID
  PASS band_and_zone_brackets: decision, tier, audience, and evidence remain reviewed
  PASS band_and_zone_brackets: source data/sarcomere.json has all required fields
  PASS band_and_zone_brackets: source data/sarcomere.json has a valid source kind
  PASS band_and_zone_brackets: source data/sarcomere.json has an explicit role
  PASS band_and_zone_brackets: source data/sarcomere.json has a valid compatibility class
  PASS band_and_zone_brackets: source data/sarcomere.json has a transfer limit
  PASS band_and_zone_brackets: source data/sarcomere.json resolves to a repository file
  PASS band_and_zone_brackets: source data/structural_states.json has all required fields
  PASS band_and_zone_brackets: source data/structural_states.json has a valid source kind
  PASS band_and_zone_brackets: source data/structural_states.json has an explicit role
  PASS band_and_zone_brackets: source data/structural_states.json has a valid compatibility class
  PASS band_and_zone_brackets: source data/structural_states.json has a transfer limit
  PASS band_and_zone_brackets: source data/structural_states.json resolves to a repository file
  PASS zdisc_local_network: all required fields are present
  PASS zdisc_local_network: claim is non-empty
  PASS zdisc_local_network: scope is non-empty
  PASS zdisc_local_network: decision is declared vocabulary
  PASS zdisc_local_network: release tier is valid
  PASS zdisc_local_network: audience is valid
  PASS zdisc_local_network: claim evidence class is valid
  PASS zdisc_local_network: render evidence class is valid
  PASS zdisc_local_network: render evidence never exceeds claim evidence
  PASS zdisc_local_network: render meaning is explicit
  PASS zdisc_local_network: non-claims are explicit
  PASS zdisc_local_network: source figures are not copied
  PASS zdisc_local_network: at least one source is present
  PASS zdisc_local_network: stable claim-support binding matches the object ID
  PASS zdisc_local_network: decision, tier, audience, and evidence remain reviewed
  PASS zdisc_local_network: admitted schematic geometry stays SCHEMATIC
  PASS zdisc_local_network: source 10.1016/j.cell.2021.02.047 has all required fields
  PASS zdisc_local_network: source 10.1016/j.cell.2021.02.047 has a valid source kind
  PASS zdisc_local_network: source 10.1016/j.cell.2021.02.047 has an explicit role
  PASS zdisc_local_network: source 10.1016/j.cell.2021.02.047 has a valid compatibility class
  PASS zdisc_local_network: source 10.1016/j.cell.2021.02.047 has a transfer limit
  PASS zdisc_local_network: source 10.1016/j.cell.2021.02.047 resolves in references.json
  PASS zdisc_alpha_actinin_doublets: all required fields are present
  PASS zdisc_alpha_actinin_doublets: claim is non-empty
  PASS zdisc_alpha_actinin_doublets: scope is non-empty
  PASS zdisc_alpha_actinin_doublets: decision is declared vocabulary
  PASS zdisc_alpha_actinin_doublets: release tier is valid
  PASS zdisc_alpha_actinin_doublets: audience is valid
  PASS zdisc_alpha_actinin_doublets: claim evidence class is valid
  PASS zdisc_alpha_actinin_doublets: render evidence class is valid
  PASS zdisc_alpha_actinin_doublets: render evidence never exceeds claim evidence
  PASS zdisc_alpha_actinin_doublets: render meaning is explicit
  PASS zdisc_alpha_actinin_doublets: non-claims are explicit
  PASS zdisc_alpha_actinin_doublets: source figures are not copied
  PASS zdisc_alpha_actinin_doublets: at least one source is present
  PASS zdisc_alpha_actinin_doublets: stable claim-support binding matches the object ID
  PASS zdisc_alpha_actinin_doublets: decision, tier, audience, and evidence remain reviewed
  PASS zdisc_alpha_actinin_doublets: admitted schematic geometry stays SCHEMATIC
  PASS zdisc_alpha_actinin_doublets: source 10.1016/j.cell.2021.02.047 has all required fields
  PASS zdisc_alpha_actinin_doublets: source 10.1016/j.cell.2021.02.047 has a valid source kind
  PASS zdisc_alpha_actinin_doublets: source 10.1016/j.cell.2021.02.047 has an explicit role
  PASS zdisc_alpha_actinin_doublets: source 10.1016/j.cell.2021.02.047 has a valid compatibility class
  PASS zdisc_alpha_actinin_doublets: source 10.1016/j.cell.2021.02.047 has a transfer limit
  PASS zdisc_alpha_actinin_doublets: source 10.1016/j.cell.2021.02.047 resolves in references.json
  PASS zdisc_telethonin_sandwich: all required fields are present
  PASS zdisc_telethonin_sandwich: claim is non-empty
  PASS zdisc_telethonin_sandwich: scope is non-empty
  PASS zdisc_telethonin_sandwich: decision is declared vocabulary
  PASS zdisc_telethonin_sandwich: release tier is valid
  PASS zdisc_telethonin_sandwich: audience is valid
  PASS zdisc_telethonin_sandwich: claim evidence class is valid
  PASS zdisc_telethonin_sandwich: render evidence class is valid
  PASS zdisc_telethonin_sandwich: render evidence never exceeds claim evidence
  PASS zdisc_telethonin_sandwich: render meaning is explicit
  PASS zdisc_telethonin_sandwich: non-claims are explicit
  PASS zdisc_telethonin_sandwich: source figures are not copied
  PASS zdisc_telethonin_sandwich: at least one source is present
  PASS zdisc_telethonin_sandwich: stable claim-support binding matches the object ID
  PASS zdisc_telethonin_sandwich: decision, tier, audience, and evidence remain reviewed
  PASS zdisc_telethonin_sandwich: admitted schematic geometry stays SCHEMATIC
  PASS zdisc_telethonin_sandwich: source 10.1038/nature04343 has all required fields
  PASS zdisc_telethonin_sandwich: source 10.1038/nature04343 has a valid source kind
  PASS zdisc_telethonin_sandwich: source 10.1038/nature04343 has an explicit role
  PASS zdisc_telethonin_sandwich: source 10.1038/nature04343 has a valid compatibility class
  PASS zdisc_telethonin_sandwich: source 10.1038/nature04343 has a transfer limit
  PASS zdisc_telethonin_sandwich: source 10.1038/nature04343 resolves in references.json
  PASS universal_zdisc_lattice_icon: all required fields are present
  PASS universal_zdisc_lattice_icon: claim is non-empty
  PASS universal_zdisc_lattice_icon: scope is non-empty
  PASS universal_zdisc_lattice_icon: decision is declared vocabulary
  PASS universal_zdisc_lattice_icon: release tier is valid
  PASS universal_zdisc_lattice_icon: audience is valid
  PASS universal_zdisc_lattice_icon: claim evidence class is valid
  PASS universal_zdisc_lattice_icon: render evidence class is valid
  PASS universal_zdisc_lattice_icon: render evidence never exceeds claim evidence
  PASS universal_zdisc_lattice_icon: render meaning is explicit
  PASS universal_zdisc_lattice_icon: non-claims are explicit
  PASS universal_zdisc_lattice_icon: source figures are not copied
  PASS universal_zdisc_lattice_icon: at least one source is present
  PASS universal_zdisc_lattice_icon: stable claim-support binding matches the object ID
  PASS universal_zdisc_lattice_icon: decision, tier, audience, and evidence remain reviewed
  PASS universal_zdisc_lattice_icon: omitted/deferred geometry remains UNKNOWN
  PASS universal_zdisc_lattice_icon: source 10.1016/j.cell.2021.02.047 has all required fields
  PASS universal_zdisc_lattice_icon: source 10.1016/j.cell.2021.02.047 has a valid source kind
  PASS universal_zdisc_lattice_icon: source 10.1016/j.cell.2021.02.047 has an explicit role
  PASS universal_zdisc_lattice_icon: source 10.1016/j.cell.2021.02.047 has a valid compatibility class
  PASS universal_zdisc_lattice_icon: source 10.1016/j.cell.2021.02.047 has a transfer limit
  PASS universal_zdisc_lattice_icon: source 10.1016/j.cell.2021.02.047 resolves in references.json
  PASS universal_zdisc_lattice_icon: source 10.1016/j.jmb.2015.08.018 has all required fields
  PASS universal_zdisc_lattice_icon: source 10.1016/j.jmb.2015.08.018 has a valid source kind
  PASS universal_zdisc_lattice_icon: source 10.1016/j.jmb.2015.08.018 has an explicit role
  PASS universal_zdisc_lattice_icon: source 10.1016/j.jmb.2015.08.018 has a valid compatibility class
  PASS universal_zdisc_lattice_icon: source 10.1016/j.jmb.2015.08.018 has a transfer limit
  PASS universal_zdisc_lattice_icon: source 10.1016/j.jmb.2015.08.018 resolves in references.json
  PASS bare_zone_head_absence: all required fields are present
  PASS bare_zone_head_absence: claim is non-empty
  PASS bare_zone_head_absence: scope is non-empty
  PASS bare_zone_head_absence: decision is declared vocabulary
  PASS bare_zone_head_absence: release tier is valid
  PASS bare_zone_head_absence: audience is valid
  PASS bare_zone_head_absence: claim evidence class is valid
  PASS bare_zone_head_absence: render evidence class is valid
  PASS bare_zone_head_absence: render evidence never exceeds claim evidence
  PASS bare_zone_head_absence: render meaning is explicit
  PASS bare_zone_head_absence: non-claims are explicit
  PASS bare_zone_head_absence: source figures are not copied
  PASS bare_zone_head_absence: at least one source is present
  PASS bare_zone_head_absence: stable claim-support binding matches the object ID
  PASS bare_zone_head_absence: decision, tier, audience, and evidence remain reviewed
  PASS bare_zone_head_absence: source 10.1085/jgp.202012713 has all required fields
  PASS bare_zone_head_absence: source 10.1085/jgp.202012713 has a valid source kind
  PASS bare_zone_head_absence: source 10.1085/jgp.202012713 has an explicit role
  PASS bare_zone_head_absence: source 10.1085/jgp.202012713 has a valid compatibility class
  PASS bare_zone_head_absence: source 10.1085/jgp.202012713 has a transfer limit
  PASS bare_zone_head_absence: source 10.1085/jgp.202012713 resolves in references.json
  PASS bare_zone_head_absence: source data/sarcomere.json has all required fields
  PASS bare_zone_head_absence: source data/sarcomere.json has a valid source kind
  PASS bare_zone_head_absence: source data/sarcomere.json has an explicit role
  PASS bare_zone_head_absence: source data/sarcomere.json has a valid compatibility class
  PASS bare_zone_head_absence: source data/sarcomere.json has a transfer limit
  PASS bare_zone_head_absence: source data/sarcomere.json resolves to a repository file
  PASS mband_midpoint_and_crosslinks: all required fields are present
  PASS mband_midpoint_and_crosslinks: claim is non-empty
  PASS mband_midpoint_and_crosslinks: scope is non-empty
  PASS mband_midpoint_and_crosslinks: decision is declared vocabulary
  PASS mband_midpoint_and_crosslinks: release tier is valid
  PASS mband_midpoint_and_crosslinks: audience is valid
  PASS mband_midpoint_and_crosslinks: claim evidence class is valid
  PASS mband_midpoint_and_crosslinks: render evidence class is valid
  PASS mband_midpoint_and_crosslinks: render evidence never exceeds claim evidence
  PASS mband_midpoint_and_crosslinks: render meaning is explicit
  PASS mband_midpoint_and_crosslinks: non-claims are explicit
  PASS mband_midpoint_and_crosslinks: source figures are not copied
  PASS mband_midpoint_and_crosslinks: at least one source is present
  PASS mband_midpoint_and_crosslinks: stable claim-support binding matches the object ID
  PASS mband_midpoint_and_crosslinks: decision, tier, audience, and evidence remain reviewed
  PASS mband_midpoint_and_crosslinks: source 10.1016/j.cell.2021.02.047 has all required fields
  PASS mband_midpoint_and_crosslinks: source 10.1016/j.cell.2021.02.047 has a valid source kind
  PASS mband_midpoint_and_crosslinks: source 10.1016/j.cell.2021.02.047 has an explicit role
  PASS mband_midpoint_and_crosslinks: source 10.1016/j.cell.2021.02.047 has a valid compatibility class
  PASS mband_midpoint_and_crosslinks: source 10.1016/j.cell.2021.02.047 has a transfer limit
  PASS mband_midpoint_and_crosslinks: source 10.1016/j.cell.2021.02.047 resolves in references.json
  PASS mband_midpoint_and_crosslinks: source 10.1083/jcb.134.6.1441 has all required fields
  PASS mband_midpoint_and_crosslinks: source 10.1083/jcb.134.6.1441 has a valid source kind
  PASS mband_midpoint_and_crosslinks: source 10.1083/jcb.134.6.1441 has an explicit role
  PASS mband_midpoint_and_crosslinks: source 10.1083/jcb.134.6.1441 has a valid compatibility class
  PASS mband_midpoint_and_crosslinks: source 10.1083/jcb.134.6.1441 has a transfer limit
  PASS mband_midpoint_and_crosslinks: source 10.1083/jcb.134.6.1441 resolves in references.json
  PASS mband_midpoint_and_crosslinks: source 10.1038/embor.2010.65 has all required fields
  PASS mband_midpoint_and_crosslinks: source 10.1038/embor.2010.65 has a valid source kind
  PASS mband_midpoint_and_crosslinks: source 10.1038/embor.2010.65 has an explicit role
  PASS mband_midpoint_and_crosslinks: source 10.1038/embor.2010.65 has a valid compatibility class
  PASS mband_midpoint_and_crosslinks: source 10.1038/embor.2010.65 has a transfer limit
  PASS mband_midpoint_and_crosslinks: source 10.1038/embor.2010.65 resolves in references.json
  PASS mband_m1_density: all required fields are present
  PASS mband_m1_density: claim is non-empty
  PASS mband_m1_density: scope is non-empty
  PASS mband_m1_density: decision is declared vocabulary
  PASS mband_m1_density: release tier is valid
  PASS mband_m1_density: audience is valid
  PASS mband_m1_density: claim evidence class is valid
  PASS mband_m1_density: render evidence class is valid
  PASS mband_m1_density: render evidence never exceeds claim evidence
  PASS mband_m1_density: render meaning is explicit
  PASS mband_m1_density: non-claims are explicit
  PASS mband_m1_density: source figures are not copied
  PASS mband_m1_density: at least one source is present
  PASS mband_m1_density: stable claim-support binding matches the object ID
  PASS mband_m1_density: decision, tier, audience, and evidence remain reviewed
  PASS mband_m1_density: omitted/deferred geometry remains UNKNOWN
  PASS mband_m1_density: source 10.1038/s41586-023-06690-5 has all required fields
  PASS mband_m1_density: source 10.1038/s41586-023-06690-5 has a valid source kind
  PASS mband_m1_density: source 10.1038/s41586-023-06690-5 has an explicit role
  PASS mband_m1_density: source 10.1038/s41586-023-06690-5 has a valid compatibility class
  PASS mband_m1_density: source 10.1038/s41586-023-06690-5 has a transfer limit
  PASS mband_m1_density: source 10.1038/s41586-023-06690-5 resolves in references.json
  PASS mybpc_czone_context: all required fields are present
  PASS mybpc_czone_context: claim is non-empty
  PASS mybpc_czone_context: scope is non-empty
  PASS mybpc_czone_context: decision is declared vocabulary
  PASS mybpc_czone_context: release tier is valid
  PASS mybpc_czone_context: audience is valid
  PASS mybpc_czone_context: claim evidence class is valid
  PASS mybpc_czone_context: render evidence class is valid
  PASS mybpc_czone_context: render evidence never exceeds claim evidence
  PASS mybpc_czone_context: render meaning is explicit
  PASS mybpc_czone_context: non-claims are explicit
  PASS mybpc_czone_context: source figures are not copied
  PASS mybpc_czone_context: at least one source is present
  PASS mybpc_czone_context: stable claim-support binding matches the object ID
  PASS mybpc_czone_context: decision, tier, audience, and evidence remain reviewed
  PASS mybpc_czone_context: admitted schematic geometry stays SCHEMATIC
  PASS mybpc_czone_context: source 10.1038/s41467-024-46957-7 has all required fields
  PASS mybpc_czone_context: source 10.1038/s41467-024-46957-7 has a valid source kind
  PASS mybpc_czone_context: source 10.1038/s41467-024-46957-7 has an explicit role
  PASS mybpc_czone_context: source 10.1038/s41467-024-46957-7 has a valid compatibility class
  PASS mybpc_czone_context: source 10.1038/s41467-024-46957-7 has a transfer limit
  PASS mybpc_czone_context: source 10.1038/s41467-024-46957-7 resolves in references.json
  PASS lattice_cross_section: all required fields are present
  PASS lattice_cross_section: claim is non-empty
  PASS lattice_cross_section: scope is non-empty
  PASS lattice_cross_section: decision is declared vocabulary
  PASS lattice_cross_section: release tier is valid
  PASS lattice_cross_section: audience is valid
  PASS lattice_cross_section: claim evidence class is valid
  PASS lattice_cross_section: render evidence class is valid
  PASS lattice_cross_section: render evidence never exceeds claim evidence
  PASS lattice_cross_section: render meaning is explicit
  PASS lattice_cross_section: non-claims are explicit
  PASS lattice_cross_section: source figures are not copied
  PASS lattice_cross_section: at least one source is present
  PASS lattice_cross_section: stable claim-support binding matches the object ID
  PASS lattice_cross_section: decision, tier, audience, and evidence remain reviewed
  PASS lattice_cross_section: source 10.1152/ajpheart.2000.279.5.h2568 has all required fields
  PASS lattice_cross_section: source 10.1152/ajpheart.2000.279.5.h2568 has a valid source kind
  PASS lattice_cross_section: source 10.1152/ajpheart.2000.279.5.h2568 has an explicit role
  PASS lattice_cross_section: source 10.1152/ajpheart.2000.279.5.h2568 has a valid compatibility class
  PASS lattice_cross_section: source 10.1152/ajpheart.2000.279.5.h2568 has a transfer limit
  PASS lattice_cross_section: source 10.1152/ajpheart.2000.279.5.h2568 resolves in references.json
  PASS lattice_cross_section: source data/sarcomere.json has all required fields
  PASS lattice_cross_section: source data/sarcomere.json has a valid source kind
  PASS lattice_cross_section: source data/sarcomere.json has an explicit role
  PASS lattice_cross_section: source data/sarcomere.json has a valid compatibility class
  PASS lattice_cross_section: source data/sarcomere.json has a transfer limit
  PASS lattice_cross_section: source data/sarcomere.json resolves to a repository file
  PASS object_linked_tooltips: all required fields are present
  PASS object_linked_tooltips: claim is non-empty
  PASS object_linked_tooltips: scope is non-empty
  PASS object_linked_tooltips: decision is declared vocabulary
  PASS object_linked_tooltips: release tier is valid
  PASS object_linked_tooltips: audience is valid
  PASS object_linked_tooltips: claim evidence class is valid
  PASS object_linked_tooltips: render evidence class is valid
  PASS object_linked_tooltips: render evidence never exceeds claim evidence
  PASS object_linked_tooltips: render meaning is explicit
  PASS object_linked_tooltips: non-claims are explicit
  PASS object_linked_tooltips: source figures are not copied
  PASS object_linked_tooltips: at least one source is present
  PASS object_linked_tooltips: stable claim-support binding matches the object ID
  PASS object_linked_tooltips: decision, tier, audience, and evidence remain reviewed
  PASS object_linked_tooltips: source data/showcase_claims.json has all required fields
  PASS object_linked_tooltips: source data/showcase_claims.json has a valid source kind
  PASS object_linked_tooltips: source data/showcase_claims.json has an explicit role
  PASS object_linked_tooltips: source data/showcase_claims.json has a valid compatibility class
  PASS object_linked_tooltips: source data/showcase_claims.json has a transfer limit
  PASS object_linked_tooltips: source data/showcase_claims.json resolves to a repository file
  PASS object_linked_tooltips: source data/references.json has all required fields
  PASS object_linked_tooltips: source data/references.json has a valid source kind
  PASS object_linked_tooltips: source data/references.json has an explicit role
  PASS object_linked_tooltips: source data/references.json has a valid compatibility class
  PASS object_linked_tooltips: source data/references.json has a transfer limit
  PASS object_linked_tooltips: source data/references.json resolves to a repository file
  PASS n2a_interaction_hub_card: all required fields are present
  PASS n2a_interaction_hub_card: claim is non-empty
  PASS n2a_interaction_hub_card: scope is non-empty
  PASS n2a_interaction_hub_card: decision is declared vocabulary
  PASS n2a_interaction_hub_card: release tier is valid
  PASS n2a_interaction_hub_card: audience is valid
  PASS n2a_interaction_hub_card: claim evidence class is valid
  PASS n2a_interaction_hub_card: render evidence class is valid
  PASS n2a_interaction_hub_card: render evidence never exceeds claim evidence
  PASS n2a_interaction_hub_card: render meaning is explicit
  PASS n2a_interaction_hub_card: non-claims are explicit
  PASS n2a_interaction_hub_card: source figures are not copied
  PASS n2a_interaction_hub_card: at least one source is present
  PASS n2a_interaction_hub_card: stable claim-support binding matches the object ID
  PASS n2a_interaction_hub_card: decision, tier, audience, and evidence remain reviewed
  PASS n2a_interaction_hub_card: source 10.1016/j.jmb.2021.166901 has all required fields
  PASS n2a_interaction_hub_card: source 10.1016/j.jmb.2021.166901 has a valid source kind
  PASS n2a_interaction_hub_card: source 10.1016/j.jmb.2021.166901 has an explicit role
  PASS n2a_interaction_hub_card: source 10.1016/j.jmb.2021.166901 has a valid compatibility class
  PASS n2a_interaction_hub_card: source 10.1016/j.jmb.2021.166901 has a transfer limit
  PASS n2a_interaction_hub_card: source 10.1016/j.jmb.2021.166901 resolves in references.json
  PASS n2a_interaction_hub_card: source 10.3389/fphys.2020.00173 has all required fields
  PASS n2a_interaction_hub_card: source 10.3389/fphys.2020.00173 has a valid source kind
  PASS n2a_interaction_hub_card: source 10.3389/fphys.2020.00173 has an explicit role
  PASS n2a_interaction_hub_card: source 10.3389/fphys.2020.00173 has a valid compatibility class
  PASS n2a_interaction_hub_card: source 10.3389/fphys.2020.00173 has a transfer limit
  PASS n2a_interaction_hub_card: source 10.3389/fphys.2020.00173 resolves in references.json
  PASS titin_kinase_card: all required fields are present
  PASS titin_kinase_card: claim is non-empty
  PASS titin_kinase_card: scope is non-empty
  PASS titin_kinase_card: decision is declared vocabulary
  PASS titin_kinase_card: release tier is valid
  PASS titin_kinase_card: audience is valid
  PASS titin_kinase_card: claim evidence class is valid
  PASS titin_kinase_card: render evidence class is valid
  PASS titin_kinase_card: render evidence never exceeds claim evidence
  PASS titin_kinase_card: render meaning is explicit
  PASS titin_kinase_card: non-claims are explicit
  PASS titin_kinase_card: source figures are not copied
  PASS titin_kinase_card: at least one source is present
  PASS titin_kinase_card: stable claim-support binding matches the object ID
  PASS titin_kinase_card: decision, tier, audience, and evidence remain reviewed
  PASS titin_kinase_card: source UniProt:Q8WZ42 has all required fields
  PASS titin_kinase_card: source UniProt:Q8WZ42 has a valid source kind
  PASS titin_kinase_card: source UniProt:Q8WZ42 has an explicit role
  PASS titin_kinase_card: source UniProt:Q8WZ42 has a valid compatibility class
  PASS titin_kinase_card: source UniProt:Q8WZ42 has a transfer limit
  PASS titin_kinase_card: source UniProt:Q8WZ42 resolves in references.json
  PASS titin_kinase_card: source PDB:1TKI+4JNW (Phase 6 measurement, kinase) has all required fields
  PASS titin_kinase_card: source PDB:1TKI+4JNW (Phase 6 measurement, kinase) has a valid source kind
  PASS titin_kinase_card: source PDB:1TKI+4JNW (Phase 6 measurement, kinase) has an explicit role
  PASS titin_kinase_card: source PDB:1TKI+4JNW (Phase 6 measurement, kinase) has a valid compatibility class
  PASS titin_kinase_card: source PDB:1TKI+4JNW (Phase 6 measurement, kinase) has a transfer limit
  PASS titin_kinase_card: source PDB:1TKI+4JNW (Phase 6 measurement, kinase) resolves in references.json
  PASS length_dependent_activation_card: all required fields are present
  PASS length_dependent_activation_card: claim is non-empty
  PASS length_dependent_activation_card: scope is non-empty
  PASS length_dependent_activation_card: decision is declared vocabulary
  PASS length_dependent_activation_card: release tier is valid
  PASS length_dependent_activation_card: audience is valid
  PASS length_dependent_activation_card: claim evidence class is valid
  PASS length_dependent_activation_card: render evidence class is valid
  PASS length_dependent_activation_card: render evidence never exceeds claim evidence
  PASS length_dependent_activation_card: render meaning is explicit
  PASS length_dependent_activation_card: non-claims are explicit
  PASS length_dependent_activation_card: source figures are not copied
  PASS length_dependent_activation_card: at least one source is present
  PASS length_dependent_activation_card: stable claim-support binding matches the object ID
  PASS length_dependent_activation_card: decision, tier, audience, and evidence remain reviewed
  PASS length_dependent_activation_card: source 10.1038/s41467-024-46957-7 has all required fields
  PASS length_dependent_activation_card: source 10.1038/s41467-024-46957-7 has a valid source kind
  PASS length_dependent_activation_card: source 10.1038/s41467-024-46957-7 has an explicit role
  PASS length_dependent_activation_card: source 10.1038/s41467-024-46957-7 has a valid compatibility class
  PASS length_dependent_activation_card: source 10.1038/s41467-024-46957-7 has a transfer limit
  PASS length_dependent_activation_card: source 10.1038/s41467-024-46957-7 resolves in references.json
  PASS thin_filament_regulation_layer: all required fields are present
  PASS thin_filament_regulation_layer: claim is non-empty
  PASS thin_filament_regulation_layer: scope is non-empty
  PASS thin_filament_regulation_layer: decision is declared vocabulary
  PASS thin_filament_regulation_layer: release tier is valid
  PASS thin_filament_regulation_layer: audience is valid
  PASS thin_filament_regulation_layer: claim evidence class is valid
  PASS thin_filament_regulation_layer: render evidence class is valid
  PASS thin_filament_regulation_layer: render evidence never exceeds claim evidence
  PASS thin_filament_regulation_layer: render meaning is explicit
  PASS thin_filament_regulation_layer: non-claims are explicit
  PASS thin_filament_regulation_layer: source figures are not copied
  PASS thin_filament_regulation_layer: at least one source is present
  PASS thin_filament_regulation_layer: stable claim-support binding matches the object ID
  PASS thin_filament_regulation_layer: decision, tier, audience, and evidence remain reviewed
  PASS thin_filament_regulation_layer: omitted/deferred geometry remains UNKNOWN
  PASS thin_filament_regulation_layer: source PDB:6KN7 has all required fields
  PASS thin_filament_regulation_layer: source PDB:6KN7 has a valid source kind
  PASS thin_filament_regulation_layer: source PDB:6KN7 has an explicit role
  PASS thin_filament_regulation_layer: source PDB:6KN7 has a valid compatibility class
  PASS thin_filament_regulation_layer: source PDB:6KN7 has a transfer limit
  PASS thin_filament_regulation_layer: source PDB:6KN7 resolves in references.json
  PASS ai_provenance_pipeline: all required fields are present
  PASS ai_provenance_pipeline: claim is non-empty
  PASS ai_provenance_pipeline: scope is non-empty
  PASS ai_provenance_pipeline: decision is declared vocabulary
  PASS ai_provenance_pipeline: release tier is valid
  PASS ai_provenance_pipeline: audience is valid
  PASS ai_provenance_pipeline: claim evidence class is valid
  PASS ai_provenance_pipeline: render evidence class is valid
  PASS ai_provenance_pipeline: render evidence never exceeds claim evidence
  PASS ai_provenance_pipeline: render meaning is explicit
  PASS ai_provenance_pipeline: non-claims are explicit
  PASS ai_provenance_pipeline: source figures are not copied
  PASS ai_provenance_pipeline: at least one source is present
  PASS ai_provenance_pipeline: stable claim-support binding matches the object ID
  PASS ai_provenance_pipeline: decision, tier, audience, and evidence remain reviewed
  PASS ai_provenance_pipeline: source data/geometry_strategy.json has all required fields
  PASS ai_provenance_pipeline: source data/geometry_strategy.json has a valid source kind
  PASS ai_provenance_pipeline: source data/geometry_strategy.json has an explicit role
  PASS ai_provenance_pipeline: source data/geometry_strategy.json has a valid compatibility class
  PASS ai_provenance_pipeline: source data/geometry_strategy.json has a transfer limit
  PASS ai_provenance_pipeline: source data/geometry_strategy.json resolves to a repository file
  PASS ai_provenance_pipeline: source scripts/validate_geometry.py has all required fields
  PASS ai_provenance_pipeline: source scripts/validate_geometry.py has a valid source kind
  PASS ai_provenance_pipeline: source scripts/validate_geometry.py has an explicit role
  PASS ai_provenance_pipeline: source scripts/validate_geometry.py has a valid compatibility class
  PASS ai_provenance_pipeline: source scripts/validate_geometry.py has a transfer limit
  PASS ai_provenance_pipeline: source scripts/validate_geometry.py resolves to a repository file
  PASS all cross-tissue and isolated-structure sources retain reviewed transfer classifications

== External bibliography completeness and linkability ==
  PASS 10.1016/j.cell.2021.02.047: admitted source has complete citation metadata
  PASS 10.1016/j.cell.2021.02.047: identifier matches the registry key
  PASS 10.1016/j.cell.2021.02.047: publication year is numeric
  PASS 10.1016/j.cell.2021.02.047: DOI is directly linkable
  PASS 10.1016/j.jmb.2015.08.018: admitted source has complete citation metadata
  PASS 10.1016/j.jmb.2015.08.018: identifier matches the registry key
  PASS 10.1016/j.jmb.2015.08.018: publication year is numeric
  PASS 10.1016/j.jmb.2015.08.018: DOI is directly linkable
  PASS 10.1016/j.jmb.2020.06.025: admitted source has complete citation metadata
  PASS 10.1016/j.jmb.2020.06.025: identifier matches the registry key
  PASS 10.1016/j.jmb.2020.06.025: publication year is numeric
  PASS 10.1016/j.jmb.2020.06.025: DOI is directly linkable
  PASS 10.1016/j.jmb.2021.166901: admitted source has complete citation metadata
  PASS 10.1016/j.jmb.2021.166901: identifier matches the registry key
  PASS 10.1016/j.jmb.2021.166901: publication year is numeric
  PASS 10.1016/j.jmb.2021.166901: DOI is directly linkable
  PASS 10.1038/embor.2010.65: admitted source has complete citation metadata
  PASS 10.1038/embor.2010.65: identifier matches the registry key
  PASS 10.1038/embor.2010.65: publication year is numeric
  PASS 10.1038/embor.2010.65: DOI is directly linkable
  PASS 10.1038/nature04343: admitted source has complete citation metadata
  PASS 10.1038/nature04343: identifier matches the registry key
  PASS 10.1038/nature04343: publication year is numeric
  PASS 10.1038/nature04343: DOI is directly linkable
  PASS 10.1038/s41467-024-46957-7: admitted source has complete citation metadata
  PASS 10.1038/s41467-024-46957-7: identifier matches the registry key
  PASS 10.1038/s41467-024-46957-7: publication year is numeric
  PASS 10.1038/s41467-024-46957-7: DOI is directly linkable
  PASS 10.1038/s41586-023-06690-5: admitted source has complete citation metadata
  PASS 10.1038/s41586-023-06690-5: identifier matches the registry key
  PASS 10.1038/s41586-023-06690-5: publication year is numeric
  PASS 10.1038/s41586-023-06690-5: DOI is directly linkable
  PASS 10.1083/jcb.106.5.1563: admitted source has complete citation metadata
  PASS 10.1083/jcb.106.5.1563: identifier matches the registry key
  PASS 10.1083/jcb.106.5.1563: publication year is numeric
  PASS 10.1083/jcb.106.5.1563: DOI is directly linkable
  PASS 10.1083/jcb.134.6.1441: admitted source has complete citation metadata
  PASS 10.1083/jcb.134.6.1441: identifier matches the registry key
  PASS 10.1083/jcb.134.6.1441: publication year is numeric
  PASS 10.1083/jcb.134.6.1441: DOI is directly linkable
  PASS 10.1083/jcb.140.4.853: admitted source has complete citation metadata
  PASS 10.1083/jcb.140.4.853: identifier matches the registry key
  PASS 10.1083/jcb.140.4.853: publication year is numeric
  PASS 10.1083/jcb.140.4.853: DOI is directly linkable
  PASS 10.1085/jgp.202012713: admitted source has complete citation metadata
  PASS 10.1085/jgp.202012713: identifier matches the registry key
  PASS 10.1085/jgp.202012713: publication year is numeric
  PASS 10.1085/jgp.202012713: DOI is directly linkable
  PASS 10.1152/ajpheart.2000.279.5.h2568: admitted source has complete citation metadata
  PASS 10.1152/ajpheart.2000.279.5.h2568: identifier matches the registry key
  PASS 10.1152/ajpheart.2000.279.5.h2568: publication year is numeric
  PASS 10.1152/ajpheart.2000.279.5.h2568: DOI is directly linkable
  PASS 10.3389/fphys.2020.00173: admitted source has complete citation metadata
  PASS 10.3389/fphys.2020.00173: identifier matches the registry key
  PASS 10.3389/fphys.2020.00173: publication year is numeric
  PASS 10.3389/fphys.2020.00173: DOI is directly linkable
  PASS PDB:1TKI+4JNW (Phase 6 measurement, kinase): admitted source has complete citation metadata
  PASS PDB:1TKI+4JNW (Phase 6 measurement, kinase): identifier matches the registry key
  PASS PDB:1TKI+4JNW (Phase 6 measurement, kinase): publication year is numeric
  PASS PDB:1TKI+4JNW (Phase 6 measurement, kinase): derived PDB record exposes leaf dependencies
  PASS PDB:1TKI+4JNW (Phase 6 measurement, kinase): dependency PDB:1TKI resolves
  PASS PDB:1TKI+4JNW (Phase 6 measurement, kinase): dependency PDB:1TKI is directly linkable
  PASS PDB:1TKI+4JNW (Phase 6 measurement, kinase): dependency PDB:4JNW resolves
  PASS PDB:1TKI+4JNW (Phase 6 measurement, kinase): dependency PDB:4JNW is directly linkable
  PASS PDB:6KN7: admitted source has complete citation metadata
  PASS PDB:6KN7: identifier matches the registry key
  PASS PDB:6KN7: publication year is numeric
  PASS PDB:6KN7: PDB accession is directly linkable
  PASS UniProt:Q8WZ42: admitted source has complete citation metadata
  PASS UniProt:Q8WZ42: identifier matches the registry key
  PASS UniProt:Q8WZ42: publication year is numeric
  PASS UniProt:Q8WZ42: UniProt identifier is directly linkable

== Admission decisions and negative boundaries ==
  PASS MyBP-C blocks cardiac coordinates, a rigid bridge, and unsourced direct titin contact
  PASS M1 omission distinguishes the midpoint marker and blocks cardiac transfer
  PASS global negative-control set has the reviewed size
  PASS negative controls cover cardiac titin
  PASS negative controls cover m1 density
  PASS negative controls cover 160 nm
  PASS negative controls cover telethonin
  PASS negative controls cover activation
  PASS negative controls cover source figure

== Primary-source identities ==
  PASS 10.1038/nature04343: author identity is correct
  PASS 10.1038/nature04343: title identity is correct
  PASS 10.1038/embor.2010.65: author identity is correct
  PASS 10.1038/embor.2010.65: title identity is correct
  PASS 10.1083/jcb.134.6.1441: author identity is correct
  PASS 10.1083/jcb.134.6.1441: title identity is correct
  PASS 10.1038/s41586-023-06691-4: author identity is correct
  PASS 10.1038/s41586-023-06691-4: title identity is correct
  PASS 10.1038/s41586-023-06690-5: author identity is correct
  PASS 10.1038/s41586-023-06690-5: title identity is correct
  PASS 10.1038/s41467-024-46957-7: author identity is correct
  PASS 10.1038/s41467-024-46957-7: title identity is correct
  PASS PDB:6KN7: author identity is correct
  PASS PDB:6KN7: title identity is correct
  PASS PDB:8G4L: author identity is correct
  PASS PDB:8G4L: title identity is correct

============================================
ALL SHOWCASE CLAIM CHECKS PASSED (20 objects, migrated from e43c9fc807d1)

> titin-visualization@0.3.0 validate:presentation
> python3 scripts/validate_presentation.py

PRESENTATION VALIDATION PASSED
  PASS required IDs, targets, sources, evidence strength, scope, presets, chapters, expert cards and shortcuts

> titin-visualization@0.3.0 validate:annotations
> python3 scripts/validate_annotations.py

ANNOTATION VALIDATION PASSED
  PASS coverage, evidence, bindings, citations, links, copy, and UI source resolution

> titin-visualization@0.3.0 validate:scope
> python3 scripts/validate_scientific_scope.py

SC-20 scientific scope: PASS (owner-authorized rulings and transfer limits are explicit)

> titin-visualization@0.3.0 validate:sequence
> python3 scripts/validate_sequence_features.py

Sequence authority: PASS (285 pinned domains; frozen SC-19 evidence; approved SD-01 partition reconciled)

> titin-visualization@0.3.0 validate:claims
> python3 scripts/validate_claim_support.py

SC-19 claim support: PASS (27 inventoried claims; approval provenance is explicit)

> titin-visualization@0.3.0 validate:decisions
> python3 scripts/validate_scientific_decisions.py

SC-20 scientific decisions: PASS ({'SD-01': 'APPROVED', 'SD-02': 'DEFERRED', 'SD-03': 'APPROVED', 'SD-04': 'APPROVED', 'SD-05': 'APPROVED'}; no independent human review claimed)

> titin-visualization@0.3.0 validate:citations
> python3 scripts/validate_citations.py

SC-19 citation registry closure: PASS (45 identifiers; semantic entailment is NOT asserted)

> titin-visualization@0.3.0 validate:sc20
> python3 scripts/validate_sc20.py

SC-20 cross-record validation: PASS

> titin-visualization@0.3.0 validate:mechanical-parameters
> python3 scripts/validate_mechanical_parameters.py

Mechanical parameter validation: PASS (13 parameters; SD-04 regime-bound)

> titin-visualization@0.3.0 validate:render-style
> python3 scripts/validate_render_style.py

SC-20/25 render style: PASS (seeded, bounded, endpoint-preserving, SCHEMATIC; reviewed pick priority)

> titin-visualization@0.3.0 validate:exports
> node scripts/validate_research_exports.mjs

SC-26 RESEARCH EXPORTS VALID (4 states)
  2000 nm · supported · state 78783b0e41b1
  2200 nm · supported · state 50a17a2b18e8
  2400 nm · supported · state 87e8eca2e094
  1900 nm · not_evaluated · state 0ee500ca53e5

> titin-visualization@0.3.0 validate:gates
> python3 scripts/validate_release_gates.py

== Record shape ==
  PASS release-gate schema is titin-showcase-release-gates/2
  PASS status vocabulary is exactly PENDING/PASS/FAIL
  PASS all required v2 sections exist (missing: [])
  PASS release_ready is a boolean

== Check records and section rollups ==
  PASS accessibility: check IDs are unique
  PASS accessibility.contrast: has an ID
  PASS accessibility.contrast: status is valid
  PASS accessibility.contrast: verification kind is valid
  PASS accessibility.contrast: requirement is stated
  PASS accessibility.contrast: automated PASS names a real verifier
  PASS accessibility.object_contrast: has an ID
  PASS accessibility.object_contrast: status is valid
  PASS accessibility.object_contrast: verification kind is valid
  PASS accessibility.object_contrast: requirement is stated
  PASS accessibility.object_contrast: automated PASS names a real verifier
  PASS accessibility.keyboard_route: has an ID
  PASS accessibility.keyboard_route: status is valid
  PASS accessibility.keyboard_route: verification kind is valid
  PASS accessibility.keyboard_route: requirement is stated
  PASS accessibility.focus_order: has an ID
  PASS accessibility.focus_order: status is valid
  PASS accessibility.focus_order: verification kind is valid
  PASS accessibility.focus_order: requirement is stated
  PASS accessibility.touch_targets: has an ID
  PASS accessibility.touch_targets: status is valid
  PASS accessibility.touch_targets: verification kind is valid
  PASS accessibility.touch_targets: requirement is stated
  PASS accessibility.reduced_motion: has an ID
  PASS accessibility.reduced_motion: status is valid
  PASS accessibility.reduced_motion: verification kind is valid
  PASS accessibility.reduced_motion: requirement is stated
  PASS accessibility.reduced_motion: automated PASS names a real verifier
  PASS accessibility.not_colour_only: has an ID
  PASS accessibility.not_colour_only: status is valid
  PASS accessibility.not_colour_only: verification kind is valid
  PASS accessibility.not_colour_only: requirement is stated
  PASS accessibility.text_zoom: has an ID
  PASS accessibility.text_zoom: status is valid
  PASS accessibility.text_zoom: verification kind is valid
  PASS accessibility.text_zoom: requirement is stated
  PASS accessibility: outstanding checks prevent section PASS
  PASS artifact_identity: check IDs are unique
  PASS artifact_identity.model_fingerprint: has an ID
  PASS artifact_identity.model_fingerprint: status is valid
  PASS artifact_identity.model_fingerprint: verification kind is valid
  PASS artifact_identity.model_fingerprint: requirement is stated
  PASS artifact_identity.model_fingerprint: automated PASS names a real verifier
  PASS artifact_identity.app_revision: has an ID
  PASS artifact_identity.app_revision: status is valid
  PASS artifact_identity.app_revision: verification kind is valid
  PASS artifact_identity.app_revision: requirement is stated
  PASS artifact_identity.app_revision: automated PASS names a real verifier
  PASS artifact_identity.build_inputs_fingerprint: has an ID
  PASS artifact_identity.build_inputs_fingerprint: status is valid
  PASS artifact_identity.build_inputs_fingerprint: verification kind is valid
  PASS artifact_identity.build_inputs_fingerprint: requirement is stated
  PASS artifact_identity.build_inputs_fingerprint: automated PASS names a real verifier
  PASS artifact_identity.raw_artifact: has an ID
  PASS artifact_identity.raw_artifact: status is valid
  PASS artifact_identity.raw_artifact: verification kind is valid
  PASS artifact_identity.raw_artifact: requirement is stated
  PASS artifact_identity.raw_artifact: automated PASS names a real verifier
  PASS artifact_identity.detached_manifest: has an ID
  PASS artifact_identity.detached_manifest: status is valid
  PASS artifact_identity.detached_manifest: verification kind is valid
  PASS artifact_identity.detached_manifest: requirement is stated
  PASS artifact_identity.detached_manifest: automated PASS names a real verifier
  PASS artifact_identity.candidate_evidence_boundary: has an ID
  PASS artifact_identity.candidate_evidence_boundary: status is valid
  PASS artifact_identity.candidate_evidence_boundary: verification kind is valid
  PASS artifact_identity.candidate_evidence_boundary: requirement is stated
  PASS artifact_identity.candidate_evidence_boundary: automated PASS names a real verifier
  PASS artifact_identity: section PASS reflects every check
  PASS automated: check IDs are unique
  PASS automated.presentation_integrity: has an ID
  PASS automated.presentation_integrity: status is valid
  PASS automated.presentation_integrity: verification kind is valid
  PASS automated.presentation_integrity: requirement is stated
  PASS automated.presentation_integrity: automated PASS names a real verifier
  PASS automated.model_unchanged: has an ID
  PASS automated.model_unchanged: status is valid
  PASS automated.model_unchanged: verification kind is valid
  PASS automated.model_unchanged: requirement is stated
  PASS automated.model_unchanged: automated PASS names a real verifier
  PASS automated.cross_muscle_transfer: has an ID
  PASS automated.cross_muscle_transfer: status is valid
  PASS automated.cross_muscle_transfer: verification kind is valid
  PASS automated.cross_muscle_transfer: requirement is stated
  PASS automated.cross_muscle_transfer: automated PASS names a real verifier
  PASS automated.mybpc_schematic: has an ID
  PASS automated.mybpc_schematic: status is valid
  PASS automated.mybpc_schematic: verification kind is valid
  PASS automated.mybpc_schematic: requirement is stated
  PASS automated.mybpc_schematic: automated PASS names a real verifier
  PASS automated.bare_zone_mband: has an ID
  PASS automated.bare_zone_mband: status is valid
  PASS automated.bare_zone_mband: verification kind is valid
  PASS automated.bare_zone_mband: requirement is stated
  PASS automated.bare_zone_mband: automated PASS names a real verifier
  PASS automated.zdisc_topology: has an ID
  PASS automated.zdisc_topology: status is valid
  PASS automated.zdisc_topology: verification kind is valid
  PASS automated.zdisc_topology: requirement is stated
  PASS automated.zdisc_topology: automated PASS names a real verifier
  PASS automated.tooltip_evidence: has an ID
  PASS automated.tooltip_evidence: status is valid
  PASS automated.tooltip_evidence: verification kind is valid
  PASS automated.tooltip_evidence: requirement is stated
  PASS automated.tooltip_evidence: automated PASS names a real verifier
  PASS automated.lattice_parity: has an ID
  PASS automated.lattice_parity: status is valid
  PASS automated.lattice_parity: verification kind is valid
  PASS automated.lattice_parity: requirement is stated
  PASS automated.lattice_parity: automated PASS names a real verifier
  PASS automated.url_state: has an ID
  PASS automated.url_state: status is valid
  PASS automated.url_state: verification kind is valid
  PASS automated.url_state: requirement is stated
  PASS automated.url_state: automated PASS names a real verifier
  PASS automated.titin_continuity: has an ID
  PASS automated.titin_continuity: status is valid
  PASS automated.titin_continuity: verification kind is valid
  PASS automated.titin_continuity: requirement is stated
  PASS automated.titin_continuity: automated PASS names a real verifier
  PASS automated.disordered_coil_schematic: has an ID
  PASS automated.disordered_coil_schematic: status is valid
  PASS automated.disordered_coil_schematic: verification kind is valid
  PASS automated.disordered_coil_schematic: requirement is stated
  PASS automated.disordered_coil_schematic: automated PASS names a real verifier
  PASS automated.domains_not_occluded: has an ID
  PASS automated.domains_not_occluded: status is valid
  PASS automated.domains_not_occluded: verification kind is valid
  PASS automated.domains_not_occluded: requirement is stated
  PASS automated.domains_not_occluded: automated PASS names a real verifier
  PASS automated.anchor_envelope_ghost_is_not_evidence: has an ID
  PASS automated.anchor_envelope_ghost_is_not_evidence: status is valid
  PASS automated.anchor_envelope_ghost_is_not_evidence: verification kind is valid
  PASS automated.anchor_envelope_ghost_is_not_evidence: requirement is stated
  PASS automated.anchor_envelope_ghost_is_not_evidence: automated PASS names a real verifier
  PASS automated.clamped_body_not_occluded: has an ID
  PASS automated.clamped_body_not_occluded: status is valid
  PASS automated.clamped_body_not_occluded: verification kind is valid
  PASS automated.clamped_body_not_occluded: requirement is stated
  PASS automated.clamped_body_not_occluded: automated PASS names a real verifier
  PASS automated.domain_backbone_provenance: has an ID
  PASS automated.domain_backbone_provenance: status is valid
  PASS automated.domain_backbone_provenance: verification kind is valid
  PASS automated.domain_backbone_provenance: requirement is stated
  PASS automated.domain_backbone_provenance: automated PASS names a real verifier
  PASS automated: section PASS reflects every check
  PASS browser_qa: check IDs are unique
  PASS browser_qa.source_boot: has an ID
  PASS browser_qa.source_boot: status is valid
  PASS browser_qa.source_boot: verification kind is valid
  PASS browser_qa.source_boot: requirement is stated
  PASS browser_qa.source_boot: automated PASS names a real verifier
  PASS browser_qa.standalone_boot: has an ID
  PASS browser_qa.standalone_boot: status is valid
  PASS browser_qa.standalone_boot: verification kind is valid
  PASS browser_qa.standalone_boot: requirement is stated
  PASS browser_qa.standalone_boot: automated PASS names a real verifier
  PASS browser_qa.webgl_fallback: has an ID
  PASS browser_qa.webgl_fallback: status is valid
  PASS browser_qa.webgl_fallback: verification kind is valid
  PASS browser_qa.webgl_fallback: requirement is stated
  PASS browser_qa.webgl_fallback: automated PASS names a real verifier
  PASS browser_qa.drawer_routing: has an ID
  PASS browser_qa.drawer_routing: status is valid
  PASS browser_qa.drawer_routing: verification kind is valid
  PASS browser_qa.drawer_routing: requirement is stated
  PASS browser_qa.drawer_routing: automated PASS names a real verifier
  PASS browser_qa.titin_pick_coverage: has an ID
  PASS browser_qa.titin_pick_coverage: status is valid
  PASS browser_qa.titin_pick_coverage: verification kind is valid
  PASS browser_qa.titin_pick_coverage: requirement is stated
  PASS browser_qa.titin_pick_coverage: automated PASS names a real verifier
  PASS browser_qa.pick_proxy_non_rendering: has an ID
  PASS browser_qa.pick_proxy_non_rendering: status is valid
  PASS browser_qa.pick_proxy_non_rendering: verification kind is valid
  PASS browser_qa.pick_proxy_non_rendering: requirement is stated
  PASS browser_qa.pick_proxy_non_rendering: automated PASS names a real verifier
  PASS browser_qa.inspection_affordance: has an ID
  PASS browser_qa.inspection_affordance: status is valid
  PASS browser_qa.inspection_affordance: verification kind is valid
  PASS browser_qa.inspection_affordance: requirement is stated
  PASS browser_qa.inspection_affordance: automated PASS names a real verifier
  PASS browser_qa.inspector_control_clearance: has an ID
  PASS browser_qa.inspector_control_clearance: status is valid
  PASS browser_qa.inspector_control_clearance: verification kind is valid
  PASS browser_qa.inspector_control_clearance: requirement is stated
  PASS browser_qa.inspector_control_clearance: automated PASS names a real verifier
  PASS browser_qa: section PASS reflects every check
  PASS claim_entailment: check IDs are unique
  PASS claim_entailment.atomic_claim_support: has an ID
  PASS claim_entailment.atomic_claim_support: status is valid
  PASS claim_entailment.atomic_claim_support: verification kind is valid
  PASS claim_entailment.atomic_claim_support: requirement is stated
  PASS claim_entailment.transfer_review: has an ID
  PASS claim_entailment.transfer_review: status is valid
  PASS claim_entailment.transfer_review: verification kind is valid
  PASS claim_entailment.transfer_review: requirement is stated
  PASS claim_entailment: outstanding checks prevent section PASS
  PASS demo_rehearsal: check IDs are unique
  PASS demo_rehearsal.open_both: has an ID
  PASS demo_rehearsal.open_both: status is valid
  PASS demo_rehearsal.open_both: verification kind is valid
  PASS demo_rehearsal.open_both: requirement is stated
  PASS demo_rehearsal.same_build: has an ID
  PASS demo_rehearsal.same_build: status is valid
  PASS demo_rehearsal.same_build: verification kind is valid
  PASS demo_rehearsal.same_build: requirement is stated
  PASS demo_rehearsal.guided_route_on_display: has an ID
  PASS demo_rehearsal.guided_route_on_display: status is valid
  PASS demo_rehearsal.guided_route_on_display: verification kind is valid
  PASS demo_rehearsal.guided_route_on_display: requirement is stated
  PASS demo_rehearsal.rendering_check: has an ID
  PASS demo_rehearsal.rendering_check: status is valid
  PASS demo_rehearsal.rendering_check: verification kind is valid
  PASS demo_rehearsal.rendering_check: requirement is stated
  PASS demo_rehearsal.reset_and_shortcuts: has an ID
  PASS demo_rehearsal.reset_and_shortcuts: status is valid
  PASS demo_rehearsal.reset_and_shortcuts: verification kind is valid
  PASS demo_rehearsal.reset_and_shortcuts: requirement is stated
  PASS demo_rehearsal.fallback_available: has an ID
  PASS demo_rehearsal.fallback_available: status is valid
  PASS demo_rehearsal.fallback_available: verification kind is valid
  PASS demo_rehearsal.fallback_available: requirement is stated
  PASS demo_rehearsal: outstanding checks prevent section PASS
  PASS deployment_parity: check IDs are unique
  PASS deployment_parity.staging_identity: has an ID
  PASS deployment_parity.staging_identity: status is valid
  PASS deployment_parity.staging_identity: verification kind is valid
  PASS deployment_parity.staging_identity: requirement is stated
  PASS deployment_parity.production_identity: has an ID
  PASS deployment_parity.production_identity: status is valid
  PASS deployment_parity.production_identity: verification kind is valid
  PASS deployment_parity.production_identity: requirement is stated
  PASS deployment_parity: outstanding checks prevent section PASS
  PASS destructive_controls: check IDs are unique
  PASS destructive_controls.cardiac_mybpc_coordinate: has an ID
  PASS destructive_controls.cardiac_mybpc_coordinate: status is valid
  PASS destructive_controls.cardiac_mybpc_coordinate: verification kind is valid
  PASS destructive_controls.cardiac_mybpc_coordinate: requirement is stated
  PASS destructive_controls.cardiac_mybpc_coordinate: automated PASS names a real verifier
  PASS destructive_controls.mybpc_promoted: has an ID
  PASS destructive_controls.mybpc_promoted: status is valid
  PASS destructive_controls.mybpc_promoted: verification kind is valid
  PASS destructive_controls.mybpc_promoted: requirement is stated
  PASS destructive_controls.mybpc_promoted: automated PASS names a real verifier
  PASS destructive_controls.mline_box: has an ID
  PASS destructive_controls.mline_box: status is valid
  PASS destructive_controls.mline_box: verification kind is valid
  PASS destructive_controls.mline_box: requirement is stated
  PASS destructive_controls.mline_box: automated PASS names a real verifier
  PASS destructive_controls.single_titin_sandwich: has an ID
  PASS destructive_controls.single_titin_sandwich: status is valid
  PASS destructive_controls.single_titin_sandwich: verification kind is valid
  PASS destructive_controls.single_titin_sandwich: requirement is stated
  PASS destructive_controls.single_titin_sandwich: automated PASS names a real verifier
  PASS destructive_controls.unsourced_presentation_claim: has an ID
  PASS destructive_controls.unsourced_presentation_claim: status is valid
  PASS destructive_controls.unsourced_presentation_claim: verification kind is valid
  PASS destructive_controls.unsourced_presentation_claim: requirement is stated
  PASS destructive_controls.unsourced_presentation_claim: automated PASS names a real verifier
  PASS destructive_controls.length_activation_coupling: has an ID
  PASS destructive_controls.length_activation_coupling: status is valid
  PASS destructive_controls.length_activation_coupling: verification kind is valid
  PASS destructive_controls.length_activation_coupling: requirement is stated
  PASS destructive_controls.length_activation_coupling: automated PASS names a real verifier
  PASS destructive_controls.selection_changes_geometry: has an ID
  PASS destructive_controls.selection_changes_geometry: status is valid
  PASS destructive_controls.selection_changes_geometry: verification kind is valid
  PASS destructive_controls.selection_changes_geometry: requirement is stated
  PASS destructive_controls.selection_changes_geometry: automated PASS names a real verifier
  PASS destructive_controls: section PASS reflects every check
  PASS expert_review: check IDs are unique
  PASS final_release_definition: check IDs are unique
  PASS lay_comprehension: check IDs are unique
  PASS mechanical_validity: check IDs are unique
  PASS mechanical_validity.parameter_authority: has an ID
  PASS mechanical_validity.parameter_authority: status is valid
  PASS mechanical_validity.parameter_authority: verification kind is valid
  PASS mechanical_validity.parameter_authority: requirement is stated
  PASS mechanical_validity.parameter_authority: automated PASS names a real verifier
  PASS mechanical_validity.regime_and_uncertainty: has an ID
  PASS mechanical_validity.regime_and_uncertainty: status is valid
  PASS mechanical_validity.regime_and_uncertainty: verification kind is valid
  PASS mechanical_validity.regime_and_uncertainty: requirement is stated
  PASS mechanical_validity.regime_and_uncertainty: automated PASS names a real verifier
  PASS mechanical_validity.independent_reproduction: has an ID
  PASS mechanical_validity.independent_reproduction: status is valid
  PASS mechanical_validity.independent_reproduction: verification kind is valid
  PASS mechanical_validity.independent_reproduction: requirement is stated
  PASS mechanical_validity: outstanding checks prevent section PASS
  PASS performance: check IDs are unique
  PASS performance.no_per_frame_rebuild: has an ID
  PASS performance.no_per_frame_rebuild: status is valid
  PASS performance.no_per_frame_rebuild: verification kind is valid
  PASS performance.no_per_frame_rebuild: requirement is stated
  PASS performance.no_per_frame_rebuild: automated PASS names a real verifier
  PASS performance.instancing_retained: has an ID
  PASS performance.instancing_retained: status is valid
  PASS performance.instancing_retained: verification kind is valid
  PASS performance.instancing_retained: requirement is stated
  PASS performance.instancing_retained: automated PASS names a real verifier
  PASS performance.resource_stability: has an ID
  PASS performance.resource_stability: status is valid
  PASS performance.resource_stability: verification kind is valid
  PASS performance.resource_stability: requirement is stated
  PASS performance.resource_stability: automated PASS names a real verifier
  PASS performance.lod_gates: has an ID
  PASS performance.lod_gates: status is valid
  PASS performance.lod_gates: verification kind is valid
  PASS performance.lod_gates: requirement is stated
  PASS performance.lod_gates: automated PASS names a real verifier
  PASS performance.standalone_size: has an ID
  PASS performance.standalone_size: status is valid
  PASS performance.standalone_size: verification kind is valid
  PASS performance.standalone_size: requirement is stated
  PASS performance.standalone_size: automated PASS names a real verifier
  PASS performance.overlay_on_change: has an ID
  PASS performance.overlay_on_change: status is valid
  PASS performance.overlay_on_change: verification kind is valid
  PASS performance.overlay_on_change: requirement is stated
  PASS performance.overlay_on_change: automated PASS names a real verifier
  PASS performance.target_hardware: has an ID
  PASS performance.target_hardware: status is valid
  PASS performance.target_hardware: verification kind is valid
  PASS performance.target_hardware: requirement is stated
  PASS performance: outstanding checks prevent section PASS
  PASS release_artifacts: check IDs are unique
  PASS release_artifacts.standalone: has an ID
  PASS release_artifacts.standalone: status is valid
  PASS release_artifacts.standalone: verification kind is valid
  PASS release_artifacts.standalone: requirement is stated
  PASS release_artifacts.standalone: automated PASS names a real verifier
  PASS release_artifacts.pages_deployment: has an ID
  PASS release_artifacts.pages_deployment: status is valid
  PASS release_artifacts.pages_deployment: verification kind is valid
  PASS release_artifacts.pages_deployment: requirement is stated
  PASS release_artifacts.pages_deployment: automated PASS names a real verifier
  PASS release_artifacts.readme: has an ID
  PASS release_artifacts.readme: status is valid
  PASS release_artifacts.readme: verification kind is valid
  PASS release_artifacts.readme: requirement is stated
  PASS release_artifacts.readme: automated PASS names a real verifier
  PASS release_artifacts.claim_matrix: has an ID
  PASS release_artifacts.claim_matrix: status is valid
  PASS release_artifacts.claim_matrix: verification kind is valid
  PASS release_artifacts.claim_matrix: requirement is stated
  PASS release_artifacts.claim_matrix: automated PASS names a real verifier
  PASS release_artifacts.screenshot_pack: has an ID
  PASS release_artifacts.screenshot_pack: status is valid
  PASS release_artifacts.screenshot_pack: verification kind is valid
  PASS release_artifacts.screenshot_pack: requirement is stated
  PASS release_artifacts.screenshot_pack: automated PASS names a real verifier
  PASS release_artifacts.limitations: has an ID
  PASS release_artifacts.limitations: status is valid
  PASS release_artifacts.limitations: verification kind is valid
  PASS release_artifacts.limitations: requirement is stated
  PASS release_artifacts.limitations: automated PASS names a real verifier
  PASS release_artifacts.presenter_script: has an ID
  PASS release_artifacts.presenter_script: status is valid
  PASS release_artifacts.presenter_script: verification kind is valid
  PASS release_artifacts.presenter_script: requirement is stated
  PASS release_artifacts.presenter_script: automated PASS names a real verifier
  PASS release_artifacts.preflight_checklist: has an ID
  PASS release_artifacts.preflight_checklist: status is valid
  PASS release_artifacts.preflight_checklist: verification kind is valid
  PASS release_artifacts.preflight_checklist: requirement is stated
  PASS release_artifacts.preflight_checklist: automated PASS names a real verifier
  PASS release_artifacts.fallback_pack: has an ID
  PASS release_artifacts.fallback_pack: status is valid
  PASS release_artifacts.fallback_pack: verification kind is valid
  PASS release_artifacts.fallback_pack: requirement is stated
  PASS release_artifacts.fallback_pack: automated PASS names a real verifier
  PASS release_artifacts.build_identity: has an ID
  PASS release_artifacts.build_identity: status is valid
  PASS release_artifacts.build_identity: verification kind is valid
  PASS release_artifacts.build_identity: requirement is stated
  PASS release_artifacts.build_identity: automated PASS names a real verifier
  PASS release_artifacts: section PASS reflects every check
  PASS scientific_decisions: check IDs are unique
  PASS visual_matrix: check IDs are unique
  PASS visual_matrix.matrix_reproducible: has an ID
  PASS visual_matrix.matrix_reproducible: status is valid
  PASS visual_matrix.matrix_reproducible: verification kind is valid
  PASS visual_matrix.matrix_reproducible: requirement is stated
  PASS visual_matrix.matrix_reproducible: automated PASS names a real verifier
  PASS visual_matrix.captured: has an ID
  PASS visual_matrix.captured: status is valid
  PASS visual_matrix.captured: verification kind is valid
  PASS visual_matrix.captured: requirement is stated
  PASS visual_matrix.human_review: has an ID
  PASS visual_matrix.human_review: status is valid
  PASS visual_matrix.human_review: verification kind is valid
  PASS visual_matrix.human_review: requirement is stated
  PASS visual_matrix: outstanding checks prevent section PASS
  PASS artifact identity uses required IDs (missing: [])

== Append-only evidence references ==
  PASS accessibility: evidence_refs is an append-only list
  PASS claim_entailment: evidence_refs is an append-only list
  PASS demo_rehearsal: evidence_refs is an append-only list
  PASS deployment_parity: evidence_refs is an append-only list
  PASS expert_review: evidence_refs is an append-only list
  PASS lay_comprehension: evidence_refs is an append-only list
  PASS mechanical_validity: evidence_refs is an append-only list
  PASS performance: evidence_refs is an append-only list
  PASS scientific_decisions: evidence_refs is an append-only list
  PASS visual_matrix: evidence_refs is an append-only list

== Declared colour pairs ==
  PASS SC-18 text pairs exist (missing: [])
  PASS object_contrast_pairs: IDs match the canonical role map
  PASS contrast_pairs: pairs are declared
  PASS contrast_pairs.body_text: colours are #rrggbb
  PASS contrast_pairs.body_text: positive contrast floor exists
  PASS contrast_pairs.body_text: 15.78:1 meets 4.5:1
  PASS contrast_pairs.body_text: #e6ebf1 ships in src/index.template.html
  PASS contrast_pairs.body_text: #0e1116 ships in src/index.template.html
  PASS contrast_pairs.drawer_text: colours are #rrggbb
  PASS contrast_pairs.drawer_text: positive contrast floor exists
  PASS contrast_pairs.drawer_text: 14.43:1 meets 4.5:1
  PASS contrast_pairs.drawer_text: #e6ebf1 ships in src/index.template.html
  PASS contrast_pairs.drawer_text: #161b22 ships in src/index.template.html
  PASS contrast_pairs.dim_text: colours are #rrggbb
  PASS contrast_pairs.dim_text: positive contrast floor exists
  PASS contrast_pairs.dim_text: 6.83:1 meets 4.5:1
  PASS contrast_pairs.dim_text: #98a4b3 ships in src/index.template.html
  PASS contrast_pairs.dim_text: #161b22 ships in src/index.template.html
  PASS contrast_pairs.titin_identity: colours are #rrggbb
  PASS contrast_pairs.titin_identity: positive contrast floor exists
  PASS contrast_pairs.titin_identity: 5.86:1 meets 4.5:1
  PASS contrast_pairs.titin_identity: #ff5d7d ships in src/index.template.html
  PASS contrast_pairs.titin_identity: #161b22 ships in src/index.template.html
  PASS contrast_pairs.button_text: colours are #rrggbb
  PASS contrast_pairs.button_text: positive contrast floor exists
  PASS contrast_pairs.button_text: 12.71:1 meets 4.5:1
  PASS contrast_pairs.button_text: #e6ebf1 ships in src/index.template.html
  PASS contrast_pairs.button_text: #1f2630 ships in src/index.template.html
  PASS contrast_pairs.focus_ring: colours are #rrggbb
  PASS contrast_pairs.focus_ring: positive contrast floor exists
  PASS contrast_pairs.focus_ring: 11.54:1 meets 3:1
  PASS contrast_pairs.focus_ring: #f2d06b ships in src/index.template.html
  PASS contrast_pairs.focus_ring: #161b22 ships in src/index.template.html
  PASS contrast_pairs.caveat_text: colours are #rrggbb
  PASS contrast_pairs.caveat_text: positive contrast floor exists
  PASS contrast_pairs.caveat_text: 8.88:1 meets 4.5:1
  PASS contrast_pairs.caveat_text: #c9b989 ships in src/index.template.html
  PASS contrast_pairs.caveat_text: #161b22 ships in src/index.template.html
  PASS contrast_pairs.pipeline_records: colours are #rrggbb
  PASS contrast_pairs.pipeline_records: positive contrast floor exists
  PASS contrast_pairs.pipeline_records: 5.00:1 meets 4.5:1
  PASS contrast_pairs.pipeline_records: #7f8b9c ships in src/index.template.html
  PASS contrast_pairs.pipeline_records: #161b22 ships in src/index.template.html
  PASS contrast_pairs.finding_established: colours are #rrggbb
  PASS contrast_pairs.finding_established: positive contrast floor exists
  PASS contrast_pairs.finding_established: 8.50:1 meets 4.5:1
  PASS contrast_pairs.finding_established: #7fc4a2 ships in src/index.template.html
  PASS contrast_pairs.finding_established: #161b22 ships in src/index.template.html
  PASS contrast_pairs.finding_proposed: colours are #rrggbb
  PASS contrast_pairs.finding_proposed: positive contrast floor exists
  PASS contrast_pairs.finding_proposed: 10.12:1 meets 4.5:1
  PASS contrast_pairs.finding_proposed: #e8c16d ships in src/index.template.html
  PASS contrast_pairs.finding_proposed: #161b22 ships in src/index.template.html
  PASS contrast_pairs.finding_open: colours are #rrggbb
  PASS contrast_pairs.finding_open: positive contrast floor exists
  PASS contrast_pairs.finding_open: 7.08:1 meets 4.5:1
  PASS contrast_pairs.finding_open: #9aa7b8 ships in src/index.template.html
  PASS contrast_pairs.finding_open: #161b22 ships in src/index.template.html
  PASS contrast_pairs.tour_mechanics_label: colours are #rrggbb
  PASS contrast_pairs.tour_mechanics_label: positive contrast floor exists
  PASS contrast_pairs.tour_mechanics_label: 7.47:1 meets 4.5:1
  PASS contrast_pairs.tour_mechanics_label: #98a4b3 ships in src/index.template.html
  PASS contrast_pairs.tour_mechanics_label: #0e1116 ships in src/index.template.html
  PASS contrast_pairs.tour_length_readout: colours are #rrggbb
  PASS contrast_pairs.tour_length_readout: positive contrast floor exists
  PASS contrast_pairs.tour_length_readout: 15.78:1 meets 4.5:1
  PASS contrast_pairs.tour_length_readout: #e6ebf1 ships in src/index.template.html
  PASS contrast_pairs.tour_length_readout: #0e1116 ships in src/index.template.html
  PASS contrast_pairs.stage_play_active: colours are #rrggbb
  PASS contrast_pairs.stage_play_active: positive contrast floor exists
  PASS contrast_pairs.stage_play_active: 6.18:1 meets 4.5:1
  PASS contrast_pairs.stage_play_active: #2a0a13 ships in src/index.template.html
  PASS contrast_pairs.stage_play_active: #ff5d7d ships in src/index.template.html
  PASS contrast_pairs.stage_force_label: colours are #rrggbb
  PASS contrast_pairs.stage_force_label: positive contrast floor exists
  PASS contrast_pairs.stage_force_label: 14.45:1 meets 4.5:1
  PASS contrast_pairs.stage_force_label: #ffd7e0 ships in src/index.template.html
  PASS contrast_pairs.stage_force_label: #0e1116 ships in src/index.template.html
  PASS contrast_pairs.stage_force_class: colours are #rrggbb
  PASS contrast_pairs.stage_force_class: positive contrast floor exists
  PASS contrast_pairs.stage_force_class: 11.06:1 meets 4.5:1
  PASS contrast_pairs.stage_force_class: #e8c16d ships in src/index.template.html
  PASS contrast_pairs.stage_force_class: #0e1116 ships in src/index.template.html
  PASS contrast_pairs.source_link: colours are #rrggbb
  PASS contrast_pairs.source_link: positive contrast floor exists
  PASS contrast_pairs.source_link: 10.15:1 meets 4.5:1
  PASS contrast_pairs.source_link: #a9c9f2 ships in src/index.template.html
  PASS contrast_pairs.source_link: #161b22 ships in src/index.template.html
  PASS object_contrast_pairs: pairs are declared
  PASS object_contrast_pairs.actin_vs_myosin_guided: colours are #rrggbb
  PASS object_contrast_pairs.actin_vs_myosin_guided: positive contrast floor exists
  PASS object_contrast_pairs.actin_vs_myosin_guided: 1.77:1 meets 1.7:1
  PASS object_contrast_pairs.actin_vs_myosin_guided: colours match canonical roles presentation.guided_component_colors.thin_filament / presentation.guided_component_colors.thick_filament
  PASS object_contrast_pairs.actin_vs_crowns_guided: colours are #rrggbb
  PASS object_contrast_pairs.actin_vs_crowns_guided: positive contrast floor exists
  PASS object_contrast_pairs.actin_vs_crowns_guided: 1.74:1 meets 1.7:1
  PASS object_contrast_pairs.actin_vs_crowns_guided: colours match canonical roles presentation.guided_component_colors.thin_filament / presentation.guided_component_colors.myosin_head
  PASS object_contrast_pairs.myosin_vs_stage_guided: colours are #rrggbb
  PASS object_contrast_pairs.myosin_vs_stage_guided: positive contrast floor exists
  PASS object_contrast_pairs.myosin_vs_stage_guided: 1.95:1 meets 1.9:1
  PASS object_contrast_pairs.myosin_vs_stage_guided: colours match canonical roles presentation.guided_component_colors.thick_filament / presentation.stage_background.lightest
  PASS object_contrast_pairs.titin_vs_stage_guided: colours are #rrggbb
  PASS object_contrast_pairs.titin_vs_stage_guided: positive contrast floor exists
  PASS object_contrast_pairs.titin_vs_stage_guided: 6.41:1 meets 5.5:1
  PASS object_contrast_pairs.titin_vs_stage_guided: colours match canonical roles presentation.titin_emphasis.identity_color / presentation.stage_background.lightest
  PASS object_contrast_pairs.titin_vs_myosin_guided: colours are #rrggbb
  PASS object_contrast_pairs.titin_vs_myosin_guided: positive contrast floor exists
  PASS object_contrast_pairs.titin_vs_myosin_guided: 3.28:1 meets 2.6:1
  PASS object_contrast_pairs.titin_vs_myosin_guided: colours match canonical roles presentation.titin_emphasis.identity_color / presentation.guided_component_colors.thick_filament
  PASS object_contrast_pairs.titin_vs_actin_guided: colours are #rrggbb
  PASS object_contrast_pairs.titin_vs_actin_guided: positive contrast floor exists
  PASS object_contrast_pairs.titin_vs_actin_guided: 1.86:1 meets 1.7:1
  PASS object_contrast_pairs.titin_vs_actin_guided: colours match canonical roles presentation.titin_emphasis.identity_color / presentation.guided_component_colors.thin_filament

== Scientific and human protocol IDs ==
  PASS scientific_decisions requires SD-01 through SD-05
  PASS all five scientific decisions have status rows
  PASS SD-01: decision status is valid
  PASS SD-02: decision status is valid
  PASS SD-03: decision status is valid
  PASS SD-04: decision status is valid
  PASS SD-05: decision status is valid
  PASS lay protocol ID is stable
  PASS lay protocol uses the exact eight ordered question IDs
  PASS lay protocol requires five participants
  PASS each participant sees one candidate
  PASS coaching is forbidden
  PASS every lay question requires 4/5 correct
  PASS distinguish_motor requires 5/5 correct
  PASS PENDING lay gate has no fabricated results
  PASS expert protocol ID is stable
  PASS expert protocol requires sequence/structure and mechanics
  PASS expert protocol check IDs and role coverage are exact
  PASS expert PASS permits no unresolved CRITICAL/MAJOR finding
  PASS expert PASS requires independent reviewers
  PASS PENDING expert gate invents no reviewer

== Final release definition and blockers ==
  PASS final condition IDs are stable (missing: [])
  PASS phase_gates: status is valid
  PASS phase_gates: statement exists
  PASS phase_gates: PASS names a verifier
  PASS claim_metadata: status is valid
  PASS claim_metadata: statement exists
  PASS claim_metadata: PASS names a verifier
  PASS no_cross_muscle: status is valid
  PASS no_cross_muscle: statement exists
  PASS no_cross_muscle: PASS names a verifier
  PASS titin_continuity: status is valid
  PASS titin_continuity: statement exists
  PASS titin_continuity: blocker names a gate section
  PASS titin_continuity: blocker 'visual_matrix' is genuinely outstanding
  PASS bare_zone_distinct: status is valid
  PASS bare_zone_distinct: statement exists
  PASS bare_zone_distinct: PASS names a verifier
  PASS zdisc_topology: status is valid
  PASS zdisc_topology: statement exists
  PASS zdisc_topology: PASS names a verifier
  PASS mybpc_honest: status is valid
  PASS mybpc_honest: statement exists
  PASS mybpc_honest: PASS names a verifier
  PASS lattice_legible: status is valid
  PASS lattice_legible: statement exists
  PASS lattice_legible: blocker names a gate section
  PASS lattice_legible: blocker 'visual_matrix' is genuinely outstanding
  PASS novice_comprehension: status is valid
  PASS novice_comprehension: statement exists
  PASS novice_comprehension: blocker names a gate section
  PASS novice_comprehension: blocker 'lay_comprehension' is genuinely outstanding
  PASS expert_clear: status is valid
  PASS expert_clear: statement exists
  PASS expert_clear: blocker names a gate section
  PASS expert_clear: blocker 'expert_review' is genuinely outstanding
  PASS outputs_agree: status is valid
  PASS outputs_agree: statement exists
  PASS outputs_agree: blocker names a gate section
  PASS outputs_agree: blocker 'deployment_parity' is genuinely outstanding
  PASS rehearsal_and_fallback: status is valid
  PASS rehearsal_and_fallback: statement exists
  PASS rehearsal_and_fallback: blocker names a gate section
  PASS rehearsal_and_fallback: blocker 'demo_rehearsal' is genuinely outstanding
  PASS release blocker IDs are unique
  PASS blocker 'claim_entailment' is a real section
  PASS blocker 'claim_entailment' is not already PASS
  PASS blocker 'mechanical_validity' is a real section
  PASS blocker 'mechanical_validity' is not already PASS
  PASS blocker 'deployment_parity' is a real section
  PASS blocker 'deployment_parity' is not already PASS
  PASS blocker 'visual_matrix' is a real section
  PASS blocker 'visual_matrix' is not already PASS
  PASS blocker 'accessibility' is a real section
  PASS blocker 'accessibility' is not already PASS
  PASS blocker 'performance' is a real section
  PASS blocker 'performance' is not already PASS
  PASS blocker 'demo_rehearsal' is a real section
  PASS blocker 'demo_rehearsal' is not already PASS
  PASS blocker 'lay_comprehension' is a real section
  PASS blocker 'lay_comprehension' is not already PASS
  PASS blocker 'expert_review' is a real section
  PASS blocker 'expert_review' is not already PASS
  PASS blocker 'final_release_definition' is a real section
  PASS blocker 'final_release_definition' is not already PASS
  PASS every outstanding gate is visible (missing: [])
  PASS release_ready is false because at least one gate is outstanding

============================================
ALL RELEASE-GATE V2 CHECKS PASSED

> titin-visualization@0.3.0 check:matrix
> node scripts/capture_visual_matrix.mjs --check

visual matrix is well formed (48 reproducible cells, 4 viewports, 9 groups)

> titin-visualization@0.3.0 validate:python
> .venv/bin/python scripts/smoke_structure_pipeline.py

structure pipeline smoke: PASS
